trade_flow,period_date,year,month_number,month_name,hs_code,product_category,product_description,partner_country,record_type,trade_value_usd_million,observation_status,reported_quantity_unit,source_report_date,source_value_column,source_file
import,2018-01-01,2018,1,January,71011010,Natural Pearls,Natural (real) pearls - unworked,CHINA P RP,PARTNER,0.01,R,KGS,2026-08-20,Jan-2018  (R),gemstrategy_data/raw/import/71011010/71011010_2018_01.html
import,2018-01-01,2018,1,January,71011010,Natural Pearls,Natural (real) pearls - unworked,FRANCE,PARTNER,0.0,R,KGS,2026-08-20,Jan-2018  (R),gemstrategy_data/raw/import/71011010/71011010_2018_01.html
import,2018-01-01,2018,1,January,71011010,Natural Pearls,Natural (real) pearls - unworked,HONG KONG,PARTNER,0.0,R,KGS,2026-08-20,Jan-2018  (R),gemstrategy_data/raw/import/71011010/71011010_2018_01.html
import,2018-01-01,2018,1,January,71011010,Natural Pearls,Natural (real) pearls - unworked,INDONESIA,PARTNER,0.0,R,KGS,2026-08-20,Jan-2018  (R),gemstrategy_data/raw/import/71011010/71011010_2018_01.html
import,2018-01-01,2018,1,January,71011010,Natural Pearls,Natural (real) pearls - unworked,JAPAN,PARTNER,0.0,R,KGS,2026-08-20,Jan-2018  (R),gemstrategy_data/raw/import/71011010/71011010_2018_01.html
import,2018-01-01,2018,1,January,71011010,Natural Pearls,Natural (real) pearls - unworked,MEXICO,PARTNER,0.0,R,KGS,2026-08-20,Jan-2018  (R),gemstrategy_data/raw/import/71011010/71011010_2018_01.html
import,2018-01-01,2018,1,January,71011010,Natural Pearls,Natural (real) pearls - unworked,SPAIN,PARTNER,0.0,R,KGS,2026-08-20,Jan-2018  (R),gemstrategy_data/raw/import/71011010/71011010_2018_01.html
import,2018-01-01,2018,1,January,71011010,Natural Pearls,Natural (real) pearls - unworked,SWITZERLAND,PARTNER,0.0,R,KGS,2026-08-20,Jan-2018  (R),gemstrategy_data/raw/import/71011010/71011010_2018_01.html
import,2018-01-01,2018,1,January,71011010,Natural Pearls,Natural (real) pearls - unworked,U S A,PARTNER,0.0,R,KGS,2026-08-20,Jan-2018  (R),gemstrategy_data/raw/import/71011010/71011010_2018_01.html
import,2018-01-01,2018,1,January,71011010,Natural Pearls,Natural (real) pearls - unworked,UNSPECIFIED,PARTNER,0.0,R,KGS,2026-08-20,Jan-2018  (R),gemstrategy_data/raw/import/71011010/71011010_2018_01.html
import,2018-01-01,2018,1,January,71011010,Natural Pearls,Natural (real) pearls - unworked,Total,TOTAL,0.01,R,KGS,2026-08-20,Jan-2018  (R),gemstrategy_data/raw/import/71011010/71011010_2018_01.html
import,2018-01-01,2018,1,January,71011020,Natural Pearls,Natural (real) pearls - worked,CHINA P RP,PARTNER,0.01,R,KGS,2026-08-20,Jan-2018  (R),gemstrategy_data/raw/import/71011020/71011020_2018_01.html
import,2018-01-01,2018,1,January,71011020,Natural Pearls,Natural (real) pearls - worked,FRANCE,PARTNER,0.0,R,KGS,2026-08-20,Jan-2018  (R),gemstrategy_data/raw/import/71011020/71011020_2018_01.html
import,2018-01-01,2018,1,January,71011020,Natural Pearls,Natural (real) pearls - worked,GERMANY,PARTNER,0.0,R,KGS,2026-08-20,Jan-2018  (R),gemstrategy_data/raw/import/71011020/71011020_2018_01.html
import,2018-01-01,2018,1,January,71011020,Natural Pearls,Natural (real) pearls - worked,HONG KONG,PARTNER,0.0,R,KGS,2026-08-20,Jan-2018  (R),gemstrategy_data/raw/import/71011020/71011020_2018_01.html
import,2018-01-01,2018,1,January,71011020,Natural Pearls,Natural (real) pearls - worked,INDONESIA,PARTNER,0.0,R,KGS,2026-08-20,Jan-2018  (R),gemstrategy_data/raw/import/71011020/71011020_2018_01.html
import,2018-01-01,2018,1,January,71011020,Natural Pearls,Natural (real) pearls - worked,ITALY,PARTNER,0.0,R,KGS,2026-08-20,Jan-2018  (R),gemstrategy_data/raw/import/71011020/71011020_2018_01.html
import,2018-01-01,2018,1,January,71011020,Natural Pearls,Natural (real) pearls - worked,JAPAN,PARTNER,0.0,R,KGS,2026-08-20,Jan-2018  (R),gemstrategy_data/raw/import/71011020/71011020_2018_01.html
import,2018-01-01,2018,1,January,71011020,Natural Pearls,Natural (real) pearls - worked,SPAIN,PARTNER,0.0,R,KGS,2026-08-20,Jan-2018  (R),gemstrategy_data/raw/import/71011020/71011020_2018_01.html
import,2018-01-01,2018,1,January,71011020,Natural Pearls,Natural (real) pearls - worked,SWITZERLAND,PARTNER,0.0,R,KGS,2026-08-20,Jan-2018  (R),gemstrategy_data/raw/import/71011020/71011020_2018_01.html
import,2018-01-01,2018,1,January,71011020,Natural Pearls,Natural (real) pearls - worked,THAILAND,PARTNER,0.0,R,KGS,2026-08-20,Jan-2018  (R),gemstrategy_data/raw/import/71011020/71011020_2018_01.html
import,2018-01-01,2018,1,January,71011020,Natural Pearls,Natural (real) pearls - worked,U ARAB EMTS,PARTNER,0.0,R,KGS,2026-08-20,Jan-2018  (R),gemstrategy_data/raw/import/71011020/71011020_2018_01.html
import,2018-01-01,2018,1,January,71011020,Natural Pearls,Natural (real) pearls - worked,U S A,PARTNER,0.0,R,KGS,2026-08-20,Jan-2018  (R),gemstrategy_data/raw/import/71011020/71011020_2018_01.html
import,2018-01-01,2018,1,January,71011020,Natural Pearls,Natural (real) pearls - worked,UNSPECIFIED,PARTNER,0.0,R,KGS,2026-08-20,Jan-2018  (R),gemstrategy_data/raw/import/71011020/71011020_2018_01.html
import,2018-01-01,2018,1,January,71011020,Natural Pearls,Natural (real) pearls - worked,Total,TOTAL,0.02,R,KGS,2026-08-20,Jan-2018  (R),gemstrategy_data/raw/import/71011020/71011020_2018_01.html
import,2018-01-01,2018,1,January,71012100,Cultured Pearls,Cultured pearls - unworked,CHINA P RP,PARTNER,1.02,R,KGS,2026-08-20,Jan-2018  (R),gemstrategy_data/raw/import/71012100/71012100_2018_01.html
import,2018-01-01,2018,1,January,71012100,Cultured Pearls,Cultured pearls - unworked,GERMANY,PARTNER,0.01,R,KGS,2026-08-20,Jan-2018  (R),gemstrategy_data/raw/import/71012100/71012100_2018_01.html
import,2018-01-01,2018,1,January,71012100,Cultured Pearls,Cultured pearls - unworked,HONG KONG,PARTNER,0.13,R,KGS,2026-08-20,Jan-2018  (R),gemstrategy_data/raw/import/71012100/71012100_2018_01.html
import,2018-01-01,2018,1,January,71012100,Cultured Pearls,Cultured pearls - unworked,INDONESIA,PARTNER,0.04,R,KGS,2026-08-20,Jan-2018  (R),gemstrategy_data/raw/import/71012100/71012100_2018_01.html
import,2018-01-01,2018,1,January,71012100,Cultured Pearls,Cultured pearls - unworked,ITALY,PARTNER,0.0,R,KGS,2026-08-20,Jan-2018  (R),gemstrategy_data/raw/import/71012100/71012100_2018_01.html
import,2018-01-01,2018,1,January,71012100,Cultured Pearls,Cultured pearls - unworked,JAPAN,PARTNER,0.0,R,KGS,2026-08-20,Jan-2018  (R),gemstrategy_data/raw/import/71012100/71012100_2018_01.html
import,2018-01-01,2018,1,January,71012100,Cultured Pearls,Cultured pearls - unworked,KOREA RP,PARTNER,0.0,R,KGS,2026-08-20,Jan-2018  (R),gemstrategy_data/raw/import/71012100/71012100_2018_01.html
import,2018-01-01,2018,1,January,71012100,Cultured Pearls,Cultured pearls - unworked,PHILIPPINES,PARTNER,0.0,R,KGS,2026-08-20,Jan-2018  (R),gemstrategy_data/raw/import/71012100/71012100_2018_01.html
import,2018-01-01,2018,1,January,71012100,Cultured Pearls,Cultured pearls - unworked,SPAIN,PARTNER,0.0,R,KGS,2026-08-20,Jan-2018  (R),gemstrategy_data/raw/import/71012100/71012100_2018_01.html
import,2018-01-01,2018,1,January,71012100,Cultured Pearls,Cultured pearls - unworked,SWITZERLAND,PARTNER,0.0,R,KGS,2026-08-20,Jan-2018  (R),gemstrategy_data/raw/import/71012100/71012100_2018_01.html
import,2018-01-01,2018,1,January,71012100,Cultured Pearls,Cultured pearls - unworked,TAIWAN,PARTNER,0.0,R,KGS,2026-08-20,Jan-2018  (R),gemstrategy_data/raw/import/71012100/71012100_2018_01.html
import,2018-01-01,2018,1,January,71012100,Cultured Pearls,Cultured pearls - unworked,THAILAND,PARTNER,0.0,R,KGS,2026-08-20,Jan-2018  (R),gemstrategy_data/raw/import/71012100/71012100_2018_01.html
import,2018-01-01,2018,1,January,71012100,Cultured Pearls,Cultured pearls - unworked,U ARAB EMTS,PARTNER,0.0,R,KGS,2026-08-20,Jan-2018  (R),gemstrategy_data/raw/import/71012100/71012100_2018_01.html
import,2018-01-01,2018,1,January,71012100,Cultured Pearls,Cultured pearls - unworked,U S A,PARTNER,0.01,R,KGS,2026-08-20,Jan-2018  (R),gemstrategy_data/raw/import/71012100/71012100_2018_01.html
import,2018-01-01,2018,1,January,71012100,Cultured Pearls,Cultured pearls - unworked,UNSPECIFIED,PARTNER,0.0,R,KGS,2026-08-20,Jan-2018  (R),gemstrategy_data/raw/import/71012100/71012100_2018_01.html
import,2018-01-01,2018,1,January,71012100,Cultured Pearls,Cultured pearls - unworked,Total,TOTAL,1.2,R,KGS,2026-08-20,Jan-2018  (R),gemstrategy_data/raw/import/71012100/71012100_2018_01.html
import,2018-01-01,2018,1,January,71012200,Cultured Pearls,Cultured pearls - worked,CHINA P RP,PARTNER,0.0,R,KGS,2026-08-20,Jan-2018  (R),gemstrategy_data/raw/import/71012200/71012200_2018_01.html
import,2018-01-01,2018,1,January,71012200,Cultured Pearls,Cultured pearls - worked,FRANCE,PARTNER,0.0,R,KGS,2026-08-20,Jan-2018  (R),gemstrategy_data/raw/import/71012200/71012200_2018_01.html
import,2018-01-01,2018,1,January,71012200,Cultured Pearls,Cultured pearls - worked,GERMANY,PARTNER,0.01,R,KGS,2026-08-20,Jan-2018  (R),gemstrategy_data/raw/import/71012200/71012200_2018_01.html
import,2018-01-01,2018,1,January,71012200,Cultured Pearls,Cultured pearls - worked,HONG KONG,PARTNER,184.78,R,KGS,2026-08-20,Jan-2018  (R),gemstrategy_data/raw/import/71012200/71012200_2018_01.html
import,2018-01-01,2018,1,January,71012200,Cultured Pearls,Cultured pearls - worked,INDONESIA,PARTNER,0.0,R,KGS,2026-08-20,Jan-2018  (R),gemstrategy_data/raw/import/71012200/71012200_2018_01.html
import,2018-01-01,2018,1,January,71012200,Cultured Pearls,Cultured pearls - worked,ITALY,PARTNER,0.13,R,KGS,2026-08-20,Jan-2018  (R),gemstrategy_data/raw/import/71012200/71012200_2018_01.html
import,2018-01-01,2018,1,January,71012200,Cultured Pearls,Cultured pearls - worked,JAPAN,PARTNER,0.0,R,KGS,2026-08-20,Jan-2018  (R),gemstrategy_data/raw/import/71012200/71012200_2018_01.html
import,2018-01-01,2018,1,January,71012200,Cultured Pearls,Cultured pearls - worked,KOREA RP,PARTNER,0.0,R,KGS,2026-08-20,Jan-2018  (R),gemstrategy_data/raw/import/71012200/71012200_2018_01.html
import,2018-01-01,2018,1,January,71012200,Cultured Pearls,Cultured pearls - worked,MAURITIUS,PARTNER,0.0,R,KGS,2026-08-20,Jan-2018  (R),gemstrategy_data/raw/import/71012200/71012200_2018_01.html
import,2018-01-01,2018,1,January,71012200,Cultured Pearls,Cultured pearls - worked,MEXICO,PARTNER,0.0,R,KGS,2026-08-20,Jan-2018  (R),gemstrategy_data/raw/import/71012200/71012200_2018_01.html
import,2018-01-01,2018,1,January,71012200,Cultured Pearls,Cultured pearls - worked,SPAIN,PARTNER,0.0,R,KGS,2026-08-20,Jan-2018  (R),gemstrategy_data/raw/import/71012200/71012200_2018_01.html
import,2018-01-01,2018,1,January,71012200,Cultured Pearls,Cultured pearls - worked,THAILAND,PARTNER,0.0,R,KGS,2026-08-20,Jan-2018  (R),gemstrategy_data/raw/import/71012200/71012200_2018_01.html
import,2018-01-01,2018,1,January,71012200,Cultured Pearls,Cultured pearls - worked,U ARAB EMTS,PARTNER,15.43,R,KGS,2026-08-20,Jan-2018  (R),gemstrategy_data/raw/import/71012200/71012200_2018_01.html
import,2018-01-01,2018,1,January,71012200,Cultured Pearls,Cultured pearls - worked,U K,PARTNER,0.0,R,KGS,2026-08-20,Jan-2018  (R),gemstrategy_data/raw/import/71012200/71012200_2018_01.html
import,2018-01-01,2018,1,January,71012200,Cultured Pearls,Cultured pearls - worked,U S A,PARTNER,0.0,R,KGS,2026-08-20,Jan-2018  (R),gemstrategy_data/raw/import/71012200/71012200_2018_01.html
import,2018-01-01,2018,1,January,71012200,Cultured Pearls,Cultured pearls - worked,UNSPECIFIED,PARTNER,0.0,R,KGS,2026-08-20,Jan-2018  (R),gemstrategy_data/raw/import/71012200/71012200_2018_01.html
import,2018-01-01,2018,1,January,71012200,Cultured Pearls,Cultured pearls - worked,VIETNAM SOC REP,PARTNER,0.0,R,KGS,2026-08-20,Jan-2018  (R),gemstrategy_data/raw/import/71012200/71012200_2018_01.html
import,2018-01-01,2018,1,January,71012200,Cultured Pearls,Cultured pearls - worked,Total,TOTAL,200.35,R,KGS,2026-08-20,Jan-2018  (R),gemstrategy_data/raw/import/71012200/71012200_2018_01.html
import,2018-02-01,2018,2,February,71011010,Natural Pearls,Natural (real) pearls - unworked,CHINA P RP,PARTNER,0.0,R,KGS,2026-08-20,Feb-2018  (R),gemstrategy_data/raw/import/71011010/71011010_2018_02.html
import,2018-02-01,2018,2,February,71011010,Natural Pearls,Natural (real) pearls - unworked,FRANCE,PARTNER,0.0,R,KGS,2026-08-20,Feb-2018  (R),gemstrategy_data/raw/import/71011010/71011010_2018_02.html
import,2018-02-01,2018,2,February,71011010,Natural Pearls,Natural (real) pearls - unworked,HONG KONG,PARTNER,0.0,R,KGS,2026-08-20,Feb-2018  (R),gemstrategy_data/raw/import/71011010/71011010_2018_02.html
import,2018-02-01,2018,2,February,71011010,Natural Pearls,Natural (real) pearls - unworked,INDONESIA,PARTNER,0.0,R,KGS,2026-08-20,Feb-2018  (R),gemstrategy_data/raw/import/71011010/71011010_2018_02.html
import,2018-02-01,2018,2,February,71011010,Natural Pearls,Natural (real) pearls - unworked,JAPAN,PARTNER,0.0,R,KGS,2026-08-20,Feb-2018  (R),gemstrategy_data/raw/import/71011010/71011010_2018_02.html
import,2018-02-01,2018,2,February,71011010,Natural Pearls,Natural (real) pearls - unworked,MEXICO,PARTNER,0.0,R,KGS,2026-08-20,Feb-2018  (R),gemstrategy_data/raw/import/71011010/71011010_2018_02.html
import,2018-02-01,2018,2,February,71011010,Natural Pearls,Natural (real) pearls - unworked,SPAIN,PARTNER,0.0,R,KGS,2026-08-20,Feb-2018  (R),gemstrategy_data/raw/import/71011010/71011010_2018_02.html
import,2018-02-01,2018,2,February,71011010,Natural Pearls,Natural (real) pearls - unworked,SWITZERLAND,PARTNER,0.0,R,KGS,2026-08-20,Feb-2018  (R),gemstrategy_data/raw/import/71011010/71011010_2018_02.html
import,2018-02-01,2018,2,February,71011010,Natural Pearls,Natural (real) pearls - unworked,U S A,PARTNER,0.0,R,KGS,2026-08-20,Feb-2018  (R),gemstrategy_data/raw/import/71011010/71011010_2018_02.html
import,2018-02-01,2018,2,February,71011010,Natural Pearls,Natural (real) pearls - unworked,UNSPECIFIED,PARTNER,0.04,R,KGS,2026-08-20,Feb-2018  (R),gemstrategy_data/raw/import/71011010/71011010_2018_02.html
import,2018-02-01,2018,2,February,71011010,Natural Pearls,Natural (real) pearls - unworked,Total,TOTAL,0.04,R,KGS,2026-08-20,Feb-2018  (R),gemstrategy_data/raw/import/71011010/71011010_2018_02.html
import,2018-02-01,2018,2,February,71011020,Natural Pearls,Natural (real) pearls - worked,BAHARAIN IS,PARTNER,0.08,R,KGS,2026-08-20,Feb-2018  (R),gemstrategy_data/raw/import/71011020/71011020_2018_02.html
import,2018-02-01,2018,2,February,71011020,Natural Pearls,Natural (real) pearls - worked,CHINA P RP,PARTNER,0.0,R,KGS,2026-08-20,Feb-2018  (R),gemstrategy_data/raw/import/71011020/71011020_2018_02.html
import,2018-02-01,2018,2,February,71011020,Natural Pearls,Natural (real) pearls - worked,FRANCE,PARTNER,0.0,R,KGS,2026-08-20,Feb-2018  (R),gemstrategy_data/raw/import/71011020/71011020_2018_02.html
import,2018-02-01,2018,2,February,71011020,Natural Pearls,Natural (real) pearls - worked,GERMANY,PARTNER,0.0,R,KGS,2026-08-20,Feb-2018  (R),gemstrategy_data/raw/import/71011020/71011020_2018_02.html
import,2018-02-01,2018,2,February,71011020,Natural Pearls,Natural (real) pearls - worked,HONG KONG,PARTNER,0.0,R,KGS,2026-08-20,Feb-2018  (R),gemstrategy_data/raw/import/71011020/71011020_2018_02.html
import,2018-02-01,2018,2,February,71011020,Natural Pearls,Natural (real) pearls - worked,INDONESIA,PARTNER,0.0,R,KGS,2026-08-20,Feb-2018  (R),gemstrategy_data/raw/import/71011020/71011020_2018_02.html
import,2018-02-01,2018,2,February,71011020,Natural Pearls,Natural (real) pearls - worked,ITALY,PARTNER,0.0,R,KGS,2026-08-20,Feb-2018  (R),gemstrategy_data/raw/import/71011020/71011020_2018_02.html
import,2018-02-01,2018,2,February,71011020,Natural Pearls,Natural (real) pearls - worked,JAPAN,PARTNER,0.01,R,KGS,2026-08-20,Feb-2018  (R),gemstrategy_data/raw/import/71011020/71011020_2018_02.html
import,2018-02-01,2018,2,February,71011020,Natural Pearls,Natural (real) pearls - worked,SPAIN,PARTNER,0.0,R,KGS,2026-08-20,Feb-2018  (R),gemstrategy_data/raw/import/71011020/71011020_2018_02.html
import,2018-02-01,2018,2,February,71011020,Natural Pearls,Natural (real) pearls - worked,SWITZERLAND,PARTNER,0.0,R,KGS,2026-08-20,Feb-2018  (R),gemstrategy_data/raw/import/71011020/71011020_2018_02.html
import,2018-02-01,2018,2,February,71011020,Natural Pearls,Natural (real) pearls - worked,THAILAND,PARTNER,0.0,R,KGS,2026-08-20,Feb-2018  (R),gemstrategy_data/raw/import/71011020/71011020_2018_02.html
import,2018-02-01,2018,2,February,71011020,Natural Pearls,Natural (real) pearls - worked,U ARAB EMTS,PARTNER,0.0,R,KGS,2026-08-20,Feb-2018  (R),gemstrategy_data/raw/import/71011020/71011020_2018_02.html
import,2018-02-01,2018,2,February,71011020,Natural Pearls,Natural (real) pearls - worked,U S A,PARTNER,0.0,R,KGS,2026-08-20,Feb-2018  (R),gemstrategy_data/raw/import/71011020/71011020_2018_02.html
import,2018-02-01,2018,2,February,71011020,Natural Pearls,Natural (real) pearls - worked,UNSPECIFIED,PARTNER,0.0,R,KGS,2026-08-20,Feb-2018  (R),gemstrategy_data/raw/import/71011020/71011020_2018_02.html
import,2018-02-01,2018,2,February,71011020,Natural Pearls,Natural (real) pearls - worked,Total,TOTAL,0.1,R,KGS,2026-08-20,Feb-2018  (R),gemstrategy_data/raw/import/71011020/71011020_2018_02.html
import,2018-02-01,2018,2,February,71012100,Cultured Pearls,Cultured pearls - unworked,CHINA P RP,PARTNER,0.49,R,KGS,2026-08-20,Feb-2018  (R),gemstrategy_data/raw/import/71012100/71012100_2018_02.html
import,2018-02-01,2018,2,February,71012100,Cultured Pearls,Cultured pearls - unworked,GERMANY,PARTNER,0.0,R,KGS,2026-08-20,Feb-2018  (R),gemstrategy_data/raw/import/71012100/71012100_2018_02.html
import,2018-02-01,2018,2,February,71012100,Cultured Pearls,Cultured pearls - unworked,HONG KONG,PARTNER,0.0,R,KGS,2026-08-20,Feb-2018  (R),gemstrategy_data/raw/import/71012100/71012100_2018_02.html
import,2018-02-01,2018,2,February,71012100,Cultured Pearls,Cultured pearls - unworked,INDONESIA,PARTNER,0.0,R,KGS,2026-08-20,Feb-2018  (R),gemstrategy_data/raw/import/71012100/71012100_2018_02.html
import,2018-02-01,2018,2,February,71012100,Cultured Pearls,Cultured pearls - unworked,ITALY,PARTNER,0.0,R,KGS,2026-08-20,Feb-2018  (R),gemstrategy_data/raw/import/71012100/71012100_2018_02.html
import,2018-02-01,2018,2,February,71012100,Cultured Pearls,Cultured pearls - unworked,JAPAN,PARTNER,0.0,R,KGS,2026-08-20,Feb-2018  (R),gemstrategy_data/raw/import/71012100/71012100_2018_02.html
import,2018-02-01,2018,2,February,71012100,Cultured Pearls,Cultured pearls - unworked,KOREA RP,PARTNER,0.0,R,KGS,2026-08-20,Feb-2018  (R),gemstrategy_data/raw/import/71012100/71012100_2018_02.html
import,2018-02-01,2018,2,February,71012100,Cultured Pearls,Cultured pearls - unworked,PHILIPPINES,PARTNER,0.0,R,KGS,2026-08-20,Feb-2018  (R),gemstrategy_data/raw/import/71012100/71012100_2018_02.html
import,2018-02-01,2018,2,February,71012100,Cultured Pearls,Cultured pearls - unworked,SPAIN,PARTNER,0.0,R,KGS,2026-08-20,Feb-2018  (R),gemstrategy_data/raw/import/71012100/71012100_2018_02.html
import,2018-02-01,2018,2,February,71012100,Cultured Pearls,Cultured pearls - unworked,SWITZERLAND,PARTNER,0.0,R,KGS,2026-08-20,Feb-2018  (R),gemstrategy_data/raw/import/71012100/71012100_2018_02.html
import,2018-02-01,2018,2,February,71012100,Cultured Pearls,Cultured pearls - unworked,TAIWAN,PARTNER,0.0,R,KGS,2026-08-20,Feb-2018  (R),gemstrategy_data/raw/import/71012100/71012100_2018_02.html
import,2018-02-01,2018,2,February,71012100,Cultured Pearls,Cultured pearls - unworked,THAILAND,PARTNER,0.0,R,KGS,2026-08-20,Feb-2018  (R),gemstrategy_data/raw/import/71012100/71012100_2018_02.html
import,2018-02-01,2018,2,February,71012100,Cultured Pearls,Cultured pearls - unworked,U ARAB EMTS,PARTNER,0.0,R,KGS,2026-08-20,Feb-2018  (R),gemstrategy_data/raw/import/71012100/71012100_2018_02.html
import,2018-02-01,2018,2,February,71012100,Cultured Pearls,Cultured pearls - unworked,U S A,PARTNER,0.0,R,KGS,2026-08-20,Feb-2018  (R),gemstrategy_data/raw/import/71012100/71012100_2018_02.html
import,2018-02-01,2018,2,February,71012100,Cultured Pearls,Cultured pearls - unworked,UNSPECIFIED,PARTNER,0.0,R,KGS,2026-08-20,Feb-2018  (R),gemstrategy_data/raw/import/71012100/71012100_2018_02.html
import,2018-02-01,2018,2,February,71012100,Cultured Pearls,Cultured pearls - unworked,Total,TOTAL,0.5,R,KGS,2026-08-20,Feb-2018  (R),gemstrategy_data/raw/import/71012100/71012100_2018_02.html
import,2018-02-01,2018,2,February,71012200,Cultured Pearls,Cultured pearls - worked,CHINA P RP,PARTNER,0.28,R,KGS,2026-08-20,Feb-2018  (R),gemstrategy_data/raw/import/71012200/71012200_2018_02.html
import,2018-02-01,2018,2,February,71012200,Cultured Pearls,Cultured pearls - worked,FRANCE,PARTNER,0.0,R,KGS,2026-08-20,Feb-2018  (R),gemstrategy_data/raw/import/71012200/71012200_2018_02.html
import,2018-02-01,2018,2,February,71012200,Cultured Pearls,Cultured pearls - worked,GERMANY,PARTNER,0.0,R,KGS,2026-08-20,Feb-2018  (R),gemstrategy_data/raw/import/71012200/71012200_2018_02.html
import,2018-02-01,2018,2,February,71012200,Cultured Pearls,Cultured pearls - worked,HONG KONG,PARTNER,10.5,R,KGS,2026-08-20,Feb-2018  (R),gemstrategy_data/raw/import/71012200/71012200_2018_02.html
import,2018-02-01,2018,2,February,71012200,Cultured Pearls,Cultured pearls - worked,INDONESIA,PARTNER,0.0,R,KGS,2026-08-20,Feb-2018  (R),gemstrategy_data/raw/import/71012200/71012200_2018_02.html
import,2018-02-01,2018,2,February,71012200,Cultured Pearls,Cultured pearls - worked,ITALY,PARTNER,0.0,R,KGS,2026-08-20,Feb-2018  (R),gemstrategy_data/raw/import/71012200/71012200_2018_02.html
import,2018-02-01,2018,2,February,71012200,Cultured Pearls,Cultured pearls - worked,JAPAN,PARTNER,0.19,R,KGS,2026-08-20,Feb-2018  (R),gemstrategy_data/raw/import/71012200/71012200_2018_02.html
import,2018-02-01,2018,2,February,71012200,Cultured Pearls,Cultured pearls - worked,KOREA RP,PARTNER,0.0,R,KGS,2026-08-20,Feb-2018  (R),gemstrategy_data/raw/import/71012200/71012200_2018_02.html
import,2018-02-01,2018,2,February,71012200,Cultured Pearls,Cultured pearls - worked,MAURITIUS,PARTNER,0.0,R,KGS,2026-08-20,Feb-2018  (R),gemstrategy_data/raw/import/71012200/71012200_2018_02.html
import,2018-02-01,2018,2,February,71012200,Cultured Pearls,Cultured pearls - worked,MEXICO,PARTNER,0.0,R,KGS,2026-08-20,Feb-2018  (R),gemstrategy_data/raw/import/71012200/71012200_2018_02.html
import,2018-02-01,2018,2,February,71012200,Cultured Pearls,Cultured pearls - worked,SPAIN,PARTNER,0.0,R,KGS,2026-08-20,Feb-2018  (R),gemstrategy_data/raw/import/71012200/71012200_2018_02.html
import,2018-02-01,2018,2,February,71012200,Cultured Pearls,Cultured pearls - worked,THAILAND,PARTNER,0.02,R,KGS,2026-08-20,Feb-2018  (R),gemstrategy_data/raw/import/71012200/71012200_2018_02.html
import,2018-02-01,2018,2,February,71012200,Cultured Pearls,Cultured pearls - worked,U ARAB EMTS,PARTNER,3.03,R,KGS,2026-08-20,Feb-2018  (R),gemstrategy_data/raw/import/71012200/71012200_2018_02.html
import,2018-02-01,2018,2,February,71012200,Cultured Pearls,Cultured pearls - worked,U K,PARTNER,0.01,R,KGS,2026-08-20,Feb-2018  (R),gemstrategy_data/raw/import/71012200/71012200_2018_02.html
import,2018-02-01,2018,2,February,71012200,Cultured Pearls,Cultured pearls - worked,U S A,PARTNER,0.02,R,KGS,2026-08-20,Feb-2018  (R),gemstrategy_data/raw/import/71012200/71012200_2018_02.html
import,2018-02-01,2018,2,February,71012200,Cultured Pearls,Cultured pearls - worked,UNSPECIFIED,PARTNER,0.02,R,KGS,2026-08-20,Feb-2018  (R),gemstrategy_data/raw/import/71012200/71012200_2018_02.html
import,2018-02-01,2018,2,February,71012200,Cultured Pearls,Cultured pearls - worked,VIETNAM SOC REP,PARTNER,0.0,R,KGS,2026-08-20,Feb-2018  (R),gemstrategy_data/raw/import/71012200/71012200_2018_02.html
import,2018-02-01,2018,2,February,71012200,Cultured Pearls,Cultured pearls - worked,Total,TOTAL,14.07,R,KGS,2026-08-20,Feb-2018  (R),gemstrategy_data/raw/import/71012200/71012200_2018_02.html
import,2018-03-01,2018,3,March,71011010,Natural Pearls,Natural (real) pearls - unworked,CANADA,PARTNER,0.0,R,KGS,2026-08-20,Mar-2018  (R),gemstrategy_data/raw/import/71011010/71011010_2018_03.html
import,2018-03-01,2018,3,March,71011010,Natural Pearls,Natural (real) pearls - unworked,CHINA P RP,PARTNER,0.0,R,KGS,2026-08-20,Mar-2018  (R),gemstrategy_data/raw/import/71011010/71011010_2018_03.html
import,2018-03-01,2018,3,March,71011010,Natural Pearls,Natural (real) pearls - unworked,FRANCE,PARTNER,0.0,R,KGS,2026-08-20,Mar-2018  (R),gemstrategy_data/raw/import/71011010/71011010_2018_03.html
import,2018-03-01,2018,3,March,71011010,Natural Pearls,Natural (real) pearls - unworked,HONG KONG,PARTNER,0.0,R,KGS,2026-08-20,Mar-2018  (R),gemstrategy_data/raw/import/71011010/71011010_2018_03.html
import,2018-03-01,2018,3,March,71011010,Natural Pearls,Natural (real) pearls - unworked,INDONESIA,PARTNER,0.0,R,KGS,2026-08-20,Mar-2018  (R),gemstrategy_data/raw/import/71011010/71011010_2018_03.html
import,2018-03-01,2018,3,March,71011010,Natural Pearls,Natural (real) pearls - unworked,JAPAN,PARTNER,0.11,R,KGS,2026-08-20,Mar-2018  (R),gemstrategy_data/raw/import/71011010/71011010_2018_03.html
import,2018-03-01,2018,3,March,71011010,Natural Pearls,Natural (real) pearls - unworked,MEXICO,PARTNER,0.0,R,KGS,2026-08-20,Mar-2018  (R),gemstrategy_data/raw/import/71011010/71011010_2018_03.html
import,2018-03-01,2018,3,March,71011010,Natural Pearls,Natural (real) pearls - unworked,SPAIN,PARTNER,0.0,R,KGS,2026-08-20,Mar-2018  (R),gemstrategy_data/raw/import/71011010/71011010_2018_03.html
import,2018-03-01,2018,3,March,71011010,Natural Pearls,Natural (real) pearls - unworked,SWITZERLAND,PARTNER,0.0,R,KGS,2026-08-20,Mar-2018  (R),gemstrategy_data/raw/import/71011010/71011010_2018_03.html
import,2018-03-01,2018,3,March,71011010,Natural Pearls,Natural (real) pearls - unworked,U S A,PARTNER,0.0,R,KGS,2026-08-20,Mar-2018  (R),gemstrategy_data/raw/import/71011010/71011010_2018_03.html
import,2018-03-01,2018,3,March,71011010,Natural Pearls,Natural (real) pearls - unworked,UNSPECIFIED,PARTNER,0.0,R,KGS,2026-08-20,Mar-2018  (R),gemstrategy_data/raw/import/71011010/71011010_2018_03.html
import,2018-03-01,2018,3,March,71011010,Natural Pearls,Natural (real) pearls - unworked,Total,TOTAL,0.11,R,KGS,2026-08-20,Mar-2018  (R),gemstrategy_data/raw/import/71011010/71011010_2018_03.html
import,2018-03-01,2018,3,March,71011020,Natural Pearls,Natural (real) pearls - worked,BAHARAIN IS,PARTNER,0.0,R,KGS,2026-08-20,Mar-2018  (R),gemstrategy_data/raw/import/71011020/71011020_2018_03.html
import,2018-03-01,2018,3,March,71011020,Natural Pearls,Natural (real) pearls - worked,CHINA P RP,PARTNER,0.13,R,KGS,2026-08-20,Mar-2018  (R),gemstrategy_data/raw/import/71011020/71011020_2018_03.html
import,2018-03-01,2018,3,March,71011020,Natural Pearls,Natural (real) pearls - worked,FRANCE,PARTNER,0.0,R,KGS,2026-08-20,Mar-2018  (R),gemstrategy_data/raw/import/71011020/71011020_2018_03.html
import,2018-03-01,2018,3,March,71011020,Natural Pearls,Natural (real) pearls - worked,GERMANY,PARTNER,0.0,R,KGS,2026-08-20,Mar-2018  (R),gemstrategy_data/raw/import/71011020/71011020_2018_03.html
import,2018-03-01,2018,3,March,71011020,Natural Pearls,Natural (real) pearls - worked,HONG KONG,PARTNER,0.06,R,KGS,2026-08-20,Mar-2018  (R),gemstrategy_data/raw/import/71011020/71011020_2018_03.html
import,2018-03-01,2018,3,March,71011020,Natural Pearls,Natural (real) pearls - worked,INDONESIA,PARTNER,0.04,R,KGS,2026-08-20,Mar-2018  (R),gemstrategy_data/raw/import/71011020/71011020_2018_03.html
import,2018-03-01,2018,3,March,71011020,Natural Pearls,Natural (real) pearls - worked,ITALY,PARTNER,0.0,R,KGS,2026-08-20,Mar-2018  (R),gemstrategy_data/raw/import/71011020/71011020_2018_03.html
import,2018-03-01,2018,3,March,71011020,Natural Pearls,Natural (real) pearls - worked,JAPAN,PARTNER,0.07,R,KGS,2026-08-20,Mar-2018  (R),gemstrategy_data/raw/import/71011020/71011020_2018_03.html
import,2018-03-01,2018,3,March,71011020,Natural Pearls,Natural (real) pearls - worked,SPAIN,PARTNER,0.0,R,KGS,2026-08-20,Mar-2018  (R),gemstrategy_data/raw/import/71011020/71011020_2018_03.html
import,2018-03-01,2018,3,March,71011020,Natural Pearls,Natural (real) pearls - worked,SWITZERLAND,PARTNER,0.02,R,KGS,2026-08-20,Mar-2018  (R),gemstrategy_data/raw/import/71011020/71011020_2018_03.html
import,2018-03-01,2018,3,March,71011020,Natural Pearls,Natural (real) pearls - worked,THAILAND,PARTNER,0.0,R,KGS,2026-08-20,Mar-2018  (R),gemstrategy_data/raw/import/71011020/71011020_2018_03.html
import,2018-03-01,2018,3,March,71011020,Natural Pearls,Natural (real) pearls - worked,U ARAB EMTS,PARTNER,0.0,R,KGS,2026-08-20,Mar-2018  (R),gemstrategy_data/raw/import/71011020/71011020_2018_03.html
import,2018-03-01,2018,3,March,71011020,Natural Pearls,Natural (real) pearls - worked,U S A,PARTNER,0.01,R,KGS,2026-08-20,Mar-2018  (R),gemstrategy_data/raw/import/71011020/71011020_2018_03.html
import,2018-03-01,2018,3,March,71011020,Natural Pearls,Natural (real) pearls - worked,UNSPECIFIED,PARTNER,0.28,R,KGS,2026-08-20,Mar-2018  (R),gemstrategy_data/raw/import/71011020/71011020_2018_03.html
import,2018-03-01,2018,3,March,71011020,Natural Pearls,Natural (real) pearls - worked,Total,TOTAL,0.6,R,KGS,2026-08-20,Mar-2018  (R),gemstrategy_data/raw/import/71011020/71011020_2018_03.html
import,2018-03-01,2018,3,March,71012100,Cultured Pearls,Cultured pearls - unworked,CHINA P RP,PARTNER,0.27,R,KGS,2026-08-20,Mar-2018  (R),gemstrategy_data/raw/import/71012100/71012100_2018_03.html
import,2018-03-01,2018,3,March,71012100,Cultured Pearls,Cultured pearls - unworked,GERMANY,PARTNER,0.0,R,KGS,2026-08-20,Mar-2018  (R),gemstrategy_data/raw/import/71012100/71012100_2018_03.html
import,2018-03-01,2018,3,March,71012100,Cultured Pearls,Cultured pearls - unworked,HONG KONG,PARTNER,0.15,R,KGS,2026-08-20,Mar-2018  (R),gemstrategy_data/raw/import/71012100/71012100_2018_03.html
import,2018-03-01,2018,3,March,71012100,Cultured Pearls,Cultured pearls - unworked,INDONESIA,PARTNER,0.0,R,KGS,2026-08-20,Mar-2018  (R),gemstrategy_data/raw/import/71012100/71012100_2018_03.html
import,2018-03-01,2018,3,March,71012100,Cultured Pearls,Cultured pearls - unworked,ITALY,PARTNER,0.0,R,KGS,2026-08-20,Mar-2018  (R),gemstrategy_data/raw/import/71012100/71012100_2018_03.html
import,2018-03-01,2018,3,March,71012100,Cultured Pearls,Cultured pearls - unworked,JAPAN,PARTNER,0.03,R,KGS,2026-08-20,Mar-2018  (R),gemstrategy_data/raw/import/71012100/71012100_2018_03.html
import,2018-03-01,2018,3,March,71012100,Cultured Pearls,Cultured pearls - unworked,KOREA RP,PARTNER,0.0,R,KGS,2026-08-20,Mar-2018  (R),gemstrategy_data/raw/import/71012100/71012100_2018_03.html
import,2018-03-01,2018,3,March,71012100,Cultured Pearls,Cultured pearls - unworked,PHILIPPINES,PARTNER,0.0,R,KGS,2026-08-20,Mar-2018  (R),gemstrategy_data/raw/import/71012100/71012100_2018_03.html
import,2018-03-01,2018,3,March,71012100,Cultured Pearls,Cultured pearls - unworked,SPAIN,PARTNER,0.0,R,KGS,2026-08-20,Mar-2018  (R),gemstrategy_data/raw/import/71012100/71012100_2018_03.html
import,2018-03-01,2018,3,March,71012100,Cultured Pearls,Cultured pearls - unworked,SWITZERLAND,PARTNER,0.0,R,KGS,2026-08-20,Mar-2018  (R),gemstrategy_data/raw/import/71012100/71012100_2018_03.html
import,2018-03-01,2018,3,March,71012100,Cultured Pearls,Cultured pearls - unworked,TAIWAN,PARTNER,0.0,R,KGS,2026-08-20,Mar-2018  (R),gemstrategy_data/raw/import/71012100/71012100_2018_03.html
import,2018-03-01,2018,3,March,71012100,Cultured Pearls,Cultured pearls - unworked,THAILAND,PARTNER,0.0,R,KGS,2026-08-20,Mar-2018  (R),gemstrategy_data/raw/import/71012100/71012100_2018_03.html
import,2018-03-01,2018,3,March,71012100,Cultured Pearls,Cultured pearls - unworked,U ARAB EMTS,PARTNER,0.0,R,KGS,2026-08-20,Mar-2018  (R),gemstrategy_data/raw/import/71012100/71012100_2018_03.html
import,2018-03-01,2018,3,March,71012100,Cultured Pearls,Cultured pearls - unworked,U S A,PARTNER,0.01,R,KGS,2026-08-20,Mar-2018  (R),gemstrategy_data/raw/import/71012100/71012100_2018_03.html
import,2018-03-01,2018,3,March,71012100,Cultured Pearls,Cultured pearls - unworked,UNSPECIFIED,PARTNER,0.0,R,KGS,2026-08-20,Mar-2018  (R),gemstrategy_data/raw/import/71012100/71012100_2018_03.html
import,2018-03-01,2018,3,March,71012100,Cultured Pearls,Cultured pearls - unworked,Total,TOTAL,0.47,R,KGS,2026-08-20,Mar-2018  (R),gemstrategy_data/raw/import/71012100/71012100_2018_03.html
import,2018-03-01,2018,3,March,71012200,Cultured Pearls,Cultured pearls - worked,CHINA P RP,PARTNER,0.19,R,KGS,2026-08-20,Mar-2018  (R),gemstrategy_data/raw/import/71012200/71012200_2018_03.html
import,2018-03-01,2018,3,March,71012200,Cultured Pearls,Cultured pearls - worked,FRANCE,PARTNER,0.0,R,KGS,2026-08-20,Mar-2018  (R),gemstrategy_data/raw/import/71012200/71012200_2018_03.html
import,2018-03-01,2018,3,March,71012200,Cultured Pearls,Cultured pearls - worked,GERMANY,PARTNER,0.0,R,KGS,2026-08-20,Mar-2018  (R),gemstrategy_data/raw/import/71012200/71012200_2018_03.html
import,2018-03-01,2018,3,March,71012200,Cultured Pearls,Cultured pearls - worked,HONG KONG,PARTNER,0.23,R,KGS,2026-08-20,Mar-2018  (R),gemstrategy_data/raw/import/71012200/71012200_2018_03.html
import,2018-03-01,2018,3,March,71012200,Cultured Pearls,Cultured pearls - worked,INDONESIA,PARTNER,0.1,R,KGS,2026-08-20,Mar-2018  (R),gemstrategy_data/raw/import/71012200/71012200_2018_03.html
import,2018-03-01,2018,3,March,71012200,Cultured Pearls,Cultured pearls - worked,ITALY,PARTNER,0.0,R,KGS,2026-08-20,Mar-2018  (R),gemstrategy_data/raw/import/71012200/71012200_2018_03.html
import,2018-03-01,2018,3,March,71012200,Cultured Pearls,Cultured pearls - worked,JAPAN,PARTNER,0.12,R,KGS,2026-08-20,Mar-2018  (R),gemstrategy_data/raw/import/71012200/71012200_2018_03.html
import,2018-03-01,2018,3,March,71012200,Cultured Pearls,Cultured pearls - worked,KOREA RP,PARTNER,0.0,R,KGS,2026-08-20,Mar-2018  (R),gemstrategy_data/raw/import/71012200/71012200_2018_03.html
import,2018-03-01,2018,3,March,71012200,Cultured Pearls,Cultured pearls - worked,MAURITIUS,PARTNER,0.0,R,KGS,2026-08-20,Mar-2018  (R),gemstrategy_data/raw/import/71012200/71012200_2018_03.html
import,2018-03-01,2018,3,March,71012200,Cultured Pearls,Cultured pearls - worked,MEXICO,PARTNER,0.0,R,KGS,2026-08-20,Mar-2018  (R),gemstrategy_data/raw/import/71012200/71012200_2018_03.html
import,2018-03-01,2018,3,March,71012200,Cultured Pearls,Cultured pearls - worked,SPAIN,PARTNER,0.0,R,KGS,2026-08-20,Mar-2018  (R),gemstrategy_data/raw/import/71012200/71012200_2018_03.html
import,2018-03-01,2018,3,March,71012200,Cultured Pearls,Cultured pearls - worked,THAILAND,PARTNER,0.0,R,KGS,2026-08-20,Mar-2018  (R),gemstrategy_data/raw/import/71012200/71012200_2018_03.html
import,2018-03-01,2018,3,March,71012200,Cultured Pearls,Cultured pearls - worked,U ARAB EMTS,PARTNER,0.0,R,KGS,2026-08-20,Mar-2018  (R),gemstrategy_data/raw/import/71012200/71012200_2018_03.html
import,2018-03-01,2018,3,March,71012200,Cultured Pearls,Cultured pearls - worked,U K,PARTNER,0.0,R,KGS,2026-08-20,Mar-2018  (R),gemstrategy_data/raw/import/71012200/71012200_2018_03.html
import,2018-03-01,2018,3,March,71012200,Cultured Pearls,Cultured pearls - worked,U S A,PARTNER,0.01,R,KGS,2026-08-20,Mar-2018  (R),gemstrategy_data/raw/import/71012200/71012200_2018_03.html
import,2018-03-01,2018,3,March,71012200,Cultured Pearls,Cultured pearls - worked,UNSPECIFIED,PARTNER,0.09,R,KGS,2026-08-20,Mar-2018  (R),gemstrategy_data/raw/import/71012200/71012200_2018_03.html
import,2018-03-01,2018,3,March,71012200,Cultured Pearls,Cultured pearls - worked,VIETNAM SOC REP,PARTNER,0.0,R,KGS,2026-08-20,Mar-2018  (R),gemstrategy_data/raw/import/71012200/71012200_2018_03.html
import,2018-03-01,2018,3,March,71012200,Cultured Pearls,Cultured pearls - worked,Total,TOTAL,0.74,R,KGS,2026-08-20,Mar-2018  (R),gemstrategy_data/raw/import/71012200/71012200_2018_03.html
import,2018-04-01,2018,4,April,71011010,Natural Pearls,Natural (real) pearls - unworked,HONG KONG,PARTNER,0.06,R,KGS,2026-08-20,Apr-2018  (R),gemstrategy_data/raw/import/71011010/71011010_2018_04.html
import,2018-04-01,2018,4,April,71011010,Natural Pearls,Natural (real) pearls - unworked,JAPAN,PARTNER,0.07,R,KGS,2026-08-20,Apr-2018  (R),gemstrategy_data/raw/import/71011010/71011010_2018_04.html
import,2018-04-01,2018,4,April,71011010,Natural Pearls,Natural (real) pearls - unworked,U ARAB EMTS,PARTNER,0.0,R,KGS,2026-08-20,Apr-2018  (R),gemstrategy_data/raw/import/71011010/71011010_2018_04.html
import,2018-04-01,2018,4,April,71011010,Natural Pearls,Natural (real) pearls - unworked,UNSPECIFIED,PARTNER,0.0,R,KGS,2026-08-20,Apr-2018  (R),gemstrategy_data/raw/import/71011010/71011010_2018_04.html
import,2018-04-01,2018,4,April,71011010,Natural Pearls,Natural (real) pearls - unworked,Total,TOTAL,0.13,R,KGS,2026-08-20,Apr-2018  (R),gemstrategy_data/raw/import/71011010/71011010_2018_04.html
import,2018-04-01,2018,4,April,71011020,Natural Pearls,Natural (real) pearls - worked,GERMANY,PARTNER,0.05,R,KGS,2026-08-20,Apr-2018  (R),gemstrategy_data/raw/import/71011020/71011020_2018_04.html
import,2018-04-01,2018,4,April,71011020,Natural Pearls,Natural (real) pearls - worked,SWITZERLAND,PARTNER,0.13,R,KGS,2026-08-20,Apr-2018  (R),gemstrategy_data/raw/import/71011020/71011020_2018_04.html
import,2018-04-01,2018,4,April,71011020,Natural Pearls,Natural (real) pearls - worked,U ARAB EMTS,PARTNER,0.0,R,KGS,2026-08-20,Apr-2018  (R),gemstrategy_data/raw/import/71011020/71011020_2018_04.html
import,2018-04-01,2018,4,April,71011020,Natural Pearls,Natural (real) pearls - worked,U S A,PARTNER,0.0,R,KGS,2026-08-20,Apr-2018  (R),gemstrategy_data/raw/import/71011020/71011020_2018_04.html
import,2018-04-01,2018,4,April,71011020,Natural Pearls,Natural (real) pearls - worked,UNSPECIFIED,PARTNER,0.0,R,KGS,2026-08-20,Apr-2018  (R),gemstrategy_data/raw/import/71011020/71011020_2018_04.html
import,2018-04-01,2018,4,April,71011020,Natural Pearls,Natural (real) pearls - worked,Total,TOTAL,0.18,R,KGS,2026-08-20,Apr-2018  (R),gemstrategy_data/raw/import/71011020/71011020_2018_04.html
import,2018-04-01,2018,4,April,71012100,Cultured Pearls,Cultured pearls - unworked,CANADA,PARTNER,0.0,R,KGS,2026-08-20,Apr-2018  (R),gemstrategy_data/raw/import/71012100/71012100_2018_04.html
import,2018-04-01,2018,4,April,71012100,Cultured Pearls,Cultured pearls - unworked,CHINA P RP,PARTNER,0.09,R,KGS,2026-08-20,Apr-2018  (R),gemstrategy_data/raw/import/71012100/71012100_2018_04.html
import,2018-04-01,2018,4,April,71012100,Cultured Pearls,Cultured pearls - unworked,GERMANY,PARTNER,0.0,R,KGS,2026-08-20,Apr-2018  (R),gemstrategy_data/raw/import/71012100/71012100_2018_04.html
import,2018-04-01,2018,4,April,71012100,Cultured Pearls,Cultured pearls - unworked,HONG KONG,PARTNER,0.16,R,KGS,2026-08-20,Apr-2018  (R),gemstrategy_data/raw/import/71012100/71012100_2018_04.html
import,2018-04-01,2018,4,April,71012100,Cultured Pearls,Cultured pearls - unworked,ITALY,PARTNER,0.0,R,KGS,2026-08-20,Apr-2018  (R),gemstrategy_data/raw/import/71012100/71012100_2018_04.html
import,2018-04-01,2018,4,April,71012100,Cultured Pearls,Cultured pearls - unworked,JAPAN,PARTNER,0.15,R,KGS,2026-08-20,Apr-2018  (R),gemstrategy_data/raw/import/71012100/71012100_2018_04.html
import,2018-04-01,2018,4,April,71012100,Cultured Pearls,Cultured pearls - unworked,KOREA RP,PARTNER,0.0,R,KGS,2026-08-20,Apr-2018  (R),gemstrategy_data/raw/import/71012100/71012100_2018_04.html
import,2018-04-01,2018,4,April,71012100,Cultured Pearls,Cultured pearls - unworked,U S A,PARTNER,0.0,R,KGS,2026-08-20,Apr-2018  (R),gemstrategy_data/raw/import/71012100/71012100_2018_04.html
import,2018-04-01,2018,4,April,71012100,Cultured Pearls,Cultured pearls - unworked,UNSPECIFIED,PARTNER,0.0,R,KGS,2026-08-20,Apr-2018  (R),gemstrategy_data/raw/import/71012100/71012100_2018_04.html
import,2018-04-01,2018,4,April,71012100,Cultured Pearls,Cultured pearls - unworked,Total,TOTAL,0.41,R,KGS,2026-08-20,Apr-2018  (R),gemstrategy_data/raw/import/71012100/71012100_2018_04.html
import,2018-04-01,2018,4,April,71012200,Cultured Pearls,Cultured pearls - worked,CHINA P RP,PARTNER,0.0,R,KGS,2026-08-20,Apr-2018  (R),gemstrategy_data/raw/import/71012200/71012200_2018_04.html
import,2018-04-01,2018,4,April,71012200,Cultured Pearls,Cultured pearls - worked,HONG KONG,PARTNER,0.29,R,KGS,2026-08-20,Apr-2018  (R),gemstrategy_data/raw/import/71012200/71012200_2018_04.html
import,2018-04-01,2018,4,April,71012200,Cultured Pearls,Cultured pearls - worked,INDONESIA,PARTNER,0.0,R,KGS,2026-08-20,Apr-2018  (R),gemstrategy_data/raw/import/71012200/71012200_2018_04.html
import,2018-04-01,2018,4,April,71012200,Cultured Pearls,Cultured pearls - worked,JAPAN,PARTNER,0.31,R,KGS,2026-08-20,Apr-2018  (R),gemstrategy_data/raw/import/71012200/71012200_2018_04.html
import,2018-04-01,2018,4,April,71012200,Cultured Pearls,Cultured pearls - worked,SPAIN,PARTNER,0.0,R,KGS,2026-08-20,Apr-2018  (R),gemstrategy_data/raw/import/71012200/71012200_2018_04.html
import,2018-04-01,2018,4,April,71012200,Cultured Pearls,Cultured pearls - worked,SWITZERLAND,PARTNER,0.04,R,KGS,2026-08-20,Apr-2018  (R),gemstrategy_data/raw/import/71012200/71012200_2018_04.html
import,2018-04-01,2018,4,April,71012200,Cultured Pearls,Cultured pearls - worked,THAILAND,PARTNER,0.0,R,KGS,2026-08-20,Apr-2018  (R),gemstrategy_data/raw/import/71012200/71012200_2018_04.html
import,2018-04-01,2018,4,April,71012200,Cultured Pearls,Cultured pearls - worked,U ARAB EMTS,PARTNER,0.0,R,KGS,2026-08-20,Apr-2018  (R),gemstrategy_data/raw/import/71012200/71012200_2018_04.html
import,2018-04-01,2018,4,April,71012200,Cultured Pearls,Cultured pearls - worked,U S A,PARTNER,0.02,R,KGS,2026-08-20,Apr-2018  (R),gemstrategy_data/raw/import/71012200/71012200_2018_04.html
import,2018-04-01,2018,4,April,71012200,Cultured Pearls,Cultured pearls - worked,Total,TOTAL,0.65,R,KGS,2026-08-20,Apr-2018  (R),gemstrategy_data/raw/import/71012200/71012200_2018_04.html
import,2018-05-01,2018,5,May,71011010,Natural Pearls,Natural (real) pearls - unworked,HONG KONG,PARTNER,0.13,R,KGS,2026-08-20,May-2018  (R),gemstrategy_data/raw/import/71011010/71011010_2018_05.html
import,2018-05-01,2018,5,May,71011010,Natural Pearls,Natural (real) pearls - unworked,INDONESIA,PARTNER,0.0,R,KGS,2026-08-20,May-2018  (R),gemstrategy_data/raw/import/71011010/71011010_2018_05.html
import,2018-05-01,2018,5,May,71011010,Natural Pearls,Natural (real) pearls - unworked,JAPAN,PARTNER,0.15,R,KGS,2026-08-20,May-2018  (R),gemstrategy_data/raw/import/71011010/71011010_2018_05.html
import,2018-05-01,2018,5,May,71011010,Natural Pearls,Natural (real) pearls - unworked,KOREA RP,PARTNER,0.0,R,KGS,2026-08-20,May-2018  (R),gemstrategy_data/raw/import/71011010/71011010_2018_05.html
import,2018-05-01,2018,5,May,71011010,Natural Pearls,Natural (real) pearls - unworked,MEXICO,PARTNER,0.0,R,KGS,2026-08-20,May-2018  (R),gemstrategy_data/raw/import/71011010/71011010_2018_05.html
import,2018-05-01,2018,5,May,71011010,Natural Pearls,Natural (real) pearls - unworked,SWITZERLAND,PARTNER,0.0,R,KGS,2026-08-20,May-2018  (R),gemstrategy_data/raw/import/71011010/71011010_2018_05.html
import,2018-05-01,2018,5,May,71011010,Natural Pearls,Natural (real) pearls - unworked,U ARAB EMTS,PARTNER,0.0,R,KGS,2026-08-20,May-2018  (R),gemstrategy_data/raw/import/71011010/71011010_2018_05.html
import,2018-05-01,2018,5,May,71011010,Natural Pearls,Natural (real) pearls - unworked,U S A,PARTNER,0.01,R,KGS,2026-08-20,May-2018  (R),gemstrategy_data/raw/import/71011010/71011010_2018_05.html
import,2018-05-01,2018,5,May,71011010,Natural Pearls,Natural (real) pearls - unworked,UNSPECIFIED,PARTNER,0.0,R,KGS,2026-08-20,May-2018  (R),gemstrategy_data/raw/import/71011010/71011010_2018_05.html
import,2018-05-01,2018,5,May,71011010,Natural Pearls,Natural (real) pearls - unworked,Total,TOTAL,0.3,R,KGS,2026-08-20,May-2018  (R),gemstrategy_data/raw/import/71011010/71011010_2018_05.html
import,2018-05-01,2018,5,May,71011020,Natural Pearls,Natural (real) pearls - worked,GERMANY,PARTNER,0.0,R,KGS,2026-08-20,May-2018  (R),gemstrategy_data/raw/import/71011020/71011020_2018_05.html
import,2018-05-01,2018,5,May,71011020,Natural Pearls,Natural (real) pearls - worked,HONG KONG,PARTNER,0.02,R,KGS,2026-08-20,May-2018  (R),gemstrategy_data/raw/import/71011020/71011020_2018_05.html
import,2018-05-01,2018,5,May,71011020,Natural Pearls,Natural (real) pearls - worked,SWITZERLAND,PARTNER,0.0,R,KGS,2026-08-20,May-2018  (R),gemstrategy_data/raw/import/71011020/71011020_2018_05.html
import,2018-05-01,2018,5,May,71011020,Natural Pearls,Natural (real) pearls - worked,U ARAB EMTS,PARTNER,0.0,R,KGS,2026-08-20,May-2018  (R),gemstrategy_data/raw/import/71011020/71011020_2018_05.html
import,2018-05-01,2018,5,May,71011020,Natural Pearls,Natural (real) pearls - worked,U S A,PARTNER,0.0,R,KGS,2026-08-20,May-2018  (R),gemstrategy_data/raw/import/71011020/71011020_2018_05.html
import,2018-05-01,2018,5,May,71011020,Natural Pearls,Natural (real) pearls - worked,UNSPECIFIED,PARTNER,0.0,R,KGS,2026-08-20,May-2018  (R),gemstrategy_data/raw/import/71011020/71011020_2018_05.html
import,2018-05-01,2018,5,May,71011020,Natural Pearls,Natural (real) pearls - worked,Total,TOTAL,0.02,R,KGS,2026-08-20,May-2018  (R),gemstrategy_data/raw/import/71011020/71011020_2018_05.html
import,2018-05-01,2018,5,May,71012100,Cultured Pearls,Cultured pearls - unworked,CANADA,PARTNER,0.0,R,KGS,2026-08-20,May-2018  (R),gemstrategy_data/raw/import/71012100/71012100_2018_05.html
import,2018-05-01,2018,5,May,71012100,Cultured Pearls,Cultured pearls - unworked,CHINA P RP,PARTNER,0.1,R,KGS,2026-08-20,May-2018  (R),gemstrategy_data/raw/import/71012100/71012100_2018_05.html
import,2018-05-01,2018,5,May,71012100,Cultured Pearls,Cultured pearls - unworked,GERMANY,PARTNER,0.0,R,KGS,2026-08-20,May-2018  (R),gemstrategy_data/raw/import/71012100/71012100_2018_05.html
import,2018-05-01,2018,5,May,71012100,Cultured Pearls,Cultured pearls - unworked,HONG KONG,PARTNER,0.18,R,KGS,2026-08-20,May-2018  (R),gemstrategy_data/raw/import/71012100/71012100_2018_05.html
import,2018-05-01,2018,5,May,71012100,Cultured Pearls,Cultured pearls - unworked,ITALY,PARTNER,0.0,R,KGS,2026-08-20,May-2018  (R),gemstrategy_data/raw/import/71012100/71012100_2018_05.html
import,2018-05-01,2018,5,May,71012100,Cultured Pearls,Cultured pearls - unworked,JAPAN,PARTNER,0.12,R,KGS,2026-08-20,May-2018  (R),gemstrategy_data/raw/import/71012100/71012100_2018_05.html
import,2018-05-01,2018,5,May,71012100,Cultured Pearls,Cultured pearls - unworked,KOREA RP,PARTNER,0.0,R,KGS,2026-08-20,May-2018  (R),gemstrategy_data/raw/import/71012100/71012100_2018_05.html
import,2018-05-01,2018,5,May,71012100,Cultured Pearls,Cultured pearls - unworked,SINGAPORE,PARTNER,0.0,R,KGS,2026-08-20,May-2018  (R),gemstrategy_data/raw/import/71012100/71012100_2018_05.html
import,2018-05-01,2018,5,May,71012100,Cultured Pearls,Cultured pearls - unworked,SPAIN,PARTNER,0.0,R,KGS,2026-08-20,May-2018  (R),gemstrategy_data/raw/import/71012100/71012100_2018_05.html
import,2018-05-01,2018,5,May,71012100,Cultured Pearls,Cultured pearls - unworked,TAIWAN,PARTNER,0.0,R,KGS,2026-08-20,May-2018  (R),gemstrategy_data/raw/import/71012100/71012100_2018_05.html
import,2018-05-01,2018,5,May,71012100,Cultured Pearls,Cultured pearls - unworked,THAILAND,PARTNER,0.0,R,KGS,2026-08-20,May-2018  (R),gemstrategy_data/raw/import/71012100/71012100_2018_05.html
import,2018-05-01,2018,5,May,71012100,Cultured Pearls,Cultured pearls - unworked,U S A,PARTNER,0.0,R,KGS,2026-08-20,May-2018  (R),gemstrategy_data/raw/import/71012100/71012100_2018_05.html
import,2018-05-01,2018,5,May,71012100,Cultured Pearls,Cultured pearls - unworked,UNSPECIFIED,PARTNER,0.0,R,KGS,2026-08-20,May-2018  (R),gemstrategy_data/raw/import/71012100/71012100_2018_05.html
import,2018-05-01,2018,5,May,71012100,Cultured Pearls,Cultured pearls - unworked,Total,TOTAL,0.39,R,KGS,2026-08-20,May-2018  (R),gemstrategy_data/raw/import/71012100/71012100_2018_05.html
import,2018-05-01,2018,5,May,71012200,Cultured Pearls,Cultured pearls - worked,CANADA,PARTNER,0.0,R,KGS,2026-08-20,May-2018  (R),gemstrategy_data/raw/import/71012200/71012200_2018_05.html
import,2018-05-01,2018,5,May,71012200,Cultured Pearls,Cultured pearls - worked,CHINA P RP,PARTNER,0.0,R,KGS,2026-08-20,May-2018  (R),gemstrategy_data/raw/import/71012200/71012200_2018_05.html
import,2018-05-01,2018,5,May,71012200,Cultured Pearls,Cultured pearls - worked,FRANCE,PARTNER,0.0,R,KGS,2026-08-20,May-2018  (R),gemstrategy_data/raw/import/71012200/71012200_2018_05.html
import,2018-05-01,2018,5,May,71012200,Cultured Pearls,Cultured pearls - worked,HONG KONG,PARTNER,0.01,R,KGS,2026-08-20,May-2018  (R),gemstrategy_data/raw/import/71012200/71012200_2018_05.html
import,2018-05-01,2018,5,May,71012200,Cultured Pearls,Cultured pearls - worked,INDONESIA,PARTNER,0.0,R,KGS,2026-08-20,May-2018  (R),gemstrategy_data/raw/import/71012200/71012200_2018_05.html
import,2018-05-01,2018,5,May,71012200,Cultured Pearls,Cultured pearls - worked,JAPAN,PARTNER,0.4,R,KGS,2026-08-20,May-2018  (R),gemstrategy_data/raw/import/71012200/71012200_2018_05.html
import,2018-05-01,2018,5,May,71012200,Cultured Pearls,Cultured pearls - worked,SPAIN,PARTNER,0.0,R,KGS,2026-08-20,May-2018  (R),gemstrategy_data/raw/import/71012200/71012200_2018_05.html
import,2018-05-01,2018,5,May,71012200,Cultured Pearls,Cultured pearls - worked,SWITZERLAND,PARTNER,0.12,R,KGS,2026-08-20,May-2018  (R),gemstrategy_data/raw/import/71012200/71012200_2018_05.html
import,2018-05-01,2018,5,May,71012200,Cultured Pearls,Cultured pearls - worked,THAILAND,PARTNER,0.0,R,KGS,2026-08-20,May-2018  (R),gemstrategy_data/raw/import/71012200/71012200_2018_05.html
import,2018-05-01,2018,5,May,71012200,Cultured Pearls,Cultured pearls - worked,U ARAB EMTS,PARTNER,0.0,R,KGS,2026-08-20,May-2018  (R),gemstrategy_data/raw/import/71012200/71012200_2018_05.html
import,2018-05-01,2018,5,May,71012200,Cultured Pearls,Cultured pearls - worked,U S A,PARTNER,0.01,R,KGS,2026-08-20,May-2018  (R),gemstrategy_data/raw/import/71012200/71012200_2018_05.html
import,2018-05-01,2018,5,May,71012200,Cultured Pearls,Cultured pearls - worked,Total,TOTAL,0.54,R,KGS,2026-08-20,May-2018  (R),gemstrategy_data/raw/import/71012200/71012200_2018_05.html
import,2018-06-01,2018,6,June,71011010,Natural Pearls,Natural (real) pearls - unworked,CHINA P RP,PARTNER,0.0,R,KGS,2026-08-20,Jun-2018  (R),gemstrategy_data/raw/import/71011010/71011010_2018_06.html
import,2018-06-01,2018,6,June,71011010,Natural Pearls,Natural (real) pearls - unworked,HONG KONG,PARTNER,0.0,R,KGS,2026-08-20,Jun-2018  (R),gemstrategy_data/raw/import/71011010/71011010_2018_06.html
import,2018-06-01,2018,6,June,71011010,Natural Pearls,Natural (real) pearls - unworked,INDONESIA,PARTNER,0.0,R,KGS,2026-08-20,Jun-2018  (R),gemstrategy_data/raw/import/71011010/71011010_2018_06.html
import,2018-06-01,2018,6,June,71011010,Natural Pearls,Natural (real) pearls - unworked,JAPAN,PARTNER,0.0,R,KGS,2026-08-20,Jun-2018  (R),gemstrategy_data/raw/import/71011010/71011010_2018_06.html
import,2018-06-01,2018,6,June,71011010,Natural Pearls,Natural (real) pearls - unworked,KOREA RP,PARTNER,0.0,R,KGS,2026-08-20,Jun-2018  (R),gemstrategy_data/raw/import/71011010/71011010_2018_06.html
import,2018-06-01,2018,6,June,71011010,Natural Pearls,Natural (real) pearls - unworked,MEXICO,PARTNER,0.0,R,KGS,2026-08-20,Jun-2018  (R),gemstrategy_data/raw/import/71011010/71011010_2018_06.html
import,2018-06-01,2018,6,June,71011010,Natural Pearls,Natural (real) pearls - unworked,SWITZERLAND,PARTNER,0.0,R,KGS,2026-08-20,Jun-2018  (R),gemstrategy_data/raw/import/71011010/71011010_2018_06.html
import,2018-06-01,2018,6,June,71011010,Natural Pearls,Natural (real) pearls - unworked,U ARAB EMTS,PARTNER,0.0,R,KGS,2026-08-20,Jun-2018  (R),gemstrategy_data/raw/import/71011010/71011010_2018_06.html
import,2018-06-01,2018,6,June,71011010,Natural Pearls,Natural (real) pearls - unworked,U S A,PARTNER,0.0,R,KGS,2026-08-20,Jun-2018  (R),gemstrategy_data/raw/import/71011010/71011010_2018_06.html
import,2018-06-01,2018,6,June,71011010,Natural Pearls,Natural (real) pearls - unworked,UNSPECIFIED,PARTNER,0.0,R,KGS,2026-08-20,Jun-2018  (R),gemstrategy_data/raw/import/71011010/71011010_2018_06.html
import,2018-06-01,2018,6,June,71011010,Natural Pearls,Natural (real) pearls - unworked,Total,TOTAL,0.0,R,KGS,2026-08-20,Jun-2018  (R),gemstrategy_data/raw/import/71011010/71011010_2018_06.html
import,2018-06-01,2018,6,June,71011020,Natural Pearls,Natural (real) pearls - worked,BAHARAIN IS,PARTNER,0.01,R,KGS,2026-08-20,Jun-2018  (R),gemstrategy_data/raw/import/71011020/71011020_2018_06.html
import,2018-06-01,2018,6,June,71011020,Natural Pearls,Natural (real) pearls - worked,GERMANY,PARTNER,0.0,R,KGS,2026-08-20,Jun-2018  (R),gemstrategy_data/raw/import/71011020/71011020_2018_06.html
import,2018-06-01,2018,6,June,71011020,Natural Pearls,Natural (real) pearls - worked,HONG KONG,PARTNER,0.13,R,KGS,2026-08-20,Jun-2018  (R),gemstrategy_data/raw/import/71011020/71011020_2018_06.html
import,2018-06-01,2018,6,June,71011020,Natural Pearls,Natural (real) pearls - worked,JAPAN,PARTNER,0.0,R,KGS,2026-08-20,Jun-2018  (R),gemstrategy_data/raw/import/71011020/71011020_2018_06.html
import,2018-06-01,2018,6,June,71011020,Natural Pearls,Natural (real) pearls - worked,SWITZERLAND,PARTNER,0.0,R,KGS,2026-08-20,Jun-2018  (R),gemstrategy_data/raw/import/71011020/71011020_2018_06.html
import,2018-06-01,2018,6,June,71011020,Natural Pearls,Natural (real) pearls - worked,U ARAB EMTS,PARTNER,0.0,R,KGS,2026-08-20,Jun-2018  (R),gemstrategy_data/raw/import/71011020/71011020_2018_06.html
import,2018-06-01,2018,6,June,71011020,Natural Pearls,Natural (real) pearls - worked,U S A,PARTNER,0.0,R,KGS,2026-08-20,Jun-2018  (R),gemstrategy_data/raw/import/71011020/71011020_2018_06.html
import,2018-06-01,2018,6,June,71011020,Natural Pearls,Natural (real) pearls - worked,UNSPECIFIED,PARTNER,0.0,R,KGS,2026-08-20,Jun-2018  (R),gemstrategy_data/raw/import/71011020/71011020_2018_06.html
import,2018-06-01,2018,6,June,71011020,Natural Pearls,Natural (real) pearls - worked,Total,TOTAL,0.14,R,KGS,2026-08-20,Jun-2018  (R),gemstrategy_data/raw/import/71011020/71011020_2018_06.html
import,2018-06-01,2018,6,June,71012100,Cultured Pearls,Cultured pearls - unworked,CANADA,PARTNER,0.0,R,KGS,2026-08-20,Jun-2018  (R),gemstrategy_data/raw/import/71012100/71012100_2018_06.html
import,2018-06-01,2018,6,June,71012100,Cultured Pearls,Cultured pearls - unworked,CHINA P RP,PARTNER,0.73,R,KGS,2026-08-20,Jun-2018  (R),gemstrategy_data/raw/import/71012100/71012100_2018_06.html
import,2018-06-01,2018,6,June,71012100,Cultured Pearls,Cultured pearls - unworked,GERMANY,PARTNER,0.0,R,KGS,2026-08-20,Jun-2018  (R),gemstrategy_data/raw/import/71012100/71012100_2018_06.html
import,2018-06-01,2018,6,June,71012100,Cultured Pearls,Cultured pearls - unworked,HONG KONG,PARTNER,0.29,R,KGS,2026-08-20,Jun-2018  (R),gemstrategy_data/raw/import/71012100/71012100_2018_06.html
import,2018-06-01,2018,6,June,71012100,Cultured Pearls,Cultured pearls - unworked,ITALY,PARTNER,0.0,R,KGS,2026-08-20,Jun-2018  (R),gemstrategy_data/raw/import/71012100/71012100_2018_06.html
import,2018-06-01,2018,6,June,71012100,Cultured Pearls,Cultured pearls - unworked,JAPAN,PARTNER,0.05,R,KGS,2026-08-20,Jun-2018  (R),gemstrategy_data/raw/import/71012100/71012100_2018_06.html
import,2018-06-01,2018,6,June,71012100,Cultured Pearls,Cultured pearls - unworked,KOREA RP,PARTNER,0.0,R,KGS,2026-08-20,Jun-2018  (R),gemstrategy_data/raw/import/71012100/71012100_2018_06.html
import,2018-06-01,2018,6,June,71012100,Cultured Pearls,Cultured pearls - unworked,MEXICO,PARTNER,0.0,R,KGS,2026-08-20,Jun-2018  (R),gemstrategy_data/raw/import/71012100/71012100_2018_06.html
import,2018-06-01,2018,6,June,71012100,Cultured Pearls,Cultured pearls - unworked,SINGAPORE,PARTNER,0.0,R,KGS,2026-08-20,Jun-2018  (R),gemstrategy_data/raw/import/71012100/71012100_2018_06.html
import,2018-06-01,2018,6,June,71012100,Cultured Pearls,Cultured pearls - unworked,SPAIN,PARTNER,0.0,R,KGS,2026-08-20,Jun-2018  (R),gemstrategy_data/raw/import/71012100/71012100_2018_06.html
import,2018-06-01,2018,6,June,71012100,Cultured Pearls,Cultured pearls - unworked,TAIWAN,PARTNER,0.0,R,KGS,2026-08-20,Jun-2018  (R),gemstrategy_data/raw/import/71012100/71012100_2018_06.html
import,2018-06-01,2018,6,June,71012100,Cultured Pearls,Cultured pearls - unworked,THAILAND,PARTNER,0.0,R,KGS,2026-08-20,Jun-2018  (R),gemstrategy_data/raw/import/71012100/71012100_2018_06.html
import,2018-06-01,2018,6,June,71012100,Cultured Pearls,Cultured pearls - unworked,U S A,PARTNER,0.0,R,KGS,2026-08-20,Jun-2018  (R),gemstrategy_data/raw/import/71012100/71012100_2018_06.html
import,2018-06-01,2018,6,June,71012100,Cultured Pearls,Cultured pearls - unworked,UNSPECIFIED,PARTNER,0.0,R,KGS,2026-08-20,Jun-2018  (R),gemstrategy_data/raw/import/71012100/71012100_2018_06.html
import,2018-06-01,2018,6,June,71012100,Cultured Pearls,Cultured pearls - unworked,Total,TOTAL,1.07,R,KGS,2026-08-20,Jun-2018  (R),gemstrategy_data/raw/import/71012100/71012100_2018_06.html
import,2018-06-01,2018,6,June,71012200,Cultured Pearls,Cultured pearls - worked,CANADA,PARTNER,0.0,R,KGS,2026-08-20,Jun-2018  (R),gemstrategy_data/raw/import/71012200/71012200_2018_06.html
import,2018-06-01,2018,6,June,71012200,Cultured Pearls,Cultured pearls - worked,CHINA P RP,PARTNER,0.0,R,KGS,2026-08-20,Jun-2018  (R),gemstrategy_data/raw/import/71012200/71012200_2018_06.html
import,2018-06-01,2018,6,June,71012200,Cultured Pearls,Cultured pearls - worked,FRANCE,PARTNER,0.0,R,KGS,2026-08-20,Jun-2018  (R),gemstrategy_data/raw/import/71012200/71012200_2018_06.html
import,2018-06-01,2018,6,June,71012200,Cultured Pearls,Cultured pearls - worked,GERMANY,PARTNER,0.0,R,KGS,2026-08-20,Jun-2018  (R),gemstrategy_data/raw/import/71012200/71012200_2018_06.html
import,2018-06-01,2018,6,June,71012200,Cultured Pearls,Cultured pearls - worked,HONG KONG,PARTNER,0.24,R,KGS,2026-08-20,Jun-2018  (R),gemstrategy_data/raw/import/71012200/71012200_2018_06.html
import,2018-06-01,2018,6,June,71012200,Cultured Pearls,Cultured pearls - worked,INDONESIA,PARTNER,0.0,R,KGS,2026-08-20,Jun-2018  (R),gemstrategy_data/raw/import/71012200/71012200_2018_06.html
import,2018-06-01,2018,6,June,71012200,Cultured Pearls,Cultured pearls - worked,ITALY,PARTNER,0.0,R,KGS,2026-08-20,Jun-2018  (R),gemstrategy_data/raw/import/71012200/71012200_2018_06.html
import,2018-06-01,2018,6,June,71012200,Cultured Pearls,Cultured pearls - worked,JAPAN,PARTNER,0.1,R,KGS,2026-08-20,Jun-2018  (R),gemstrategy_data/raw/import/71012200/71012200_2018_06.html
import,2018-06-01,2018,6,June,71012200,Cultured Pearls,Cultured pearls - worked,SPAIN,PARTNER,0.0,R,KGS,2026-08-20,Jun-2018  (R),gemstrategy_data/raw/import/71012200/71012200_2018_06.html
import,2018-06-01,2018,6,June,71012200,Cultured Pearls,Cultured pearls - worked,SWITZERLAND,PARTNER,0.0,R,KGS,2026-08-20,Jun-2018  (R),gemstrategy_data/raw/import/71012200/71012200_2018_06.html
import,2018-06-01,2018,6,June,71012200,Cultured Pearls,Cultured pearls - worked,THAILAND,PARTNER,0.01,R,KGS,2026-08-20,Jun-2018  (R),gemstrategy_data/raw/import/71012200/71012200_2018_06.html
import,2018-06-01,2018,6,June,71012200,Cultured Pearls,Cultured pearls - worked,U ARAB EMTS,PARTNER,0.0,R,KGS,2026-08-20,Jun-2018  (R),gemstrategy_data/raw/import/71012200/71012200_2018_06.html
import,2018-06-01,2018,6,June,71012200,Cultured Pearls,Cultured pearls - worked,U K,PARTNER,0.0,R,KGS,2026-08-20,Jun-2018  (R),gemstrategy_data/raw/import/71012200/71012200_2018_06.html
import,2018-06-01,2018,6,June,71012200,Cultured Pearls,Cultured pearls - worked,U S A,PARTNER,0.12,R,KGS,2026-08-20,Jun-2018  (R),gemstrategy_data/raw/import/71012200/71012200_2018_06.html
import,2018-06-01,2018,6,June,71012200,Cultured Pearls,Cultured pearls - worked,UNSPECIFIED,PARTNER,0.0,R,KGS,2026-08-20,Jun-2018  (R),gemstrategy_data/raw/import/71012200/71012200_2018_06.html
import,2018-06-01,2018,6,June,71012200,Cultured Pearls,Cultured pearls - worked,Total,TOTAL,0.47,R,KGS,2026-08-20,Jun-2018  (R),gemstrategy_data/raw/import/71012200/71012200_2018_06.html
import,2018-07-01,2018,7,July,71011010,Natural Pearls,Natural (real) pearls - unworked,CHINA P RP,PARTNER,0.03,R,KGS,2026-08-20,Jul-2018  (R),gemstrategy_data/raw/import/71011010/71011010_2018_07.html
import,2018-07-01,2018,7,July,71011010,Natural Pearls,Natural (real) pearls - unworked,HONG KONG,PARTNER,0.1,R,KGS,2026-08-20,Jul-2018  (R),gemstrategy_data/raw/import/71011010/71011010_2018_07.html
import,2018-07-01,2018,7,July,71011010,Natural Pearls,Natural (real) pearls - unworked,INDONESIA,PARTNER,0.0,R,KGS,2026-08-20,Jul-2018  (R),gemstrategy_data/raw/import/71011010/71011010_2018_07.html
import,2018-07-01,2018,7,July,71011010,Natural Pearls,Natural (real) pearls - unworked,JAPAN,PARTNER,0.03,R,KGS,2026-08-20,Jul-2018  (R),gemstrategy_data/raw/import/71011010/71011010_2018_07.html
import,2018-07-01,2018,7,July,71011010,Natural Pearls,Natural (real) pearls - unworked,KOREA RP,PARTNER,0.0,R,KGS,2026-08-20,Jul-2018  (R),gemstrategy_data/raw/import/71011010/71011010_2018_07.html
import,2018-07-01,2018,7,July,71011010,Natural Pearls,Natural (real) pearls - unworked,MEXICO,PARTNER,0.0,R,KGS,2026-08-20,Jul-2018  (R),gemstrategy_data/raw/import/71011010/71011010_2018_07.html
import,2018-07-01,2018,7,July,71011010,Natural Pearls,Natural (real) pearls - unworked,SWITZERLAND,PARTNER,0.0,R,KGS,2026-08-20,Jul-2018  (R),gemstrategy_data/raw/import/71011010/71011010_2018_07.html
import,2018-07-01,2018,7,July,71011010,Natural Pearls,Natural (real) pearls - unworked,U ARAB EMTS,PARTNER,0.0,R,KGS,2026-08-20,Jul-2018  (R),gemstrategy_data/raw/import/71011010/71011010_2018_07.html
import,2018-07-01,2018,7,July,71011010,Natural Pearls,Natural (real) pearls - unworked,U S A,PARTNER,0.0,R,KGS,2026-08-20,Jul-2018  (R),gemstrategy_data/raw/import/71011010/71011010_2018_07.html
import,2018-07-01,2018,7,July,71011010,Natural Pearls,Natural (real) pearls - unworked,UNSPECIFIED,PARTNER,0.0,R,KGS,2026-08-20,Jul-2018  (R),gemstrategy_data/raw/import/71011010/71011010_2018_07.html
import,2018-07-01,2018,7,July,71011010,Natural Pearls,Natural (real) pearls - unworked,Total,TOTAL,0.16,R,KGS,2026-08-20,Jul-2018  (R),gemstrategy_data/raw/import/71011010/71011010_2018_07.html
import,2018-07-01,2018,7,July,71011020,Natural Pearls,Natural (real) pearls - worked,BAHARAIN IS,PARTNER,0.0,R,KGS,2026-08-20,Jul-2018  (R),gemstrategy_data/raw/import/71011020/71011020_2018_07.html
import,2018-07-01,2018,7,July,71011020,Natural Pearls,Natural (real) pearls - worked,CHINA P RP,PARTNER,0.0,R,KGS,2026-08-20,Jul-2018  (R),gemstrategy_data/raw/import/71011020/71011020_2018_07.html
import,2018-07-01,2018,7,July,71011020,Natural Pearls,Natural (real) pearls - worked,GERMANY,PARTNER,0.0,R,KGS,2026-08-20,Jul-2018  (R),gemstrategy_data/raw/import/71011020/71011020_2018_07.html
import,2018-07-01,2018,7,July,71011020,Natural Pearls,Natural (real) pearls - worked,HONG KONG,PARTNER,0.04,R,KGS,2026-08-20,Jul-2018  (R),gemstrategy_data/raw/import/71011020/71011020_2018_07.html
import,2018-07-01,2018,7,July,71011020,Natural Pearls,Natural (real) pearls - worked,JAPAN,PARTNER,0.0,R,KGS,2026-08-20,Jul-2018  (R),gemstrategy_data/raw/import/71011020/71011020_2018_07.html
import,2018-07-01,2018,7,July,71011020,Natural Pearls,Natural (real) pearls - worked,SPAIN,PARTNER,0.0,R,KGS,2026-08-20,Jul-2018  (R),gemstrategy_data/raw/import/71011020/71011020_2018_07.html
import,2018-07-01,2018,7,July,71011020,Natural Pearls,Natural (real) pearls - worked,SWITZERLAND,PARTNER,0.0,R,KGS,2026-08-20,Jul-2018  (R),gemstrategy_data/raw/import/71011020/71011020_2018_07.html
import,2018-07-01,2018,7,July,71011020,Natural Pearls,Natural (real) pearls - worked,U ARAB EMTS,PARTNER,0.0,R,KGS,2026-08-20,Jul-2018  (R),gemstrategy_data/raw/import/71011020/71011020_2018_07.html
import,2018-07-01,2018,7,July,71011020,Natural Pearls,Natural (real) pearls - worked,U S A,PARTNER,0.0,R,KGS,2026-08-20,Jul-2018  (R),gemstrategy_data/raw/import/71011020/71011020_2018_07.html
import,2018-07-01,2018,7,July,71011020,Natural Pearls,Natural (real) pearls - worked,UNSPECIFIED,PARTNER,0.0,R,KGS,2026-08-20,Jul-2018  (R),gemstrategy_data/raw/import/71011020/71011020_2018_07.html
import,2018-07-01,2018,7,July,71011020,Natural Pearls,Natural (real) pearls - worked,Total,TOTAL,0.04,R,KGS,2026-08-20,Jul-2018  (R),gemstrategy_data/raw/import/71011020/71011020_2018_07.html
import,2018-07-01,2018,7,July,71012100,Cultured Pearls,Cultured pearls - unworked,CANADA,PARTNER,0.0,R,KGS,2026-08-20,Jul-2018  (R),gemstrategy_data/raw/import/71012100/71012100_2018_07.html
import,2018-07-01,2018,7,July,71012100,Cultured Pearls,Cultured pearls - unworked,CHINA P RP,PARTNER,0.47,R,KGS,2026-08-20,Jul-2018  (R),gemstrategy_data/raw/import/71012100/71012100_2018_07.html
import,2018-07-01,2018,7,July,71012100,Cultured Pearls,Cultured pearls - unworked,GERMANY,PARTNER,0.0,R,KGS,2026-08-20,Jul-2018  (R),gemstrategy_data/raw/import/71012100/71012100_2018_07.html
import,2018-07-01,2018,7,July,71012100,Cultured Pearls,Cultured pearls - unworked,HONG KONG,PARTNER,0.52,R,KGS,2026-08-20,Jul-2018  (R),gemstrategy_data/raw/import/71012100/71012100_2018_07.html
import,2018-07-01,2018,7,July,71012100,Cultured Pearls,Cultured pearls - unworked,ITALY,PARTNER,0.0,R,KGS,2026-08-20,Jul-2018  (R),gemstrategy_data/raw/import/71012100/71012100_2018_07.html
import,2018-07-01,2018,7,July,71012100,Cultured Pearls,Cultured pearls - unworked,JAPAN,PARTNER,0.09,R,KGS,2026-08-20,Jul-2018  (R),gemstrategy_data/raw/import/71012100/71012100_2018_07.html
import,2018-07-01,2018,7,July,71012100,Cultured Pearls,Cultured pearls - unworked,KOREA RP,PARTNER,0.0,R,KGS,2026-08-20,Jul-2018  (R),gemstrategy_data/raw/import/71012100/71012100_2018_07.html
import,2018-07-01,2018,7,July,71012100,Cultured Pearls,Cultured pearls - unworked,MEXICO,PARTNER,0.0,R,KGS,2026-08-20,Jul-2018  (R),gemstrategy_data/raw/import/71012100/71012100_2018_07.html
import,2018-07-01,2018,7,July,71012100,Cultured Pearls,Cultured pearls - unworked,SINGAPORE,PARTNER,0.0,R,KGS,2026-08-20,Jul-2018  (R),gemstrategy_data/raw/import/71012100/71012100_2018_07.html
import,2018-07-01,2018,7,July,71012100,Cultured Pearls,Cultured pearls - unworked,SPAIN,PARTNER,0.0,R,KGS,2026-08-20,Jul-2018  (R),gemstrategy_data/raw/import/71012100/71012100_2018_07.html
import,2018-07-01,2018,7,July,71012100,Cultured Pearls,Cultured pearls - unworked,TAIWAN,PARTNER,0.0,R,KGS,2026-08-20,Jul-2018  (R),gemstrategy_data/raw/import/71012100/71012100_2018_07.html
import,2018-07-01,2018,7,July,71012100,Cultured Pearls,Cultured pearls - unworked,THAILAND,PARTNER,0.0,R,KGS,2026-08-20,Jul-2018  (R),gemstrategy_data/raw/import/71012100/71012100_2018_07.html
import,2018-07-01,2018,7,July,71012100,Cultured Pearls,Cultured pearls - unworked,U S A,PARTNER,0.0,R,KGS,2026-08-20,Jul-2018  (R),gemstrategy_data/raw/import/71012100/71012100_2018_07.html
import,2018-07-01,2018,7,July,71012100,Cultured Pearls,Cultured pearls - unworked,UNSPECIFIED,PARTNER,0.0,R,KGS,2026-08-20,Jul-2018  (R),gemstrategy_data/raw/import/71012100/71012100_2018_07.html
import,2018-07-01,2018,7,July,71012100,Cultured Pearls,Cultured pearls - unworked,Total,TOTAL,1.08,R,KGS,2026-08-20,Jul-2018  (R),gemstrategy_data/raw/import/71012100/71012100_2018_07.html
import,2018-07-01,2018,7,July,71012200,Cultured Pearls,Cultured pearls - worked,CANADA,PARTNER,0.0,R,KGS,2026-08-20,Jul-2018  (R),gemstrategy_data/raw/import/71012200/71012200_2018_07.html
import,2018-07-01,2018,7,July,71012200,Cultured Pearls,Cultured pearls - worked,CHINA P RP,PARTNER,0.04,R,KGS,2026-08-20,Jul-2018  (R),gemstrategy_data/raw/import/71012200/71012200_2018_07.html
import,2018-07-01,2018,7,July,71012200,Cultured Pearls,Cultured pearls - worked,FRANCE,PARTNER,0.0,R,KGS,2026-08-20,Jul-2018  (R),gemstrategy_data/raw/import/71012200/71012200_2018_07.html
import,2018-07-01,2018,7,July,71012200,Cultured Pearls,Cultured pearls - worked,GERMANY,PARTNER,0.0,R,KGS,2026-08-20,Jul-2018  (R),gemstrategy_data/raw/import/71012200/71012200_2018_07.html
import,2018-07-01,2018,7,July,71012200,Cultured Pearls,Cultured pearls - worked,HONG KONG,PARTNER,0.02,R,KGS,2026-08-20,Jul-2018  (R),gemstrategy_data/raw/import/71012200/71012200_2018_07.html
import,2018-07-01,2018,7,July,71012200,Cultured Pearls,Cultured pearls - worked,INDONESIA,PARTNER,0.0,R,KGS,2026-08-20,Jul-2018  (R),gemstrategy_data/raw/import/71012200/71012200_2018_07.html
import,2018-07-01,2018,7,July,71012200,Cultured Pearls,Cultured pearls - worked,ITALY,PARTNER,0.01,R,KGS,2026-08-20,Jul-2018  (R),gemstrategy_data/raw/import/71012200/71012200_2018_07.html
import,2018-07-01,2018,7,July,71012200,Cultured Pearls,Cultured pearls - worked,JAPAN,PARTNER,0.2,R,KGS,2026-08-20,Jul-2018  (R),gemstrategy_data/raw/import/71012200/71012200_2018_07.html
import,2018-07-01,2018,7,July,71012200,Cultured Pearls,Cultured pearls - worked,SPAIN,PARTNER,0.0,R,KGS,2026-08-20,Jul-2018  (R),gemstrategy_data/raw/import/71012200/71012200_2018_07.html
import,2018-07-01,2018,7,July,71012200,Cultured Pearls,Cultured pearls - worked,SWITZERLAND,PARTNER,0.0,R,KGS,2026-08-20,Jul-2018  (R),gemstrategy_data/raw/import/71012200/71012200_2018_07.html
import,2018-07-01,2018,7,July,71012200,Cultured Pearls,Cultured pearls - worked,THAILAND,PARTNER,0.0,R,KGS,2026-08-20,Jul-2018  (R),gemstrategy_data/raw/import/71012200/71012200_2018_07.html
import,2018-07-01,2018,7,July,71012200,Cultured Pearls,Cultured pearls - worked,U ARAB EMTS,PARTNER,0.0,R,KGS,2026-08-20,Jul-2018  (R),gemstrategy_data/raw/import/71012200/71012200_2018_07.html
import,2018-07-01,2018,7,July,71012200,Cultured Pearls,Cultured pearls - worked,U K,PARTNER,0.0,R,KGS,2026-08-20,Jul-2018  (R),gemstrategy_data/raw/import/71012200/71012200_2018_07.html
import,2018-07-01,2018,7,July,71012200,Cultured Pearls,Cultured pearls - worked,U S A,PARTNER,0.03,R,KGS,2026-08-20,Jul-2018  (R),gemstrategy_data/raw/import/71012200/71012200_2018_07.html
import,2018-07-01,2018,7,July,71012200,Cultured Pearls,Cultured pearls - worked,UNSPECIFIED,PARTNER,0.0,R,KGS,2026-08-20,Jul-2018  (R),gemstrategy_data/raw/import/71012200/71012200_2018_07.html
import,2018-07-01,2018,7,July,71012200,Cultured Pearls,Cultured pearls - worked,Total,TOTAL,0.31,R,KGS,2026-08-20,Jul-2018  (R),gemstrategy_data/raw/import/71012200/71012200_2018_07.html
import,2018-08-01,2018,8,August,71011010,Natural Pearls,Natural (real) pearls - unworked,CHINA P RP,PARTNER,0.0,R,KGS,2026-08-20,Aug-2018  (R),gemstrategy_data/raw/import/71011010/71011010_2018_08.html
import,2018-08-01,2018,8,August,71011010,Natural Pearls,Natural (real) pearls - unworked,HONG KONG,PARTNER,0.01,R,KGS,2026-08-20,Aug-2018  (R),gemstrategy_data/raw/import/71011010/71011010_2018_08.html
import,2018-08-01,2018,8,August,71011010,Natural Pearls,Natural (real) pearls - unworked,INDONESIA,PARTNER,0.0,R,KGS,2026-08-20,Aug-2018  (R),gemstrategy_data/raw/import/71011010/71011010_2018_08.html
import,2018-08-01,2018,8,August,71011010,Natural Pearls,Natural (real) pearls - unworked,JAPAN,PARTNER,0.02,R,KGS,2026-08-20,Aug-2018  (R),gemstrategy_data/raw/import/71011010/71011010_2018_08.html
import,2018-08-01,2018,8,August,71011010,Natural Pearls,Natural (real) pearls - unworked,KOREA RP,PARTNER,0.0,R,KGS,2026-08-20,Aug-2018  (R),gemstrategy_data/raw/import/71011010/71011010_2018_08.html
import,2018-08-01,2018,8,August,71011010,Natural Pearls,Natural (real) pearls - unworked,MEXICO,PARTNER,0.0,R,KGS,2026-08-20,Aug-2018  (R),gemstrategy_data/raw/import/71011010/71011010_2018_08.html
import,2018-08-01,2018,8,August,71011010,Natural Pearls,Natural (real) pearls - unworked,SPAIN,PARTNER,0.0,R,KGS,2026-08-20,Aug-2018  (R),gemstrategy_data/raw/import/71011010/71011010_2018_08.html
import,2018-08-01,2018,8,August,71011010,Natural Pearls,Natural (real) pearls - unworked,SWITZERLAND,PARTNER,0.0,R,KGS,2026-08-20,Aug-2018  (R),gemstrategy_data/raw/import/71011010/71011010_2018_08.html
import,2018-08-01,2018,8,August,71011010,Natural Pearls,Natural (real) pearls - unworked,U ARAB EMTS,PARTNER,0.0,R,KGS,2026-08-20,Aug-2018  (R),gemstrategy_data/raw/import/71011010/71011010_2018_08.html
import,2018-08-01,2018,8,August,71011010,Natural Pearls,Natural (real) pearls - unworked,U S A,PARTNER,0.0,R,KGS,2026-08-20,Aug-2018  (R),gemstrategy_data/raw/import/71011010/71011010_2018_08.html
import,2018-08-01,2018,8,August,71011010,Natural Pearls,Natural (real) pearls - unworked,UNSPECIFIED,PARTNER,0.0,R,KGS,2026-08-20,Aug-2018  (R),gemstrategy_data/raw/import/71011010/71011010_2018_08.html
import,2018-08-01,2018,8,August,71011010,Natural Pearls,Natural (real) pearls - unworked,Total,TOTAL,0.03,R,KGS,2026-08-20,Aug-2018  (R),gemstrategy_data/raw/import/71011010/71011010_2018_08.html
import,2018-08-01,2018,8,August,71011020,Natural Pearls,Natural (real) pearls - worked,BAHARAIN IS,PARTNER,0.0,R,KGS,2026-08-20,Aug-2018  (R),gemstrategy_data/raw/import/71011020/71011020_2018_08.html
import,2018-08-01,2018,8,August,71011020,Natural Pearls,Natural (real) pearls - worked,CHINA P RP,PARTNER,0.0,R,KGS,2026-08-20,Aug-2018  (R),gemstrategy_data/raw/import/71011020/71011020_2018_08.html
import,2018-08-01,2018,8,August,71011020,Natural Pearls,Natural (real) pearls - worked,GERMANY,PARTNER,0.0,R,KGS,2026-08-20,Aug-2018  (R),gemstrategy_data/raw/import/71011020/71011020_2018_08.html
import,2018-08-01,2018,8,August,71011020,Natural Pearls,Natural (real) pearls - worked,HONG KONG,PARTNER,0.05,R,KGS,2026-08-20,Aug-2018  (R),gemstrategy_data/raw/import/71011020/71011020_2018_08.html
import,2018-08-01,2018,8,August,71011020,Natural Pearls,Natural (real) pearls - worked,JAPAN,PARTNER,0.02,R,KGS,2026-08-20,Aug-2018  (R),gemstrategy_data/raw/import/71011020/71011020_2018_08.html
import,2018-08-01,2018,8,August,71011020,Natural Pearls,Natural (real) pearls - worked,SPAIN,PARTNER,0.0,R,KGS,2026-08-20,Aug-2018  (R),gemstrategy_data/raw/import/71011020/71011020_2018_08.html
import,2018-08-01,2018,8,August,71011020,Natural Pearls,Natural (real) pearls - worked,SWITZERLAND,PARTNER,0.0,R,KGS,2026-08-20,Aug-2018  (R),gemstrategy_data/raw/import/71011020/71011020_2018_08.html
import,2018-08-01,2018,8,August,71011020,Natural Pearls,Natural (real) pearls - worked,U ARAB EMTS,PARTNER,0.0,R,KGS,2026-08-20,Aug-2018  (R),gemstrategy_data/raw/import/71011020/71011020_2018_08.html
import,2018-08-01,2018,8,August,71011020,Natural Pearls,Natural (real) pearls - worked,U S A,PARTNER,0.0,R,KGS,2026-08-20,Aug-2018  (R),gemstrategy_data/raw/import/71011020/71011020_2018_08.html
import,2018-08-01,2018,8,August,71011020,Natural Pearls,Natural (real) pearls - worked,UNSPECIFIED,PARTNER,0.0,R,KGS,2026-08-20,Aug-2018  (R),gemstrategy_data/raw/import/71011020/71011020_2018_08.html
import,2018-08-01,2018,8,August,71011020,Natural Pearls,Natural (real) pearls - worked,Total,TOTAL,0.07,R,KGS,2026-08-20,Aug-2018  (R),gemstrategy_data/raw/import/71011020/71011020_2018_08.html
import,2018-08-01,2018,8,August,71012100,Cultured Pearls,Cultured pearls - unworked,CANADA,PARTNER,0.0,R,KGS,2026-08-20,Aug-2018  (R),gemstrategy_data/raw/import/71012100/71012100_2018_08.html
import,2018-08-01,2018,8,August,71012100,Cultured Pearls,Cultured pearls - unworked,CHINA P RP,PARTNER,0.65,R,KGS,2026-08-20,Aug-2018  (R),gemstrategy_data/raw/import/71012100/71012100_2018_08.html
import,2018-08-01,2018,8,August,71012100,Cultured Pearls,Cultured pearls - unworked,GERMANY,PARTNER,0.0,R,KGS,2026-08-20,Aug-2018  (R),gemstrategy_data/raw/import/71012100/71012100_2018_08.html
import,2018-08-01,2018,8,August,71012100,Cultured Pearls,Cultured pearls - unworked,HONG KONG,PARTNER,0.23,R,KGS,2026-08-20,Aug-2018  (R),gemstrategy_data/raw/import/71012100/71012100_2018_08.html
import,2018-08-01,2018,8,August,71012100,Cultured Pearls,Cultured pearls - unworked,ITALY,PARTNER,0.0,R,KGS,2026-08-20,Aug-2018  (R),gemstrategy_data/raw/import/71012100/71012100_2018_08.html
import,2018-08-01,2018,8,August,71012100,Cultured Pearls,Cultured pearls - unworked,JAPAN,PARTNER,0.2,R,KGS,2026-08-20,Aug-2018  (R),gemstrategy_data/raw/import/71012100/71012100_2018_08.html
import,2018-08-01,2018,8,August,71012100,Cultured Pearls,Cultured pearls - unworked,KOREA RP,PARTNER,0.0,R,KGS,2026-08-20,Aug-2018  (R),gemstrategy_data/raw/import/71012100/71012100_2018_08.html
import,2018-08-01,2018,8,August,71012100,Cultured Pearls,Cultured pearls - unworked,MEXICO,PARTNER,0.0,R,KGS,2026-08-20,Aug-2018  (R),gemstrategy_data/raw/import/71012100/71012100_2018_08.html
import,2018-08-01,2018,8,August,71012100,Cultured Pearls,Cultured pearls - unworked,SINGAPORE,PARTNER,0.0,R,KGS,2026-08-20,Aug-2018  (R),gemstrategy_data/raw/import/71012100/71012100_2018_08.html
import,2018-08-01,2018,8,August,71012100,Cultured Pearls,Cultured pearls - unworked,SPAIN,PARTNER,0.0,R,KGS,2026-08-20,Aug-2018  (R),gemstrategy_data/raw/import/71012100/71012100_2018_08.html
import,2018-08-01,2018,8,August,71012100,Cultured Pearls,Cultured pearls - unworked,TAIWAN,PARTNER,0.0,R,KGS,2026-08-20,Aug-2018  (R),gemstrategy_data/raw/import/71012100/71012100_2018_08.html
import,2018-08-01,2018,8,August,71012100,Cultured Pearls,Cultured pearls - unworked,THAILAND,PARTNER,0.0,R,KGS,2026-08-20,Aug-2018  (R),gemstrategy_data/raw/import/71012100/71012100_2018_08.html
import,2018-08-01,2018,8,August,71012100,Cultured Pearls,Cultured pearls - unworked,U S A,PARTNER,0.0,R,KGS,2026-08-20,Aug-2018  (R),gemstrategy_data/raw/import/71012100/71012100_2018_08.html
import,2018-08-01,2018,8,August,71012100,Cultured Pearls,Cultured pearls - unworked,UNSPECIFIED,PARTNER,0.0,R,KGS,2026-08-20,Aug-2018  (R),gemstrategy_data/raw/import/71012100/71012100_2018_08.html
import,2018-08-01,2018,8,August,71012100,Cultured Pearls,Cultured pearls - unworked,Total,TOTAL,1.08,R,KGS,2026-08-20,Aug-2018  (R),gemstrategy_data/raw/import/71012100/71012100_2018_08.html
import,2018-08-01,2018,8,August,71012200,Cultured Pearls,Cultured pearls - worked,CANADA,PARTNER,0.0,R,KGS,2026-08-20,Aug-2018  (R),gemstrategy_data/raw/import/71012200/71012200_2018_08.html
import,2018-08-01,2018,8,August,71012200,Cultured Pearls,Cultured pearls - worked,CHINA P RP,PARTNER,0.0,R,KGS,2026-08-20,Aug-2018  (R),gemstrategy_data/raw/import/71012200/71012200_2018_08.html
import,2018-08-01,2018,8,August,71012200,Cultured Pearls,Cultured pearls - worked,FRANCE,PARTNER,0.0,R,KGS,2026-08-20,Aug-2018  (R),gemstrategy_data/raw/import/71012200/71012200_2018_08.html
import,2018-08-01,2018,8,August,71012200,Cultured Pearls,Cultured pearls - worked,GERMANY,PARTNER,0.0,R,KGS,2026-08-20,Aug-2018  (R),gemstrategy_data/raw/import/71012200/71012200_2018_08.html
import,2018-08-01,2018,8,August,71012200,Cultured Pearls,Cultured pearls - worked,HONG KONG,PARTNER,0.08,R,KGS,2026-08-20,Aug-2018  (R),gemstrategy_data/raw/import/71012200/71012200_2018_08.html
import,2018-08-01,2018,8,August,71012200,Cultured Pearls,Cultured pearls - worked,INDONESIA,PARTNER,0.0,R,KGS,2026-08-20,Aug-2018  (R),gemstrategy_data/raw/import/71012200/71012200_2018_08.html
import,2018-08-01,2018,8,August,71012200,Cultured Pearls,Cultured pearls - worked,ITALY,PARTNER,0.0,R,KGS,2026-08-20,Aug-2018  (R),gemstrategy_data/raw/import/71012200/71012200_2018_08.html
import,2018-08-01,2018,8,August,71012200,Cultured Pearls,Cultured pearls - worked,JAPAN,PARTNER,0.24,R,KGS,2026-08-20,Aug-2018  (R),gemstrategy_data/raw/import/71012200/71012200_2018_08.html
import,2018-08-01,2018,8,August,71012200,Cultured Pearls,Cultured pearls - worked,KOREA RP,PARTNER,0.0,R,KGS,2026-08-20,Aug-2018  (R),gemstrategy_data/raw/import/71012200/71012200_2018_08.html
import,2018-08-01,2018,8,August,71012200,Cultured Pearls,Cultured pearls - worked,SPAIN,PARTNER,0.0,R,KGS,2026-08-20,Aug-2018  (R),gemstrategy_data/raw/import/71012200/71012200_2018_08.html
import,2018-08-01,2018,8,August,71012200,Cultured Pearls,Cultured pearls - worked,SWITZERLAND,PARTNER,0.0,R,KGS,2026-08-20,Aug-2018  (R),gemstrategy_data/raw/import/71012200/71012200_2018_08.html
import,2018-08-01,2018,8,August,71012200,Cultured Pearls,Cultured pearls - worked,THAILAND,PARTNER,0.0,R,KGS,2026-08-20,Aug-2018  (R),gemstrategy_data/raw/import/71012200/71012200_2018_08.html
import,2018-08-01,2018,8,August,71012200,Cultured Pearls,Cultured pearls - worked,U ARAB EMTS,PARTNER,0.0,R,KGS,2026-08-20,Aug-2018  (R),gemstrategy_data/raw/import/71012200/71012200_2018_08.html
import,2018-08-01,2018,8,August,71012200,Cultured Pearls,Cultured pearls - worked,U K,PARTNER,0.0,R,KGS,2026-08-20,Aug-2018  (R),gemstrategy_data/raw/import/71012200/71012200_2018_08.html
import,2018-08-01,2018,8,August,71012200,Cultured Pearls,Cultured pearls - worked,U S A,PARTNER,0.01,R,KGS,2026-08-20,Aug-2018  (R),gemstrategy_data/raw/import/71012200/71012200_2018_08.html
import,2018-08-01,2018,8,August,71012200,Cultured Pearls,Cultured pearls - worked,UNSPECIFIED,PARTNER,0.0,R,KGS,2026-08-20,Aug-2018  (R),gemstrategy_data/raw/import/71012200/71012200_2018_08.html
import,2018-08-01,2018,8,August,71012200,Cultured Pearls,Cultured pearls - worked,Total,TOTAL,0.34,R,KGS,2026-08-20,Aug-2018  (R),gemstrategy_data/raw/import/71012200/71012200_2018_08.html
import,2018-09-01,2018,9,September,71011010,Natural Pearls,Natural (real) pearls - unworked,CHINA P RP,PARTNER,0.0,R,KGS,2026-08-20,Sep-2018  (R),gemstrategy_data/raw/import/71011010/71011010_2018_09.html
import,2018-09-01,2018,9,September,71011010,Natural Pearls,Natural (real) pearls - unworked,HONG KONG,PARTNER,0.03,R,KGS,2026-08-20,Sep-2018  (R),gemstrategy_data/raw/import/71011010/71011010_2018_09.html
import,2018-09-01,2018,9,September,71011010,Natural Pearls,Natural (real) pearls - unworked,INDONESIA,PARTNER,0.0,R,KGS,2026-08-20,Sep-2018  (R),gemstrategy_data/raw/import/71011010/71011010_2018_09.html
import,2018-09-01,2018,9,September,71011010,Natural Pearls,Natural (real) pearls - unworked,JAPAN,PARTNER,0.0,R,KGS,2026-08-20,Sep-2018  (R),gemstrategy_data/raw/import/71011010/71011010_2018_09.html
import,2018-09-01,2018,9,September,71011010,Natural Pearls,Natural (real) pearls - unworked,KOREA RP,PARTNER,0.0,R,KGS,2026-08-20,Sep-2018  (R),gemstrategy_data/raw/import/71011010/71011010_2018_09.html
import,2018-09-01,2018,9,September,71011010,Natural Pearls,Natural (real) pearls - unworked,MEXICO,PARTNER,0.0,R,KGS,2026-08-20,Sep-2018  (R),gemstrategy_data/raw/import/71011010/71011010_2018_09.html
import,2018-09-01,2018,9,September,71011010,Natural Pearls,Natural (real) pearls - unworked,SPAIN,PARTNER,0.0,R,KGS,2026-08-20,Sep-2018  (R),gemstrategy_data/raw/import/71011010/71011010_2018_09.html
import,2018-09-01,2018,9,September,71011010,Natural Pearls,Natural (real) pearls - unworked,SWITZERLAND,PARTNER,0.0,R,KGS,2026-08-20,Sep-2018  (R),gemstrategy_data/raw/import/71011010/71011010_2018_09.html
import,2018-09-01,2018,9,September,71011010,Natural Pearls,Natural (real) pearls - unworked,U ARAB EMTS,PARTNER,0.0,R,KGS,2026-08-20,Sep-2018  (R),gemstrategy_data/raw/import/71011010/71011010_2018_09.html
import,2018-09-01,2018,9,September,71011010,Natural Pearls,Natural (real) pearls - unworked,U S A,PARTNER,0.0,R,KGS,2026-08-20,Sep-2018  (R),gemstrategy_data/raw/import/71011010/71011010_2018_09.html
import,2018-09-01,2018,9,September,71011010,Natural Pearls,Natural (real) pearls - unworked,UNSPECIFIED,PARTNER,0.0,R,KGS,2026-08-20,Sep-2018  (R),gemstrategy_data/raw/import/71011010/71011010_2018_09.html
import,2018-09-01,2018,9,September,71011010,Natural Pearls,Natural (real) pearls - unworked,Total,TOTAL,0.03,R,KGS,2026-08-20,Sep-2018  (R),gemstrategy_data/raw/import/71011010/71011010_2018_09.html
import,2018-09-01,2018,9,September,71011020,Natural Pearls,Natural (real) pearls - worked,BAHARAIN IS,PARTNER,0.0,R,KGS,2026-08-20,Sep-2018  (R),gemstrategy_data/raw/import/71011020/71011020_2018_09.html
import,2018-09-01,2018,9,September,71011020,Natural Pearls,Natural (real) pearls - worked,CHINA P RP,PARTNER,0.0,R,KGS,2026-08-20,Sep-2018  (R),gemstrategy_data/raw/import/71011020/71011020_2018_09.html
import,2018-09-01,2018,9,September,71011020,Natural Pearls,Natural (real) pearls - worked,GERMANY,PARTNER,0.0,R,KGS,2026-08-20,Sep-2018  (R),gemstrategy_data/raw/import/71011020/71011020_2018_09.html
import,2018-09-01,2018,9,September,71011020,Natural Pearls,Natural (real) pearls - worked,HONG KONG,PARTNER,0.41,R,KGS,2026-08-20,Sep-2018  (R),gemstrategy_data/raw/import/71011020/71011020_2018_09.html
import,2018-09-01,2018,9,September,71011020,Natural Pearls,Natural (real) pearls - worked,JAPAN,PARTNER,0.0,R,KGS,2026-08-20,Sep-2018  (R),gemstrategy_data/raw/import/71011020/71011020_2018_09.html
import,2018-09-01,2018,9,September,71011020,Natural Pearls,Natural (real) pearls - worked,SPAIN,PARTNER,0.0,R,KGS,2026-08-20,Sep-2018  (R),gemstrategy_data/raw/import/71011020/71011020_2018_09.html
import,2018-09-01,2018,9,September,71011020,Natural Pearls,Natural (real) pearls - worked,SWITZERLAND,PARTNER,0.09,R,KGS,2026-08-20,Sep-2018  (R),gemstrategy_data/raw/import/71011020/71011020_2018_09.html
import,2018-09-01,2018,9,September,71011020,Natural Pearls,Natural (real) pearls - worked,THAILAND,PARTNER,0.0,R,KGS,2026-08-20,Sep-2018  (R),gemstrategy_data/raw/import/71011020/71011020_2018_09.html
import,2018-09-01,2018,9,September,71011020,Natural Pearls,Natural (real) pearls - worked,U ARAB EMTS,PARTNER,0.0,R,KGS,2026-08-20,Sep-2018  (R),gemstrategy_data/raw/import/71011020/71011020_2018_09.html
import,2018-09-01,2018,9,September,71011020,Natural Pearls,Natural (real) pearls - worked,U S A,PARTNER,0.0,R,KGS,2026-08-20,Sep-2018  (R),gemstrategy_data/raw/import/71011020/71011020_2018_09.html
import,2018-09-01,2018,9,September,71011020,Natural Pearls,Natural (real) pearls - worked,UNSPECIFIED,PARTNER,0.0,R,KGS,2026-08-20,Sep-2018  (R),gemstrategy_data/raw/import/71011020/71011020_2018_09.html
import,2018-09-01,2018,9,September,71011020,Natural Pearls,Natural (real) pearls - worked,Total,TOTAL,0.51,R,KGS,2026-08-20,Sep-2018  (R),gemstrategy_data/raw/import/71011020/71011020_2018_09.html
import,2018-09-01,2018,9,September,71012100,Cultured Pearls,Cultured pearls - unworked,CANADA,PARTNER,0.0,R,KGS,2026-08-20,Sep-2018  (R),gemstrategy_data/raw/import/71012100/71012100_2018_09.html
import,2018-09-01,2018,9,September,71012100,Cultured Pearls,Cultured pearls - unworked,CHINA P RP,PARTNER,0.25,R,KGS,2026-08-20,Sep-2018  (R),gemstrategy_data/raw/import/71012100/71012100_2018_09.html
import,2018-09-01,2018,9,September,71012100,Cultured Pearls,Cultured pearls - unworked,GERMANY,PARTNER,0.0,R,KGS,2026-08-20,Sep-2018  (R),gemstrategy_data/raw/import/71012100/71012100_2018_09.html
import,2018-09-01,2018,9,September,71012100,Cultured Pearls,Cultured pearls - unworked,HONG KONG,PARTNER,0.58,R,KGS,2026-08-20,Sep-2018  (R),gemstrategy_data/raw/import/71012100/71012100_2018_09.html
import,2018-09-01,2018,9,September,71012100,Cultured Pearls,Cultured pearls - unworked,ITALY,PARTNER,0.0,R,KGS,2026-08-20,Sep-2018  (R),gemstrategy_data/raw/import/71012100/71012100_2018_09.html
import,2018-09-01,2018,9,September,71012100,Cultured Pearls,Cultured pearls - unworked,JAPAN,PARTNER,0.09,R,KGS,2026-08-20,Sep-2018  (R),gemstrategy_data/raw/import/71012100/71012100_2018_09.html
import,2018-09-01,2018,9,September,71012100,Cultured Pearls,Cultured pearls - unworked,KOREA RP,PARTNER,0.0,R,KGS,2026-08-20,Sep-2018  (R),gemstrategy_data/raw/import/71012100/71012100_2018_09.html
import,2018-09-01,2018,9,September,71012100,Cultured Pearls,Cultured pearls - unworked,MEXICO,PARTNER,0.0,R,KGS,2026-08-20,Sep-2018  (R),gemstrategy_data/raw/import/71012100/71012100_2018_09.html
import,2018-09-01,2018,9,September,71012100,Cultured Pearls,Cultured pearls - unworked,SINGAPORE,PARTNER,0.0,R,KGS,2026-08-20,Sep-2018  (R),gemstrategy_data/raw/import/71012100/71012100_2018_09.html
import,2018-09-01,2018,9,September,71012100,Cultured Pearls,Cultured pearls - unworked,SPAIN,PARTNER,0.0,R,KGS,2026-08-20,Sep-2018  (R),gemstrategy_data/raw/import/71012100/71012100_2018_09.html
import,2018-09-01,2018,9,September,71012100,Cultured Pearls,Cultured pearls - unworked,TAIWAN,PARTNER,0.0,R,KGS,2026-08-20,Sep-2018  (R),gemstrategy_data/raw/import/71012100/71012100_2018_09.html
import,2018-09-01,2018,9,September,71012100,Cultured Pearls,Cultured pearls - unworked,THAILAND,PARTNER,0.0,R,KGS,2026-08-20,Sep-2018  (R),gemstrategy_data/raw/import/71012100/71012100_2018_09.html
import,2018-09-01,2018,9,September,71012100,Cultured Pearls,Cultured pearls - unworked,U ARAB EMTS,PARTNER,0.0,R,KGS,2026-08-20,Sep-2018  (R),gemstrategy_data/raw/import/71012100/71012100_2018_09.html
import,2018-09-01,2018,9,September,71012100,Cultured Pearls,Cultured pearls - unworked,U S A,PARTNER,0.0,R,KGS,2026-08-20,Sep-2018  (R),gemstrategy_data/raw/import/71012100/71012100_2018_09.html
import,2018-09-01,2018,9,September,71012100,Cultured Pearls,Cultured pearls - unworked,UNSPECIFIED,PARTNER,0.0,R,KGS,2026-08-20,Sep-2018  (R),gemstrategy_data/raw/import/71012100/71012100_2018_09.html
import,2018-09-01,2018,9,September,71012100,Cultured Pearls,Cultured pearls - unworked,Total,TOTAL,0.92,R,KGS,2026-08-20,Sep-2018  (R),gemstrategy_data/raw/import/71012100/71012100_2018_09.html
import,2018-09-01,2018,9,September,71012200,Cultured Pearls,Cultured pearls - worked,AUSTRALIA,PARTNER,0.01,R,KGS,2026-08-20,Sep-2018  (R),gemstrategy_data/raw/import/71012200/71012200_2018_09.html
import,2018-09-01,2018,9,September,71012200,Cultured Pearls,Cultured pearls - worked,CANADA,PARTNER,0.0,R,KGS,2026-08-20,Sep-2018  (R),gemstrategy_data/raw/import/71012200/71012200_2018_09.html
import,2018-09-01,2018,9,September,71012200,Cultured Pearls,Cultured pearls - worked,CHINA P RP,PARTNER,0.0,R,KGS,2026-08-20,Sep-2018  (R),gemstrategy_data/raw/import/71012200/71012200_2018_09.html
import,2018-09-01,2018,9,September,71012200,Cultured Pearls,Cultured pearls - worked,FRANCE,PARTNER,0.0,R,KGS,2026-08-20,Sep-2018  (R),gemstrategy_data/raw/import/71012200/71012200_2018_09.html
import,2018-09-01,2018,9,September,71012200,Cultured Pearls,Cultured pearls - worked,GERMANY,PARTNER,0.0,R,KGS,2026-08-20,Sep-2018  (R),gemstrategy_data/raw/import/71012200/71012200_2018_09.html
import,2018-09-01,2018,9,September,71012200,Cultured Pearls,Cultured pearls - worked,HONG KONG,PARTNER,0.13,R,KGS,2026-08-20,Sep-2018  (R),gemstrategy_data/raw/import/71012200/71012200_2018_09.html
import,2018-09-01,2018,9,September,71012200,Cultured Pearls,Cultured pearls - worked,INDONESIA,PARTNER,0.05,R,KGS,2026-08-20,Sep-2018  (R),gemstrategy_data/raw/import/71012200/71012200_2018_09.html
import,2018-09-01,2018,9,September,71012200,Cultured Pearls,Cultured pearls - worked,ITALY,PARTNER,0.0,R,KGS,2026-08-20,Sep-2018  (R),gemstrategy_data/raw/import/71012200/71012200_2018_09.html
import,2018-09-01,2018,9,September,71012200,Cultured Pearls,Cultured pearls - worked,JAPAN,PARTNER,0.24,R,KGS,2026-08-20,Sep-2018  (R),gemstrategy_data/raw/import/71012200/71012200_2018_09.html
import,2018-09-01,2018,9,September,71012200,Cultured Pearls,Cultured pearls - worked,KOREA RP,PARTNER,0.0,R,KGS,2026-08-20,Sep-2018  (R),gemstrategy_data/raw/import/71012200/71012200_2018_09.html
import,2018-09-01,2018,9,September,71012200,Cultured Pearls,Cultured pearls - worked,SPAIN,PARTNER,0.0,R,KGS,2026-08-20,Sep-2018  (R),gemstrategy_data/raw/import/71012200/71012200_2018_09.html
import,2018-09-01,2018,9,September,71012200,Cultured Pearls,Cultured pearls - worked,SWITZERLAND,PARTNER,0.0,R,KGS,2026-08-20,Sep-2018  (R),gemstrategy_data/raw/import/71012200/71012200_2018_09.html
import,2018-09-01,2018,9,September,71012200,Cultured Pearls,Cultured pearls - worked,THAILAND,PARTNER,0.04,R,KGS,2026-08-20,Sep-2018  (R),gemstrategy_data/raw/import/71012200/71012200_2018_09.html
import,2018-09-01,2018,9,September,71012200,Cultured Pearls,Cultured pearls - worked,U ARAB EMTS,PARTNER,0.0,R,KGS,2026-08-20,Sep-2018  (R),gemstrategy_data/raw/import/71012200/71012200_2018_09.html
import,2018-09-01,2018,9,September,71012200,Cultured Pearls,Cultured pearls - worked,U K,PARTNER,0.0,R,KGS,2026-08-20,Sep-2018  (R),gemstrategy_data/raw/import/71012200/71012200_2018_09.html
import,2018-09-01,2018,9,September,71012200,Cultured Pearls,Cultured pearls - worked,U S A,PARTNER,0.0,R,KGS,2026-08-20,Sep-2018  (R),gemstrategy_data/raw/import/71012200/71012200_2018_09.html
import,2018-09-01,2018,9,September,71012200,Cultured Pearls,Cultured pearls - worked,UNSPECIFIED,PARTNER,0.0,R,KGS,2026-08-20,Sep-2018  (R),gemstrategy_data/raw/import/71012200/71012200_2018_09.html
import,2018-09-01,2018,9,September,71012200,Cultured Pearls,Cultured pearls - worked,VIETNAM SOC REP,PARTNER,0.0,R,KGS,2026-08-20,Sep-2018  (R),gemstrategy_data/raw/import/71012200/71012200_2018_09.html
import,2018-09-01,2018,9,September,71012200,Cultured Pearls,Cultured pearls - worked,Total,TOTAL,0.48,R,KGS,2026-08-20,Sep-2018  (R),gemstrategy_data/raw/import/71012200/71012200_2018_09.html
import,2018-10-01,2018,10,October,71011010,Natural Pearls,Natural (real) pearls - unworked,CHINA P RP,PARTNER,0.0,R,KGS,2026-08-20,Oct-2018  (R),gemstrategy_data/raw/import/71011010/71011010_2018_10.html
import,2018-10-01,2018,10,October,71011010,Natural Pearls,Natural (real) pearls - unworked,HONG KONG,PARTNER,0.02,R,KGS,2026-08-20,Oct-2018  (R),gemstrategy_data/raw/import/71011010/71011010_2018_10.html
import,2018-10-01,2018,10,October,71011010,Natural Pearls,Natural (real) pearls - unworked,INDONESIA,PARTNER,0.0,R,KGS,2026-08-20,Oct-2018  (R),gemstrategy_data/raw/import/71011010/71011010_2018_10.html
import,2018-10-01,2018,10,October,71011010,Natural Pearls,Natural (real) pearls - unworked,JAPAN,PARTNER,0.01,R,KGS,2026-08-20,Oct-2018  (R),gemstrategy_data/raw/import/71011010/71011010_2018_10.html
import,2018-10-01,2018,10,October,71011010,Natural Pearls,Natural (real) pearls - unworked,KOREA RP,PARTNER,0.0,R,KGS,2026-08-20,Oct-2018  (R),gemstrategy_data/raw/import/71011010/71011010_2018_10.html
import,2018-10-01,2018,10,October,71011010,Natural Pearls,Natural (real) pearls - unworked,MEXICO,PARTNER,0.0,R,KGS,2026-08-20,Oct-2018  (R),gemstrategy_data/raw/import/71011010/71011010_2018_10.html
import,2018-10-01,2018,10,October,71011010,Natural Pearls,Natural (real) pearls - unworked,SPAIN,PARTNER,0.0,R,KGS,2026-08-20,Oct-2018  (R),gemstrategy_data/raw/import/71011010/71011010_2018_10.html
import,2018-10-01,2018,10,October,71011010,Natural Pearls,Natural (real) pearls - unworked,SWITZERLAND,PARTNER,0.0,R,KGS,2026-08-20,Oct-2018  (R),gemstrategy_data/raw/import/71011010/71011010_2018_10.html
import,2018-10-01,2018,10,October,71011010,Natural Pearls,Natural (real) pearls - unworked,U ARAB EMTS,PARTNER,0.0,R,KGS,2026-08-20,Oct-2018  (R),gemstrategy_data/raw/import/71011010/71011010_2018_10.html
import,2018-10-01,2018,10,October,71011010,Natural Pearls,Natural (real) pearls - unworked,U S A,PARTNER,0.01,R,KGS,2026-08-20,Oct-2018  (R),gemstrategy_data/raw/import/71011010/71011010_2018_10.html
import,2018-10-01,2018,10,October,71011010,Natural Pearls,Natural (real) pearls - unworked,UNSPECIFIED,PARTNER,0.0,R,KGS,2026-08-20,Oct-2018  (R),gemstrategy_data/raw/import/71011010/71011010_2018_10.html
import,2018-10-01,2018,10,October,71011010,Natural Pearls,Natural (real) pearls - unworked,Total,TOTAL,0.04,R,KGS,2026-08-20,Oct-2018  (R),gemstrategy_data/raw/import/71011010/71011010_2018_10.html
import,2018-10-01,2018,10,October,71011020,Natural Pearls,Natural (real) pearls - worked,BAHARAIN IS,PARTNER,0.0,R,KGS,2026-08-20,Oct-2018  (R),gemstrategy_data/raw/import/71011020/71011020_2018_10.html
import,2018-10-01,2018,10,October,71011020,Natural Pearls,Natural (real) pearls - worked,CHINA P RP,PARTNER,0.0,R,KGS,2026-08-20,Oct-2018  (R),gemstrategy_data/raw/import/71011020/71011020_2018_10.html
import,2018-10-01,2018,10,October,71011020,Natural Pearls,Natural (real) pearls - worked,GERMANY,PARTNER,0.0,R,KGS,2026-08-20,Oct-2018  (R),gemstrategy_data/raw/import/71011020/71011020_2018_10.html
import,2018-10-01,2018,10,October,71011020,Natural Pearls,Natural (real) pearls - worked,HONG KONG,PARTNER,0.01,R,KGS,2026-08-20,Oct-2018  (R),gemstrategy_data/raw/import/71011020/71011020_2018_10.html
import,2018-10-01,2018,10,October,71011020,Natural Pearls,Natural (real) pearls - worked,JAPAN,PARTNER,0.0,R,KGS,2026-08-20,Oct-2018  (R),gemstrategy_data/raw/import/71011020/71011020_2018_10.html
import,2018-10-01,2018,10,October,71011020,Natural Pearls,Natural (real) pearls - worked,SPAIN,PARTNER,0.0,R,KGS,2026-08-20,Oct-2018  (R),gemstrategy_data/raw/import/71011020/71011020_2018_10.html
import,2018-10-01,2018,10,October,71011020,Natural Pearls,Natural (real) pearls - worked,SWITZERLAND,PARTNER,0.0,R,KGS,2026-08-20,Oct-2018  (R),gemstrategy_data/raw/import/71011020/71011020_2018_10.html
import,2018-10-01,2018,10,October,71011020,Natural Pearls,Natural (real) pearls - worked,THAILAND,PARTNER,0.0,R,KGS,2026-08-20,Oct-2018  (R),gemstrategy_data/raw/import/71011020/71011020_2018_10.html
import,2018-10-01,2018,10,October,71011020,Natural Pearls,Natural (real) pearls - worked,U ARAB EMTS,PARTNER,0.0,R,KGS,2026-08-20,Oct-2018  (R),gemstrategy_data/raw/import/71011020/71011020_2018_10.html
import,2018-10-01,2018,10,October,71011020,Natural Pearls,Natural (real) pearls - worked,U S A,PARTNER,0.0,R,KGS,2026-08-20,Oct-2018  (R),gemstrategy_data/raw/import/71011020/71011020_2018_10.html
import,2018-10-01,2018,10,October,71011020,Natural Pearls,Natural (real) pearls - worked,UNSPECIFIED,PARTNER,0.0,R,KGS,2026-08-20,Oct-2018  (R),gemstrategy_data/raw/import/71011020/71011020_2018_10.html
import,2018-10-01,2018,10,October,71011020,Natural Pearls,Natural (real) pearls - worked,Total,TOTAL,0.01,R,KGS,2026-08-20,Oct-2018  (R),gemstrategy_data/raw/import/71011020/71011020_2018_10.html
import,2018-10-01,2018,10,October,71012100,Cultured Pearls,Cultured pearls - unworked,CANADA,PARTNER,0.0,R,KGS,2026-08-20,Oct-2018  (R),gemstrategy_data/raw/import/71012100/71012100_2018_10.html
import,2018-10-01,2018,10,October,71012100,Cultured Pearls,Cultured pearls - unworked,CHINA P RP,PARTNER,0.44,R,KGS,2026-08-20,Oct-2018  (R),gemstrategy_data/raw/import/71012100/71012100_2018_10.html
import,2018-10-01,2018,10,October,71012100,Cultured Pearls,Cultured pearls - unworked,GERMANY,PARTNER,0.0,R,KGS,2026-08-20,Oct-2018  (R),gemstrategy_data/raw/import/71012100/71012100_2018_10.html
import,2018-10-01,2018,10,October,71012100,Cultured Pearls,Cultured pearls - unworked,HONG KONG,PARTNER,0.69,R,KGS,2026-08-20,Oct-2018  (R),gemstrategy_data/raw/import/71012100/71012100_2018_10.html
import,2018-10-01,2018,10,October,71012100,Cultured Pearls,Cultured pearls - unworked,ITALY,PARTNER,0.0,R,KGS,2026-08-20,Oct-2018  (R),gemstrategy_data/raw/import/71012100/71012100_2018_10.html
import,2018-10-01,2018,10,October,71012100,Cultured Pearls,Cultured pearls - unworked,JAPAN,PARTNER,0.15,R,KGS,2026-08-20,Oct-2018  (R),gemstrategy_data/raw/import/71012100/71012100_2018_10.html
import,2018-10-01,2018,10,October,71012100,Cultured Pearls,Cultured pearls - unworked,KOREA RP,PARTNER,0.0,R,KGS,2026-08-20,Oct-2018  (R),gemstrategy_data/raw/import/71012100/71012100_2018_10.html
import,2018-10-01,2018,10,October,71012100,Cultured Pearls,Cultured pearls - unworked,MEXICO,PARTNER,0.0,R,KGS,2026-08-20,Oct-2018  (R),gemstrategy_data/raw/import/71012100/71012100_2018_10.html
import,2018-10-01,2018,10,October,71012100,Cultured Pearls,Cultured pearls - unworked,SINGAPORE,PARTNER,0.0,R,KGS,2026-08-20,Oct-2018  (R),gemstrategy_data/raw/import/71012100/71012100_2018_10.html
import,2018-10-01,2018,10,October,71012100,Cultured Pearls,Cultured pearls - unworked,SPAIN,PARTNER,0.0,R,KGS,2026-08-20,Oct-2018  (R),gemstrategy_data/raw/import/71012100/71012100_2018_10.html
import,2018-10-01,2018,10,October,71012100,Cultured Pearls,Cultured pearls - unworked,SWITZERLAND,PARTNER,0.0,R,KGS,2026-08-20,Oct-2018  (R),gemstrategy_data/raw/import/71012100/71012100_2018_10.html
import,2018-10-01,2018,10,October,71012100,Cultured Pearls,Cultured pearls - unworked,TAIWAN,PARTNER,0.0,R,KGS,2026-08-20,Oct-2018  (R),gemstrategy_data/raw/import/71012100/71012100_2018_10.html
import,2018-10-01,2018,10,October,71012100,Cultured Pearls,Cultured pearls - unworked,THAILAND,PARTNER,0.12,R,KGS,2026-08-20,Oct-2018  (R),gemstrategy_data/raw/import/71012100/71012100_2018_10.html
import,2018-10-01,2018,10,October,71012100,Cultured Pearls,Cultured pearls - unworked,U ARAB EMTS,PARTNER,0.0,R,KGS,2026-08-20,Oct-2018  (R),gemstrategy_data/raw/import/71012100/71012100_2018_10.html
import,2018-10-01,2018,10,October,71012100,Cultured Pearls,Cultured pearls - unworked,U S A,PARTNER,0.0,R,KGS,2026-08-20,Oct-2018  (R),gemstrategy_data/raw/import/71012100/71012100_2018_10.html
import,2018-10-01,2018,10,October,71012100,Cultured Pearls,Cultured pearls - unworked,UNSPECIFIED,PARTNER,0.0,R,KGS,2026-08-20,Oct-2018  (R),gemstrategy_data/raw/import/71012100/71012100_2018_10.html
import,2018-10-01,2018,10,October,71012100,Cultured Pearls,Cultured pearls - unworked,Total,TOTAL,1.4,R,KGS,2026-08-20,Oct-2018  (R),gemstrategy_data/raw/import/71012100/71012100_2018_10.html
import,2018-10-01,2018,10,October,71012200,Cultured Pearls,Cultured pearls - worked,AUSTRALIA,PARTNER,0.0,R,KGS,2026-08-20,Oct-2018  (R),gemstrategy_data/raw/import/71012200/71012200_2018_10.html
import,2018-10-01,2018,10,October,71012200,Cultured Pearls,Cultured pearls - worked,CANADA,PARTNER,0.0,R,KGS,2026-08-20,Oct-2018  (R),gemstrategy_data/raw/import/71012200/71012200_2018_10.html
import,2018-10-01,2018,10,October,71012200,Cultured Pearls,Cultured pearls - worked,CHINA P RP,PARTNER,0.25,R,KGS,2026-08-20,Oct-2018  (R),gemstrategy_data/raw/import/71012200/71012200_2018_10.html
import,2018-10-01,2018,10,October,71012200,Cultured Pearls,Cultured pearls - worked,FRANCE,PARTNER,0.0,R,KGS,2026-08-20,Oct-2018  (R),gemstrategy_data/raw/import/71012200/71012200_2018_10.html
import,2018-10-01,2018,10,October,71012200,Cultured Pearls,Cultured pearls - worked,GERMANY,PARTNER,0.0,R,KGS,2026-08-20,Oct-2018  (R),gemstrategy_data/raw/import/71012200/71012200_2018_10.html
import,2018-10-01,2018,10,October,71012200,Cultured Pearls,Cultured pearls - worked,HONG KONG,PARTNER,0.62,R,KGS,2026-08-20,Oct-2018  (R),gemstrategy_data/raw/import/71012200/71012200_2018_10.html
import,2018-10-01,2018,10,October,71012200,Cultured Pearls,Cultured pearls - worked,INDONESIA,PARTNER,0.0,R,KGS,2026-08-20,Oct-2018  (R),gemstrategy_data/raw/import/71012200/71012200_2018_10.html
import,2018-10-01,2018,10,October,71012200,Cultured Pearls,Cultured pearls - worked,ITALY,PARTNER,0.0,R,KGS,2026-08-20,Oct-2018  (R),gemstrategy_data/raw/import/71012200/71012200_2018_10.html
import,2018-10-01,2018,10,October,71012200,Cultured Pearls,Cultured pearls - worked,JAPAN,PARTNER,0.38,R,KGS,2026-08-20,Oct-2018  (R),gemstrategy_data/raw/import/71012200/71012200_2018_10.html
import,2018-10-01,2018,10,October,71012200,Cultured Pearls,Cultured pearls - worked,KOREA RP,PARTNER,0.0,R,KGS,2026-08-20,Oct-2018  (R),gemstrategy_data/raw/import/71012200/71012200_2018_10.html
import,2018-10-01,2018,10,October,71012200,Cultured Pearls,Cultured pearls - worked,SPAIN,PARTNER,0.0,R,KGS,2026-08-20,Oct-2018  (R),gemstrategy_data/raw/import/71012200/71012200_2018_10.html
import,2018-10-01,2018,10,October,71012200,Cultured Pearls,Cultured pearls - worked,SWITZERLAND,PARTNER,0.0,R,KGS,2026-08-20,Oct-2018  (R),gemstrategy_data/raw/import/71012200/71012200_2018_10.html
import,2018-10-01,2018,10,October,71012200,Cultured Pearls,Cultured pearls - worked,THAILAND,PARTNER,0.02,R,KGS,2026-08-20,Oct-2018  (R),gemstrategy_data/raw/import/71012200/71012200_2018_10.html
import,2018-10-01,2018,10,October,71012200,Cultured Pearls,Cultured pearls - worked,U ARAB EMTS,PARTNER,0.0,R,KGS,2026-08-20,Oct-2018  (R),gemstrategy_data/raw/import/71012200/71012200_2018_10.html
import,2018-10-01,2018,10,October,71012200,Cultured Pearls,Cultured pearls - worked,U K,PARTNER,0.0,R,KGS,2026-08-20,Oct-2018  (R),gemstrategy_data/raw/import/71012200/71012200_2018_10.html
import,2018-10-01,2018,10,October,71012200,Cultured Pearls,Cultured pearls - worked,U S A,PARTNER,0.05,R,KGS,2026-08-20,Oct-2018  (R),gemstrategy_data/raw/import/71012200/71012200_2018_10.html
import,2018-10-01,2018,10,October,71012200,Cultured Pearls,Cultured pearls - worked,UNSPECIFIED,PARTNER,0.0,R,KGS,2026-08-20,Oct-2018  (R),gemstrategy_data/raw/import/71012200/71012200_2018_10.html
import,2018-10-01,2018,10,October,71012200,Cultured Pearls,Cultured pearls - worked,VIETNAM SOC REP,PARTNER,0.0,R,KGS,2026-08-20,Oct-2018  (R),gemstrategy_data/raw/import/71012200/71012200_2018_10.html
import,2018-10-01,2018,10,October,71012200,Cultured Pearls,Cultured pearls - worked,Total,TOTAL,1.32,R,KGS,2026-08-20,Oct-2018  (R),gemstrategy_data/raw/import/71012200/71012200_2018_10.html
import,2018-11-01,2018,11,November,71011010,Natural Pearls,Natural (real) pearls - unworked,BAHARAIN IS,PARTNER,0.03,R,KGS,2026-08-20,Nov-2018  (R),gemstrategy_data/raw/import/71011010/71011010_2018_11.html
import,2018-11-01,2018,11,November,71011010,Natural Pearls,Natural (real) pearls - unworked,CHINA P RP,PARTNER,0.0,R,KGS,2026-08-20,Nov-2018  (R),gemstrategy_data/raw/import/71011010/71011010_2018_11.html
import,2018-11-01,2018,11,November,71011010,Natural Pearls,Natural (real) pearls - unworked,HONG KONG,PARTNER,0.0,R,KGS,2026-08-20,Nov-2018  (R),gemstrategy_data/raw/import/71011010/71011010_2018_11.html
import,2018-11-01,2018,11,November,71011010,Natural Pearls,Natural (real) pearls - unworked,INDONESIA,PARTNER,0.0,R,KGS,2026-08-20,Nov-2018  (R),gemstrategy_data/raw/import/71011010/71011010_2018_11.html
import,2018-11-01,2018,11,November,71011010,Natural Pearls,Natural (real) pearls - unworked,JAPAN,PARTNER,0.01,R,KGS,2026-08-20,Nov-2018  (R),gemstrategy_data/raw/import/71011010/71011010_2018_11.html
import,2018-11-01,2018,11,November,71011010,Natural Pearls,Natural (real) pearls - unworked,KOREA RP,PARTNER,0.0,R,KGS,2026-08-20,Nov-2018  (R),gemstrategy_data/raw/import/71011010/71011010_2018_11.html
import,2018-11-01,2018,11,November,71011010,Natural Pearls,Natural (real) pearls - unworked,MEXICO,PARTNER,0.0,R,KGS,2026-08-20,Nov-2018  (R),gemstrategy_data/raw/import/71011010/71011010_2018_11.html
import,2018-11-01,2018,11,November,71011010,Natural Pearls,Natural (real) pearls - unworked,SPAIN,PARTNER,0.0,R,KGS,2026-08-20,Nov-2018  (R),gemstrategy_data/raw/import/71011010/71011010_2018_11.html
import,2018-11-01,2018,11,November,71011010,Natural Pearls,Natural (real) pearls - unworked,SWITZERLAND,PARTNER,0.0,R,KGS,2026-08-20,Nov-2018  (R),gemstrategy_data/raw/import/71011010/71011010_2018_11.html
import,2018-11-01,2018,11,November,71011010,Natural Pearls,Natural (real) pearls - unworked,U ARAB EMTS,PARTNER,0.0,R,KGS,2026-08-20,Nov-2018  (R),gemstrategy_data/raw/import/71011010/71011010_2018_11.html
import,2018-11-01,2018,11,November,71011010,Natural Pearls,Natural (real) pearls - unworked,U S A,PARTNER,0.0,R,KGS,2026-08-20,Nov-2018  (R),gemstrategy_data/raw/import/71011010/71011010_2018_11.html
import,2018-11-01,2018,11,November,71011010,Natural Pearls,Natural (real) pearls - unworked,UNSPECIFIED,PARTNER,0.0,R,KGS,2026-08-20,Nov-2018  (R),gemstrategy_data/raw/import/71011010/71011010_2018_11.html
import,2018-11-01,2018,11,November,71011010,Natural Pearls,Natural (real) pearls - unworked,Total,TOTAL,0.04,R,KGS,2026-08-20,Nov-2018  (R),gemstrategy_data/raw/import/71011010/71011010_2018_11.html
import,2018-11-01,2018,11,November,71011020,Natural Pearls,Natural (real) pearls - worked,BAHARAIN IS,PARTNER,0.0,R,KGS,2026-08-20,Nov-2018  (R),gemstrategy_data/raw/import/71011020/71011020_2018_11.html
import,2018-11-01,2018,11,November,71011020,Natural Pearls,Natural (real) pearls - worked,CHINA P RP,PARTNER,0.0,R,KGS,2026-08-20,Nov-2018  (R),gemstrategy_data/raw/import/71011020/71011020_2018_11.html
import,2018-11-01,2018,11,November,71011020,Natural Pearls,Natural (real) pearls - worked,GERMANY,PARTNER,0.0,R,KGS,2026-08-20,Nov-2018  (R),gemstrategy_data/raw/import/71011020/71011020_2018_11.html
import,2018-11-01,2018,11,November,71011020,Natural Pearls,Natural (real) pearls - worked,HONG KONG,PARTNER,0.01,R,KGS,2026-08-20,Nov-2018  (R),gemstrategy_data/raw/import/71011020/71011020_2018_11.html
import,2018-11-01,2018,11,November,71011020,Natural Pearls,Natural (real) pearls - worked,JAPAN,PARTNER,0.0,R,KGS,2026-08-20,Nov-2018  (R),gemstrategy_data/raw/import/71011020/71011020_2018_11.html
import,2018-11-01,2018,11,November,71011020,Natural Pearls,Natural (real) pearls - worked,SPAIN,PARTNER,0.0,R,KGS,2026-08-20,Nov-2018  (R),gemstrategy_data/raw/import/71011020/71011020_2018_11.html
import,2018-11-01,2018,11,November,71011020,Natural Pearls,Natural (real) pearls - worked,SWITZERLAND,PARTNER,0.0,R,KGS,2026-08-20,Nov-2018  (R),gemstrategy_data/raw/import/71011020/71011020_2018_11.html
import,2018-11-01,2018,11,November,71011020,Natural Pearls,Natural (real) pearls - worked,THAILAND,PARTNER,0.0,R,KGS,2026-08-20,Nov-2018  (R),gemstrategy_data/raw/import/71011020/71011020_2018_11.html
import,2018-11-01,2018,11,November,71011020,Natural Pearls,Natural (real) pearls - worked,U ARAB EMTS,PARTNER,0.0,R,KGS,2026-08-20,Nov-2018  (R),gemstrategy_data/raw/import/71011020/71011020_2018_11.html
import,2018-11-01,2018,11,November,71011020,Natural Pearls,Natural (real) pearls - worked,U S A,PARTNER,0.0,R,KGS,2026-08-20,Nov-2018  (R),gemstrategy_data/raw/import/71011020/71011020_2018_11.html
import,2018-11-01,2018,11,November,71011020,Natural Pearls,Natural (real) pearls - worked,UNSPECIFIED,PARTNER,0.0,R,KGS,2026-08-20,Nov-2018  (R),gemstrategy_data/raw/import/71011020/71011020_2018_11.html
import,2018-11-01,2018,11,November,71011020,Natural Pearls,Natural (real) pearls - worked,Total,TOTAL,0.01,R,KGS,2026-08-20,Nov-2018  (R),gemstrategy_data/raw/import/71011020/71011020_2018_11.html
import,2018-11-01,2018,11,November,71012100,Cultured Pearls,Cultured pearls - unworked,CANADA,PARTNER,0.0,R,KGS,2026-08-20,Nov-2018  (R),gemstrategy_data/raw/import/71012100/71012100_2018_11.html
import,2018-11-01,2018,11,November,71012100,Cultured Pearls,Cultured pearls - unworked,CHINA P RP,PARTNER,0.34,R,KGS,2026-08-20,Nov-2018  (R),gemstrategy_data/raw/import/71012100/71012100_2018_11.html
import,2018-11-01,2018,11,November,71012100,Cultured Pearls,Cultured pearls - unworked,GERMANY,PARTNER,0.0,R,KGS,2026-08-20,Nov-2018  (R),gemstrategy_data/raw/import/71012100/71012100_2018_11.html
import,2018-11-01,2018,11,November,71012100,Cultured Pearls,Cultured pearls - unworked,HONG KONG,PARTNER,0.36,R,KGS,2026-08-20,Nov-2018  (R),gemstrategy_data/raw/import/71012100/71012100_2018_11.html
import,2018-11-01,2018,11,November,71012100,Cultured Pearls,Cultured pearls - unworked,ITALY,PARTNER,0.0,R,KGS,2026-08-20,Nov-2018  (R),gemstrategy_data/raw/import/71012100/71012100_2018_11.html
import,2018-11-01,2018,11,November,71012100,Cultured Pearls,Cultured pearls - unworked,JAPAN,PARTNER,0.0,R,KGS,2026-08-20,Nov-2018  (R),gemstrategy_data/raw/import/71012100/71012100_2018_11.html
import,2018-11-01,2018,11,November,71012100,Cultured Pearls,Cultured pearls - unworked,KOREA RP,PARTNER,0.0,R,KGS,2026-08-20,Nov-2018  (R),gemstrategy_data/raw/import/71012100/71012100_2018_11.html
import,2018-11-01,2018,11,November,71012100,Cultured Pearls,Cultured pearls - unworked,MEXICO,PARTNER,0.0,R,KGS,2026-08-20,Nov-2018  (R),gemstrategy_data/raw/import/71012100/71012100_2018_11.html
import,2018-11-01,2018,11,November,71012100,Cultured Pearls,Cultured pearls - unworked,SINGAPORE,PARTNER,0.0,R,KGS,2026-08-20,Nov-2018  (R),gemstrategy_data/raw/import/71012100/71012100_2018_11.html
import,2018-11-01,2018,11,November,71012100,Cultured Pearls,Cultured pearls - unworked,SPAIN,PARTNER,0.0,R,KGS,2026-08-20,Nov-2018  (R),gemstrategy_data/raw/import/71012100/71012100_2018_11.html
import,2018-11-01,2018,11,November,71012100,Cultured Pearls,Cultured pearls - unworked,SWITZERLAND,PARTNER,0.0,R,KGS,2026-08-20,Nov-2018  (R),gemstrategy_data/raw/import/71012100/71012100_2018_11.html
import,2018-11-01,2018,11,November,71012100,Cultured Pearls,Cultured pearls - unworked,TAIWAN,PARTNER,0.0,R,KGS,2026-08-20,Nov-2018  (R),gemstrategy_data/raw/import/71012100/71012100_2018_11.html
import,2018-11-01,2018,11,November,71012100,Cultured Pearls,Cultured pearls - unworked,THAILAND,PARTNER,0.02,R,KGS,2026-08-20,Nov-2018  (R),gemstrategy_data/raw/import/71012100/71012100_2018_11.html
import,2018-11-01,2018,11,November,71012100,Cultured Pearls,Cultured pearls - unworked,U ARAB EMTS,PARTNER,0.0,R,KGS,2026-08-20,Nov-2018  (R),gemstrategy_data/raw/import/71012100/71012100_2018_11.html
import,2018-11-01,2018,11,November,71012100,Cultured Pearls,Cultured pearls - unworked,U S A,PARTNER,0.0,R,KGS,2026-08-20,Nov-2018  (R),gemstrategy_data/raw/import/71012100/71012100_2018_11.html
import,2018-11-01,2018,11,November,71012100,Cultured Pearls,Cultured pearls - unworked,UNSPECIFIED,PARTNER,0.0,R,KGS,2026-08-20,Nov-2018  (R),gemstrategy_data/raw/import/71012100/71012100_2018_11.html
import,2018-11-01,2018,11,November,71012100,Cultured Pearls,Cultured pearls - unworked,Total,TOTAL,0.72,R,KGS,2026-08-20,Nov-2018  (R),gemstrategy_data/raw/import/71012100/71012100_2018_11.html
import,2018-11-01,2018,11,November,71012200,Cultured Pearls,Cultured pearls - worked,AUSTRALIA,PARTNER,0.0,R,KGS,2026-08-20,Nov-2018  (R),gemstrategy_data/raw/import/71012200/71012200_2018_11.html
import,2018-11-01,2018,11,November,71012200,Cultured Pearls,Cultured pearls - worked,CANADA,PARTNER,0.0,R,KGS,2026-08-20,Nov-2018  (R),gemstrategy_data/raw/import/71012200/71012200_2018_11.html
import,2018-11-01,2018,11,November,71012200,Cultured Pearls,Cultured pearls - worked,CHINA P RP,PARTNER,0.0,R,KGS,2026-08-20,Nov-2018  (R),gemstrategy_data/raw/import/71012200/71012200_2018_11.html
import,2018-11-01,2018,11,November,71012200,Cultured Pearls,Cultured pearls - worked,FRANCE,PARTNER,0.0,R,KGS,2026-08-20,Nov-2018  (R),gemstrategy_data/raw/import/71012200/71012200_2018_11.html
import,2018-11-01,2018,11,November,71012200,Cultured Pearls,Cultured pearls - worked,GERMANY,PARTNER,0.04,R,KGS,2026-08-20,Nov-2018  (R),gemstrategy_data/raw/import/71012200/71012200_2018_11.html
import,2018-11-01,2018,11,November,71012200,Cultured Pearls,Cultured pearls - worked,HONG KONG,PARTNER,0.04,R,KGS,2026-08-20,Nov-2018  (R),gemstrategy_data/raw/import/71012200/71012200_2018_11.html
import,2018-11-01,2018,11,November,71012200,Cultured Pearls,Cultured pearls - worked,INDONESIA,PARTNER,0.05,R,KGS,2026-08-20,Nov-2018  (R),gemstrategy_data/raw/import/71012200/71012200_2018_11.html
import,2018-11-01,2018,11,November,71012200,Cultured Pearls,Cultured pearls - worked,ITALY,PARTNER,0.0,R,KGS,2026-08-20,Nov-2018  (R),gemstrategy_data/raw/import/71012200/71012200_2018_11.html
import,2018-11-01,2018,11,November,71012200,Cultured Pearls,Cultured pearls - worked,JAPAN,PARTNER,0.13,R,KGS,2026-08-20,Nov-2018  (R),gemstrategy_data/raw/import/71012200/71012200_2018_11.html
import,2018-11-01,2018,11,November,71012200,Cultured Pearls,Cultured pearls - worked,KOREA RP,PARTNER,0.0,R,KGS,2026-08-20,Nov-2018  (R),gemstrategy_data/raw/import/71012200/71012200_2018_11.html
import,2018-11-01,2018,11,November,71012200,Cultured Pearls,Cultured pearls - worked,MEXICO,PARTNER,0.0,R,KGS,2026-08-20,Nov-2018  (R),gemstrategy_data/raw/import/71012200/71012200_2018_11.html
import,2018-11-01,2018,11,November,71012200,Cultured Pearls,Cultured pearls - worked,SPAIN,PARTNER,0.0,R,KGS,2026-08-20,Nov-2018  (R),gemstrategy_data/raw/import/71012200/71012200_2018_11.html
import,2018-11-01,2018,11,November,71012200,Cultured Pearls,Cultured pearls - worked,SWITZERLAND,PARTNER,0.0,R,KGS,2026-08-20,Nov-2018  (R),gemstrategy_data/raw/import/71012200/71012200_2018_11.html
import,2018-11-01,2018,11,November,71012200,Cultured Pearls,Cultured pearls - worked,THAILAND,PARTNER,0.01,R,KGS,2026-08-20,Nov-2018  (R),gemstrategy_data/raw/import/71012200/71012200_2018_11.html
import,2018-11-01,2018,11,November,71012200,Cultured Pearls,Cultured pearls - worked,U ARAB EMTS,PARTNER,0.0,R,KGS,2026-08-20,Nov-2018  (R),gemstrategy_data/raw/import/71012200/71012200_2018_11.html
import,2018-11-01,2018,11,November,71012200,Cultured Pearls,Cultured pearls - worked,U K,PARTNER,0.0,R,KGS,2026-08-20,Nov-2018  (R),gemstrategy_data/raw/import/71012200/71012200_2018_11.html
import,2018-11-01,2018,11,November,71012200,Cultured Pearls,Cultured pearls - worked,U S A,PARTNER,0.0,R,KGS,2026-08-20,Nov-2018  (R),gemstrategy_data/raw/import/71012200/71012200_2018_11.html
import,2018-11-01,2018,11,November,71012200,Cultured Pearls,Cultured pearls - worked,UNSPECIFIED,PARTNER,0.0,R,KGS,2026-08-20,Nov-2018  (R),gemstrategy_data/raw/import/71012200/71012200_2018_11.html
import,2018-11-01,2018,11,November,71012200,Cultured Pearls,Cultured pearls - worked,VIETNAM SOC REP,PARTNER,0.0,R,KGS,2026-08-20,Nov-2018  (R),gemstrategy_data/raw/import/71012200/71012200_2018_11.html
import,2018-11-01,2018,11,November,71012200,Cultured Pearls,Cultured pearls - worked,Total,TOTAL,0.28,R,KGS,2026-08-20,Nov-2018  (R),gemstrategy_data/raw/import/71012200/71012200_2018_11.html
import,2018-12-01,2018,12,December,71011010,Natural Pearls,Natural (real) pearls - unworked,BAHARAIN IS,PARTNER,0.0,R,KGS,2026-08-20,Dec-2018  (R),gemstrategy_data/raw/import/71011010/71011010_2018_12.html
import,2018-12-01,2018,12,December,71011010,Natural Pearls,Natural (real) pearls - unworked,CHINA P RP,PARTNER,0.0,R,KGS,2026-08-20,Dec-2018  (R),gemstrategy_data/raw/import/71011010/71011010_2018_12.html
import,2018-12-01,2018,12,December,71011010,Natural Pearls,Natural (real) pearls - unworked,HONG KONG,PARTNER,0.07,R,KGS,2026-08-20,Dec-2018  (R),gemstrategy_data/raw/import/71011010/71011010_2018_12.html
import,2018-12-01,2018,12,December,71011010,Natural Pearls,Natural (real) pearls - unworked,INDONESIA,PARTNER,0.0,R,KGS,2026-08-20,Dec-2018  (R),gemstrategy_data/raw/import/71011010/71011010_2018_12.html
import,2018-12-01,2018,12,December,71011010,Natural Pearls,Natural (real) pearls - unworked,ITALY,PARTNER,0.0,R,KGS,2026-08-20,Dec-2018  (R),gemstrategy_data/raw/import/71011010/71011010_2018_12.html
import,2018-12-01,2018,12,December,71011010,Natural Pearls,Natural (real) pearls - unworked,JAPAN,PARTNER,0.02,R,KGS,2026-08-20,Dec-2018  (R),gemstrategy_data/raw/import/71011010/71011010_2018_12.html
import,2018-12-01,2018,12,December,71011010,Natural Pearls,Natural (real) pearls - unworked,KOREA RP,PARTNER,0.0,R,KGS,2026-08-20,Dec-2018  (R),gemstrategy_data/raw/import/71011010/71011010_2018_12.html
import,2018-12-01,2018,12,December,71011010,Natural Pearls,Natural (real) pearls - unworked,MEXICO,PARTNER,0.0,R,KGS,2026-08-20,Dec-2018  (R),gemstrategy_data/raw/import/71011010/71011010_2018_12.html
import,2018-12-01,2018,12,December,71011010,Natural Pearls,Natural (real) pearls - unworked,SPAIN,PARTNER,0.0,R,KGS,2026-08-20,Dec-2018  (R),gemstrategy_data/raw/import/71011010/71011010_2018_12.html
import,2018-12-01,2018,12,December,71011010,Natural Pearls,Natural (real) pearls - unworked,SWITZERLAND,PARTNER,0.0,R,KGS,2026-08-20,Dec-2018  (R),gemstrategy_data/raw/import/71011010/71011010_2018_12.html
import,2018-12-01,2018,12,December,71011010,Natural Pearls,Natural (real) pearls - unworked,U ARAB EMTS,PARTNER,0.0,R,KGS,2026-08-20,Dec-2018  (R),gemstrategy_data/raw/import/71011010/71011010_2018_12.html
import,2018-12-01,2018,12,December,71011010,Natural Pearls,Natural (real) pearls - unworked,U S A,PARTNER,0.0,R,KGS,2026-08-20,Dec-2018  (R),gemstrategy_data/raw/import/71011010/71011010_2018_12.html
import,2018-12-01,2018,12,December,71011010,Natural Pearls,Natural (real) pearls - unworked,UNSPECIFIED,PARTNER,0.0,R,KGS,2026-08-20,Dec-2018  (R),gemstrategy_data/raw/import/71011010/71011010_2018_12.html
import,2018-12-01,2018,12,December,71011010,Natural Pearls,Natural (real) pearls - unworked,Total,TOTAL,0.09,R,KGS,2026-08-20,Dec-2018  (R),gemstrategy_data/raw/import/71011010/71011010_2018_12.html
import,2018-12-01,2018,12,December,71011020,Natural Pearls,Natural (real) pearls - worked,BAHARAIN IS,PARTNER,0.0,R,KGS,2026-08-20,Dec-2018  (R),gemstrategy_data/raw/import/71011020/71011020_2018_12.html
import,2018-12-01,2018,12,December,71011020,Natural Pearls,Natural (real) pearls - worked,CHINA P RP,PARTNER,0.0,R,KGS,2026-08-20,Dec-2018  (R),gemstrategy_data/raw/import/71011020/71011020_2018_12.html
import,2018-12-01,2018,12,December,71011020,Natural Pearls,Natural (real) pearls - worked,GERMANY,PARTNER,0.0,R,KGS,2026-08-20,Dec-2018  (R),gemstrategy_data/raw/import/71011020/71011020_2018_12.html
import,2018-12-01,2018,12,December,71011020,Natural Pearls,Natural (real) pearls - worked,HONG KONG,PARTNER,0.0,R,KGS,2026-08-20,Dec-2018  (R),gemstrategy_data/raw/import/71011020/71011020_2018_12.html
import,2018-12-01,2018,12,December,71011020,Natural Pearls,Natural (real) pearls - worked,INDONESIA,PARTNER,0.0,R,KGS,2026-08-20,Dec-2018  (R),gemstrategy_data/raw/import/71011020/71011020_2018_12.html
import,2018-12-01,2018,12,December,71011020,Natural Pearls,Natural (real) pearls - worked,ITALY,PARTNER,0.0,R,KGS,2026-08-20,Dec-2018  (R),gemstrategy_data/raw/import/71011020/71011020_2018_12.html
import,2018-12-01,2018,12,December,71011020,Natural Pearls,Natural (real) pearls - worked,JAPAN,PARTNER,0.0,R,KGS,2026-08-20,Dec-2018  (R),gemstrategy_data/raw/import/71011020/71011020_2018_12.html
import,2018-12-01,2018,12,December,71011020,Natural Pearls,Natural (real) pearls - worked,SPAIN,PARTNER,0.0,R,KGS,2026-08-20,Dec-2018  (R),gemstrategy_data/raw/import/71011020/71011020_2018_12.html
import,2018-12-01,2018,12,December,71011020,Natural Pearls,Natural (real) pearls - worked,SWITZERLAND,PARTNER,0.1,R,KGS,2026-08-20,Dec-2018  (R),gemstrategy_data/raw/import/71011020/71011020_2018_12.html
import,2018-12-01,2018,12,December,71011020,Natural Pearls,Natural (real) pearls - worked,THAILAND,PARTNER,0.0,R,KGS,2026-08-20,Dec-2018  (R),gemstrategy_data/raw/import/71011020/71011020_2018_12.html
import,2018-12-01,2018,12,December,71011020,Natural Pearls,Natural (real) pearls - worked,U ARAB EMTS,PARTNER,0.0,R,KGS,2026-08-20,Dec-2018  (R),gemstrategy_data/raw/import/71011020/71011020_2018_12.html
import,2018-12-01,2018,12,December,71011020,Natural Pearls,Natural (real) pearls - worked,U S A,PARTNER,0.0,R,KGS,2026-08-20,Dec-2018  (R),gemstrategy_data/raw/import/71011020/71011020_2018_12.html
import,2018-12-01,2018,12,December,71011020,Natural Pearls,Natural (real) pearls - worked,UNSPECIFIED,PARTNER,0.0,R,KGS,2026-08-20,Dec-2018  (R),gemstrategy_data/raw/import/71011020/71011020_2018_12.html
import,2018-12-01,2018,12,December,71011020,Natural Pearls,Natural (real) pearls - worked,Total,TOTAL,0.11,R,KGS,2026-08-20,Dec-2018  (R),gemstrategy_data/raw/import/71011020/71011020_2018_12.html
import,2018-12-01,2018,12,December,71012100,Cultured Pearls,Cultured pearls - unworked,CANADA,PARTNER,0.0,R,KGS,2026-08-20,Dec-2018  (R),gemstrategy_data/raw/import/71012100/71012100_2018_12.html
import,2018-12-01,2018,12,December,71012100,Cultured Pearls,Cultured pearls - unworked,CHINA P RP,PARTNER,0.46,R,KGS,2026-08-20,Dec-2018  (R),gemstrategy_data/raw/import/71012100/71012100_2018_12.html
import,2018-12-01,2018,12,December,71012100,Cultured Pearls,Cultured pearls - unworked,GERMANY,PARTNER,0.0,R,KGS,2026-08-20,Dec-2018  (R),gemstrategy_data/raw/import/71012100/71012100_2018_12.html
import,2018-12-01,2018,12,December,71012100,Cultured Pearls,Cultured pearls - unworked,HONG KONG,PARTNER,0.86,R,KGS,2026-08-20,Dec-2018  (R),gemstrategy_data/raw/import/71012100/71012100_2018_12.html
import,2018-12-01,2018,12,December,71012100,Cultured Pearls,Cultured pearls - unworked,ITALY,PARTNER,0.0,R,KGS,2026-08-20,Dec-2018  (R),gemstrategy_data/raw/import/71012100/71012100_2018_12.html
import,2018-12-01,2018,12,December,71012100,Cultured Pearls,Cultured pearls - unworked,JAPAN,PARTNER,0.05,R,KGS,2026-08-20,Dec-2018  (R),gemstrategy_data/raw/import/71012100/71012100_2018_12.html
import,2018-12-01,2018,12,December,71012100,Cultured Pearls,Cultured pearls - unworked,KOREA RP,PARTNER,0.0,R,KGS,2026-08-20,Dec-2018  (R),gemstrategy_data/raw/import/71012100/71012100_2018_12.html
import,2018-12-01,2018,12,December,71012100,Cultured Pearls,Cultured pearls - unworked,MEXICO,PARTNER,0.0,R,KGS,2026-08-20,Dec-2018  (R),gemstrategy_data/raw/import/71012100/71012100_2018_12.html
import,2018-12-01,2018,12,December,71012100,Cultured Pearls,Cultured pearls - unworked,SINGAPORE,PARTNER,0.0,R,KGS,2026-08-20,Dec-2018  (R),gemstrategy_data/raw/import/71012100/71012100_2018_12.html
import,2018-12-01,2018,12,December,71012100,Cultured Pearls,Cultured pearls - unworked,SPAIN,PARTNER,0.0,R,KGS,2026-08-20,Dec-2018  (R),gemstrategy_data/raw/import/71012100/71012100_2018_12.html
import,2018-12-01,2018,12,December,71012100,Cultured Pearls,Cultured pearls - unworked,SWITZERLAND,PARTNER,0.0,R,KGS,2026-08-20,Dec-2018  (R),gemstrategy_data/raw/import/71012100/71012100_2018_12.html
import,2018-12-01,2018,12,December,71012100,Cultured Pearls,Cultured pearls - unworked,TAIWAN,PARTNER,0.0,R,KGS,2026-08-20,Dec-2018  (R),gemstrategy_data/raw/import/71012100/71012100_2018_12.html
import,2018-12-01,2018,12,December,71012100,Cultured Pearls,Cultured pearls - unworked,THAILAND,PARTNER,0.0,R,KGS,2026-08-20,Dec-2018  (R),gemstrategy_data/raw/import/71012100/71012100_2018_12.html
import,2018-12-01,2018,12,December,71012100,Cultured Pearls,Cultured pearls - unworked,U ARAB EMTS,PARTNER,0.0,R,KGS,2026-08-20,Dec-2018  (R),gemstrategy_data/raw/import/71012100/71012100_2018_12.html
import,2018-12-01,2018,12,December,71012100,Cultured Pearls,Cultured pearls - unworked,U S A,PARTNER,0.0,R,KGS,2026-08-20,Dec-2018  (R),gemstrategy_data/raw/import/71012100/71012100_2018_12.html
import,2018-12-01,2018,12,December,71012100,Cultured Pearls,Cultured pearls - unworked,UNSPECIFIED,PARTNER,0.0,R,KGS,2026-08-20,Dec-2018  (R),gemstrategy_data/raw/import/71012100/71012100_2018_12.html
import,2018-12-01,2018,12,December,71012100,Cultured Pearls,Cultured pearls - unworked,Total,TOTAL,1.37,R,KGS,2026-08-20,Dec-2018  (R),gemstrategy_data/raw/import/71012100/71012100_2018_12.html
import,2018-12-01,2018,12,December,71012200,Cultured Pearls,Cultured pearls - worked,AUSTRALIA,PARTNER,0.0,R,KGS,2026-08-20,Dec-2018  (R),gemstrategy_data/raw/import/71012200/71012200_2018_12.html
import,2018-12-01,2018,12,December,71012200,Cultured Pearls,Cultured pearls - worked,CANADA,PARTNER,0.0,R,KGS,2026-08-20,Dec-2018  (R),gemstrategy_data/raw/import/71012200/71012200_2018_12.html
import,2018-12-01,2018,12,December,71012200,Cultured Pearls,Cultured pearls - worked,CHINA P RP,PARTNER,0.0,R,KGS,2026-08-20,Dec-2018  (R),gemstrategy_data/raw/import/71012200/71012200_2018_12.html
import,2018-12-01,2018,12,December,71012200,Cultured Pearls,Cultured pearls - worked,FRANCE,PARTNER,0.0,R,KGS,2026-08-20,Dec-2018  (R),gemstrategy_data/raw/import/71012200/71012200_2018_12.html
import,2018-12-01,2018,12,December,71012200,Cultured Pearls,Cultured pearls - worked,GERMANY,PARTNER,0.0,R,KGS,2026-08-20,Dec-2018  (R),gemstrategy_data/raw/import/71012200/71012200_2018_12.html
import,2018-12-01,2018,12,December,71012200,Cultured Pearls,Cultured pearls - worked,HONG KONG,PARTNER,0.0,R,KGS,2026-08-20,Dec-2018  (R),gemstrategy_data/raw/import/71012200/71012200_2018_12.html
import,2018-12-01,2018,12,December,71012200,Cultured Pearls,Cultured pearls - worked,INDONESIA,PARTNER,0.02,R,KGS,2026-08-20,Dec-2018  (R),gemstrategy_data/raw/import/71012200/71012200_2018_12.html
import,2018-12-01,2018,12,December,71012200,Cultured Pearls,Cultured pearls - worked,ITALY,PARTNER,0.0,R,KGS,2026-08-20,Dec-2018  (R),gemstrategy_data/raw/import/71012200/71012200_2018_12.html
import,2018-12-01,2018,12,December,71012200,Cultured Pearls,Cultured pearls - worked,JAPAN,PARTNER,0.16,R,KGS,2026-08-20,Dec-2018  (R),gemstrategy_data/raw/import/71012200/71012200_2018_12.html
import,2018-12-01,2018,12,December,71012200,Cultured Pearls,Cultured pearls - worked,KOREA RP,PARTNER,0.0,R,KGS,2026-08-20,Dec-2018  (R),gemstrategy_data/raw/import/71012200/71012200_2018_12.html
import,2018-12-01,2018,12,December,71012200,Cultured Pearls,Cultured pearls - worked,MEXICO,PARTNER,0.0,R,KGS,2026-08-20,Dec-2018  (R),gemstrategy_data/raw/import/71012200/71012200_2018_12.html
import,2018-12-01,2018,12,December,71012200,Cultured Pearls,Cultured pearls - worked,SPAIN,PARTNER,0.0,R,KGS,2026-08-20,Dec-2018  (R),gemstrategy_data/raw/import/71012200/71012200_2018_12.html
import,2018-12-01,2018,12,December,71012200,Cultured Pearls,Cultured pearls - worked,SWITZERLAND,PARTNER,0.02,R,KGS,2026-08-20,Dec-2018  (R),gemstrategy_data/raw/import/71012200/71012200_2018_12.html
import,2018-12-01,2018,12,December,71012200,Cultured Pearls,Cultured pearls - worked,THAILAND,PARTNER,0.01,R,KGS,2026-08-20,Dec-2018  (R),gemstrategy_data/raw/import/71012200/71012200_2018_12.html
import,2018-12-01,2018,12,December,71012200,Cultured Pearls,Cultured pearls - worked,U ARAB EMTS,PARTNER,0.0,R,KGS,2026-08-20,Dec-2018  (R),gemstrategy_data/raw/import/71012200/71012200_2018_12.html
import,2018-12-01,2018,12,December,71012200,Cultured Pearls,Cultured pearls - worked,U K,PARTNER,0.0,R,KGS,2026-08-20,Dec-2018  (R),gemstrategy_data/raw/import/71012200/71012200_2018_12.html
import,2018-12-01,2018,12,December,71012200,Cultured Pearls,Cultured pearls - worked,U S A,PARTNER,0.0,R,KGS,2026-08-20,Dec-2018  (R),gemstrategy_data/raw/import/71012200/71012200_2018_12.html
import,2018-12-01,2018,12,December,71012200,Cultured Pearls,Cultured pearls - worked,UNSPECIFIED,PARTNER,0.0,R,KGS,2026-08-20,Dec-2018  (R),gemstrategy_data/raw/import/71012200/71012200_2018_12.html
import,2018-12-01,2018,12,December,71012200,Cultured Pearls,Cultured pearls - worked,VIETNAM SOC REP,PARTNER,0.0,R,KGS,2026-08-20,Dec-2018  (R),gemstrategy_data/raw/import/71012200/71012200_2018_12.html
import,2018-12-01,2018,12,December,71012200,Cultured Pearls,Cultured pearls - worked,Total,TOTAL,0.22,R,KGS,2026-08-20,Dec-2018  (R),gemstrategy_data/raw/import/71012200/71012200_2018_12.html
import,2019-01-01,2019,1,January,71011010,Natural Pearls,Natural (real) pearls - unworked,BAHARAIN IS,PARTNER,0.0,R,KGS,2026-08-20,Jan-2019  (R),gemstrategy_data/raw/import/71011010/71011010_2019_01.html
import,2019-01-01,2019,1,January,71011010,Natural Pearls,Natural (real) pearls - unworked,CHINA P RP,PARTNER,0.0,R,KGS,2026-08-20,Jan-2019  (R),gemstrategy_data/raw/import/71011010/71011010_2019_01.html
import,2019-01-01,2019,1,January,71011010,Natural Pearls,Natural (real) pearls - unworked,HONG KONG,PARTNER,0.01,R,KGS,2026-08-20,Jan-2019  (R),gemstrategy_data/raw/import/71011010/71011010_2019_01.html
import,2019-01-01,2019,1,January,71011010,Natural Pearls,Natural (real) pearls - unworked,INDONESIA,PARTNER,0.0,R,KGS,2026-08-20,Jan-2019  (R),gemstrategy_data/raw/import/71011010/71011010_2019_01.html
import,2019-01-01,2019,1,January,71011010,Natural Pearls,Natural (real) pearls - unworked,ITALY,PARTNER,0.0,R,KGS,2026-08-20,Jan-2019  (R),gemstrategy_data/raw/import/71011010/71011010_2019_01.html
import,2019-01-01,2019,1,January,71011010,Natural Pearls,Natural (real) pearls - unworked,JAPAN,PARTNER,0.01,R,KGS,2026-08-20,Jan-2019  (R),gemstrategy_data/raw/import/71011010/71011010_2019_01.html
import,2019-01-01,2019,1,January,71011010,Natural Pearls,Natural (real) pearls - unworked,KOREA RP,PARTNER,0.0,R,KGS,2026-08-20,Jan-2019  (R),gemstrategy_data/raw/import/71011010/71011010_2019_01.html
import,2019-01-01,2019,1,January,71011010,Natural Pearls,Natural (real) pearls - unworked,MEXICO,PARTNER,0.0,R,KGS,2026-08-20,Jan-2019  (R),gemstrategy_data/raw/import/71011010/71011010_2019_01.html
import,2019-01-01,2019,1,January,71011010,Natural Pearls,Natural (real) pearls - unworked,SPAIN,PARTNER,0.0,R,KGS,2026-08-20,Jan-2019  (R),gemstrategy_data/raw/import/71011010/71011010_2019_01.html
import,2019-01-01,2019,1,January,71011010,Natural Pearls,Natural (real) pearls - unworked,SWITZERLAND,PARTNER,0.0,R,KGS,2026-08-20,Jan-2019  (R),gemstrategy_data/raw/import/71011010/71011010_2019_01.html
import,2019-01-01,2019,1,January,71011010,Natural Pearls,Natural (real) pearls - unworked,U ARAB EMTS,PARTNER,0.0,R,KGS,2026-08-20,Jan-2019  (R),gemstrategy_data/raw/import/71011010/71011010_2019_01.html
import,2019-01-01,2019,1,January,71011010,Natural Pearls,Natural (real) pearls - unworked,U S A,PARTNER,0.0,R,KGS,2026-08-20,Jan-2019  (R),gemstrategy_data/raw/import/71011010/71011010_2019_01.html
import,2019-01-01,2019,1,January,71011010,Natural Pearls,Natural (real) pearls - unworked,UNSPECIFIED,PARTNER,0.0,R,KGS,2026-08-20,Jan-2019  (R),gemstrategy_data/raw/import/71011010/71011010_2019_01.html
import,2019-01-01,2019,1,January,71011010,Natural Pearls,Natural (real) pearls - unworked,Total,TOTAL,0.02,R,KGS,2026-08-20,Jan-2019  (R),gemstrategy_data/raw/import/71011010/71011010_2019_01.html
import,2019-01-01,2019,1,January,71011020,Natural Pearls,Natural (real) pearls - worked,BAHARAIN IS,PARTNER,0.0,R,KGS,2026-08-20,Jan-2019  (R),gemstrategy_data/raw/import/71011020/71011020_2019_01.html
import,2019-01-01,2019,1,January,71011020,Natural Pearls,Natural (real) pearls - worked,CHINA P RP,PARTNER,0.0,R,KGS,2026-08-20,Jan-2019  (R),gemstrategy_data/raw/import/71011020/71011020_2019_01.html
import,2019-01-01,2019,1,January,71011020,Natural Pearls,Natural (real) pearls - worked,GERMANY,PARTNER,0.0,R,KGS,2026-08-20,Jan-2019  (R),gemstrategy_data/raw/import/71011020/71011020_2019_01.html
import,2019-01-01,2019,1,January,71011020,Natural Pearls,Natural (real) pearls - worked,HONG KONG,PARTNER,0.21,R,KGS,2026-08-20,Jan-2019  (R),gemstrategy_data/raw/import/71011020/71011020_2019_01.html
import,2019-01-01,2019,1,January,71011020,Natural Pearls,Natural (real) pearls - worked,INDONESIA,PARTNER,0.0,R,KGS,2026-08-20,Jan-2019  (R),gemstrategy_data/raw/import/71011020/71011020_2019_01.html
import,2019-01-01,2019,1,January,71011020,Natural Pearls,Natural (real) pearls - worked,ITALY,PARTNER,0.0,R,KGS,2026-08-20,Jan-2019  (R),gemstrategy_data/raw/import/71011020/71011020_2019_01.html
import,2019-01-01,2019,1,January,71011020,Natural Pearls,Natural (real) pearls - worked,JAPAN,PARTNER,0.0,R,KGS,2026-08-20,Jan-2019  (R),gemstrategy_data/raw/import/71011020/71011020_2019_01.html
import,2019-01-01,2019,1,January,71011020,Natural Pearls,Natural (real) pearls - worked,SPAIN,PARTNER,0.0,R,KGS,2026-08-20,Jan-2019  (R),gemstrategy_data/raw/import/71011020/71011020_2019_01.html
import,2019-01-01,2019,1,January,71011020,Natural Pearls,Natural (real) pearls - worked,SWITZERLAND,PARTNER,0.0,R,KGS,2026-08-20,Jan-2019  (R),gemstrategy_data/raw/import/71011020/71011020_2019_01.html
import,2019-01-01,2019,1,January,71011020,Natural Pearls,Natural (real) pearls - worked,THAILAND,PARTNER,0.0,R,KGS,2026-08-20,Jan-2019  (R),gemstrategy_data/raw/import/71011020/71011020_2019_01.html
import,2019-01-01,2019,1,January,71011020,Natural Pearls,Natural (real) pearls - worked,U ARAB EMTS,PARTNER,0.0,R,KGS,2026-08-20,Jan-2019  (R),gemstrategy_data/raw/import/71011020/71011020_2019_01.html
import,2019-01-01,2019,1,January,71011020,Natural Pearls,Natural (real) pearls - worked,U K,PARTNER,0.03,R,KGS,2026-08-20,Jan-2019  (R),gemstrategy_data/raw/import/71011020/71011020_2019_01.html
import,2019-01-01,2019,1,January,71011020,Natural Pearls,Natural (real) pearls - worked,U S A,PARTNER,0.0,R,KGS,2026-08-20,Jan-2019  (R),gemstrategy_data/raw/import/71011020/71011020_2019_01.html
import,2019-01-01,2019,1,January,71011020,Natural Pearls,Natural (real) pearls - worked,UNSPECIFIED,PARTNER,0.0,R,KGS,2026-08-20,Jan-2019  (R),gemstrategy_data/raw/import/71011020/71011020_2019_01.html
import,2019-01-01,2019,1,January,71011020,Natural Pearls,Natural (real) pearls - worked,Total,TOTAL,0.24,R,KGS,2026-08-20,Jan-2019  (R),gemstrategy_data/raw/import/71011020/71011020_2019_01.html
import,2019-01-01,2019,1,January,71012100,Cultured Pearls,Cultured pearls - unworked,CANADA,PARTNER,0.0,R,KGS,2026-08-20,Jan-2019  (R),gemstrategy_data/raw/import/71012100/71012100_2019_01.html
import,2019-01-01,2019,1,January,71012100,Cultured Pearls,Cultured pearls - unworked,CHINA P RP,PARTNER,0.18,R,KGS,2026-08-20,Jan-2019  (R),gemstrategy_data/raw/import/71012100/71012100_2019_01.html
import,2019-01-01,2019,1,January,71012100,Cultured Pearls,Cultured pearls - unworked,GERMANY,PARTNER,0.0,R,KGS,2026-08-20,Jan-2019  (R),gemstrategy_data/raw/import/71012100/71012100_2019_01.html
import,2019-01-01,2019,1,January,71012100,Cultured Pearls,Cultured pearls - unworked,HONG KONG,PARTNER,0.4,R,KGS,2026-08-20,Jan-2019  (R),gemstrategy_data/raw/import/71012100/71012100_2019_01.html
import,2019-01-01,2019,1,January,71012100,Cultured Pearls,Cultured pearls - unworked,INDONESIA,PARTNER,0.0,R,KGS,2026-08-20,Jan-2019  (R),gemstrategy_data/raw/import/71012100/71012100_2019_01.html
import,2019-01-01,2019,1,January,71012100,Cultured Pearls,Cultured pearls - unworked,ITALY,PARTNER,0.0,R,KGS,2026-08-20,Jan-2019  (R),gemstrategy_data/raw/import/71012100/71012100_2019_01.html
import,2019-01-01,2019,1,January,71012100,Cultured Pearls,Cultured pearls - unworked,JAPAN,PARTNER,0.0,R,KGS,2026-08-20,Jan-2019  (R),gemstrategy_data/raw/import/71012100/71012100_2019_01.html
import,2019-01-01,2019,1,January,71012100,Cultured Pearls,Cultured pearls - unworked,KOREA RP,PARTNER,0.0,R,KGS,2026-08-20,Jan-2019  (R),gemstrategy_data/raw/import/71012100/71012100_2019_01.html
import,2019-01-01,2019,1,January,71012100,Cultured Pearls,Cultured pearls - unworked,MEXICO,PARTNER,0.0,R,KGS,2026-08-20,Jan-2019  (R),gemstrategy_data/raw/import/71012100/71012100_2019_01.html
import,2019-01-01,2019,1,January,71012100,Cultured Pearls,Cultured pearls - unworked,SINGAPORE,PARTNER,0.0,R,KGS,2026-08-20,Jan-2019  (R),gemstrategy_data/raw/import/71012100/71012100_2019_01.html
import,2019-01-01,2019,1,January,71012100,Cultured Pearls,Cultured pearls - unworked,SPAIN,PARTNER,0.0,R,KGS,2026-08-20,Jan-2019  (R),gemstrategy_data/raw/import/71012100/71012100_2019_01.html
import,2019-01-01,2019,1,January,71012100,Cultured Pearls,Cultured pearls - unworked,SWITZERLAND,PARTNER,0.0,R,KGS,2026-08-20,Jan-2019  (R),gemstrategy_data/raw/import/71012100/71012100_2019_01.html
import,2019-01-01,2019,1,January,71012100,Cultured Pearls,Cultured pearls - unworked,TAIWAN,PARTNER,0.0,R,KGS,2026-08-20,Jan-2019  (R),gemstrategy_data/raw/import/71012100/71012100_2019_01.html
import,2019-01-01,2019,1,January,71012100,Cultured Pearls,Cultured pearls - unworked,THAILAND,PARTNER,0.0,R,KGS,2026-08-20,Jan-2019  (R),gemstrategy_data/raw/import/71012100/71012100_2019_01.html
import,2019-01-01,2019,1,January,71012100,Cultured Pearls,Cultured pearls - unworked,U ARAB EMTS,PARTNER,0.0,R,KGS,2026-08-20,Jan-2019  (R),gemstrategy_data/raw/import/71012100/71012100_2019_01.html
import,2019-01-01,2019,1,January,71012100,Cultured Pearls,Cultured pearls - unworked,U S A,PARTNER,0.0,R,KGS,2026-08-20,Jan-2019  (R),gemstrategy_data/raw/import/71012100/71012100_2019_01.html
import,2019-01-01,2019,1,January,71012100,Cultured Pearls,Cultured pearls - unworked,UNSPECIFIED,PARTNER,0.0,R,KGS,2026-08-20,Jan-2019  (R),gemstrategy_data/raw/import/71012100/71012100_2019_01.html
import,2019-01-01,2019,1,January,71012100,Cultured Pearls,Cultured pearls - unworked,Total,TOTAL,0.58,R,KGS,2026-08-20,Jan-2019  (R),gemstrategy_data/raw/import/71012100/71012100_2019_01.html
import,2019-01-01,2019,1,January,71012200,Cultured Pearls,Cultured pearls - worked,AUSTRALIA,PARTNER,0.0,R,KGS,2026-08-20,Jan-2019  (R),gemstrategy_data/raw/import/71012200/71012200_2019_01.html
import,2019-01-01,2019,1,January,71012200,Cultured Pearls,Cultured pearls - worked,CANADA,PARTNER,0.0,R,KGS,2026-08-20,Jan-2019  (R),gemstrategy_data/raw/import/71012200/71012200_2019_01.html
import,2019-01-01,2019,1,January,71012200,Cultured Pearls,Cultured pearls - worked,CHINA P RP,PARTNER,0.0,R,KGS,2026-08-20,Jan-2019  (R),gemstrategy_data/raw/import/71012200/71012200_2019_01.html
import,2019-01-01,2019,1,January,71012200,Cultured Pearls,Cultured pearls - worked,FRANCE,PARTNER,0.0,R,KGS,2026-08-20,Jan-2019  (R),gemstrategy_data/raw/import/71012200/71012200_2019_01.html
import,2019-01-01,2019,1,January,71012200,Cultured Pearls,Cultured pearls - worked,GERMANY,PARTNER,0.0,R,KGS,2026-08-20,Jan-2019  (R),gemstrategy_data/raw/import/71012200/71012200_2019_01.html
import,2019-01-01,2019,1,January,71012200,Cultured Pearls,Cultured pearls - worked,HONG KONG,PARTNER,0.07,R,KGS,2026-08-20,Jan-2019  (R),gemstrategy_data/raw/import/71012200/71012200_2019_01.html
import,2019-01-01,2019,1,January,71012200,Cultured Pearls,Cultured pearls - worked,INDONESIA,PARTNER,0.01,R,KGS,2026-08-20,Jan-2019  (R),gemstrategy_data/raw/import/71012200/71012200_2019_01.html
import,2019-01-01,2019,1,January,71012200,Cultured Pearls,Cultured pearls - worked,ITALY,PARTNER,0.0,R,KGS,2026-08-20,Jan-2019  (R),gemstrategy_data/raw/import/71012200/71012200_2019_01.html
import,2019-01-01,2019,1,January,71012200,Cultured Pearls,Cultured pearls - worked,JAPAN,PARTNER,0.1,R,KGS,2026-08-20,Jan-2019  (R),gemstrategy_data/raw/import/71012200/71012200_2019_01.html
import,2019-01-01,2019,1,January,71012200,Cultured Pearls,Cultured pearls - worked,KOREA RP,PARTNER,0.0,R,KGS,2026-08-20,Jan-2019  (R),gemstrategy_data/raw/import/71012200/71012200_2019_01.html
import,2019-01-01,2019,1,January,71012200,Cultured Pearls,Cultured pearls - worked,MEXICO,PARTNER,0.0,R,KGS,2026-08-20,Jan-2019  (R),gemstrategy_data/raw/import/71012200/71012200_2019_01.html
import,2019-01-01,2019,1,January,71012200,Cultured Pearls,Cultured pearls - worked,SPAIN,PARTNER,0.0,R,KGS,2026-08-20,Jan-2019  (R),gemstrategy_data/raw/import/71012200/71012200_2019_01.html
import,2019-01-01,2019,1,January,71012200,Cultured Pearls,Cultured pearls - worked,SWITZERLAND,PARTNER,0.0,R,KGS,2026-08-20,Jan-2019  (R),gemstrategy_data/raw/import/71012200/71012200_2019_01.html
import,2019-01-01,2019,1,January,71012200,Cultured Pearls,Cultured pearls - worked,THAILAND,PARTNER,0.0,R,KGS,2026-08-20,Jan-2019  (R),gemstrategy_data/raw/import/71012200/71012200_2019_01.html
import,2019-01-01,2019,1,January,71012200,Cultured Pearls,Cultured pearls - worked,U ARAB EMTS,PARTNER,0.0,R,KGS,2026-08-20,Jan-2019  (R),gemstrategy_data/raw/import/71012200/71012200_2019_01.html
import,2019-01-01,2019,1,January,71012200,Cultured Pearls,Cultured pearls - worked,U K,PARTNER,0.0,R,KGS,2026-08-20,Jan-2019  (R),gemstrategy_data/raw/import/71012200/71012200_2019_01.html
import,2019-01-01,2019,1,January,71012200,Cultured Pearls,Cultured pearls - worked,U S A,PARTNER,0.01,R,KGS,2026-08-20,Jan-2019  (R),gemstrategy_data/raw/import/71012200/71012200_2019_01.html
import,2019-01-01,2019,1,January,71012200,Cultured Pearls,Cultured pearls - worked,UNSPECIFIED,PARTNER,0.0,R,KGS,2026-08-20,Jan-2019  (R),gemstrategy_data/raw/import/71012200/71012200_2019_01.html
import,2019-01-01,2019,1,January,71012200,Cultured Pearls,Cultured pearls - worked,VIETNAM SOC REP,PARTNER,0.0,R,KGS,2026-08-20,Jan-2019  (R),gemstrategy_data/raw/import/71012200/71012200_2019_01.html
import,2019-01-01,2019,1,January,71012200,Cultured Pearls,Cultured pearls - worked,Total,TOTAL,0.2,R,KGS,2026-08-20,Jan-2019  (R),gemstrategy_data/raw/import/71012200/71012200_2019_01.html
import,2019-02-01,2019,2,February,71011010,Natural Pearls,Natural (real) pearls - unworked,BAHARAIN IS,PARTNER,0.0,R,KGS,2026-08-20,Feb-2019  (R),gemstrategy_data/raw/import/71011010/71011010_2019_02.html
import,2019-02-01,2019,2,February,71011010,Natural Pearls,Natural (real) pearls - unworked,CHINA P RP,PARTNER,0.0,R,KGS,2026-08-20,Feb-2019  (R),gemstrategy_data/raw/import/71011010/71011010_2019_02.html
import,2019-02-01,2019,2,February,71011010,Natural Pearls,Natural (real) pearls - unworked,HONG KONG,PARTNER,0.0,R,KGS,2026-08-20,Feb-2019  (R),gemstrategy_data/raw/import/71011010/71011010_2019_02.html
import,2019-02-01,2019,2,February,71011010,Natural Pearls,Natural (real) pearls - unworked,INDONESIA,PARTNER,0.0,R,KGS,2026-08-20,Feb-2019  (R),gemstrategy_data/raw/import/71011010/71011010_2019_02.html
import,2019-02-01,2019,2,February,71011010,Natural Pearls,Natural (real) pearls - unworked,ITALY,PARTNER,0.0,R,KGS,2026-08-20,Feb-2019  (R),gemstrategy_data/raw/import/71011010/71011010_2019_02.html
import,2019-02-01,2019,2,February,71011010,Natural Pearls,Natural (real) pearls - unworked,JAPAN,PARTNER,0.04,R,KGS,2026-08-20,Feb-2019  (R),gemstrategy_data/raw/import/71011010/71011010_2019_02.html
import,2019-02-01,2019,2,February,71011010,Natural Pearls,Natural (real) pearls - unworked,KOREA RP,PARTNER,0.0,R,KGS,2026-08-20,Feb-2019  (R),gemstrategy_data/raw/import/71011010/71011010_2019_02.html
import,2019-02-01,2019,2,February,71011010,Natural Pearls,Natural (real) pearls - unworked,MEXICO,PARTNER,0.0,R,KGS,2026-08-20,Feb-2019  (R),gemstrategy_data/raw/import/71011010/71011010_2019_02.html
import,2019-02-01,2019,2,February,71011010,Natural Pearls,Natural (real) pearls - unworked,SPAIN,PARTNER,0.0,R,KGS,2026-08-20,Feb-2019  (R),gemstrategy_data/raw/import/71011010/71011010_2019_02.html
import,2019-02-01,2019,2,February,71011010,Natural Pearls,Natural (real) pearls - unworked,SWITZERLAND,PARTNER,0.0,R,KGS,2026-08-20,Feb-2019  (R),gemstrategy_data/raw/import/71011010/71011010_2019_02.html
import,2019-02-01,2019,2,February,71011010,Natural Pearls,Natural (real) pearls - unworked,U ARAB EMTS,PARTNER,0.0,R,KGS,2026-08-20,Feb-2019  (R),gemstrategy_data/raw/import/71011010/71011010_2019_02.html
import,2019-02-01,2019,2,February,71011010,Natural Pearls,Natural (real) pearls - unworked,U S A,PARTNER,0.01,R,KGS,2026-08-20,Feb-2019  (R),gemstrategy_data/raw/import/71011010/71011010_2019_02.html
import,2019-02-01,2019,2,February,71011010,Natural Pearls,Natural (real) pearls - unworked,UNSPECIFIED,PARTNER,0.0,R,KGS,2026-08-20,Feb-2019  (R),gemstrategy_data/raw/import/71011010/71011010_2019_02.html
import,2019-02-01,2019,2,February,71011010,Natural Pearls,Natural (real) pearls - unworked,Total,TOTAL,0.04,R,KGS,2026-08-20,Feb-2019  (R),gemstrategy_data/raw/import/71011010/71011010_2019_02.html
import,2019-02-01,2019,2,February,71011020,Natural Pearls,Natural (real) pearls - worked,BAHARAIN IS,PARTNER,0.0,R,KGS,2026-08-20,Feb-2019  (R),gemstrategy_data/raw/import/71011020/71011020_2019_02.html
import,2019-02-01,2019,2,February,71011020,Natural Pearls,Natural (real) pearls - worked,CHINA P RP,PARTNER,0.0,R,KGS,2026-08-20,Feb-2019  (R),gemstrategy_data/raw/import/71011020/71011020_2019_02.html
import,2019-02-01,2019,2,February,71011020,Natural Pearls,Natural (real) pearls - worked,GERMANY,PARTNER,0.0,R,KGS,2026-08-20,Feb-2019  (R),gemstrategy_data/raw/import/71011020/71011020_2019_02.html
import,2019-02-01,2019,2,February,71011020,Natural Pearls,Natural (real) pearls - worked,HONG KONG,PARTNER,0.01,R,KGS,2026-08-20,Feb-2019  (R),gemstrategy_data/raw/import/71011020/71011020_2019_02.html
import,2019-02-01,2019,2,February,71011020,Natural Pearls,Natural (real) pearls - worked,INDONESIA,PARTNER,0.0,R,KGS,2026-08-20,Feb-2019  (R),gemstrategy_data/raw/import/71011020/71011020_2019_02.html
import,2019-02-01,2019,2,February,71011020,Natural Pearls,Natural (real) pearls - worked,ITALY,PARTNER,0.0,R,KGS,2026-08-20,Feb-2019  (R),gemstrategy_data/raw/import/71011020/71011020_2019_02.html
import,2019-02-01,2019,2,February,71011020,Natural Pearls,Natural (real) pearls - worked,JAPAN,PARTNER,0.0,R,KGS,2026-08-20,Feb-2019  (R),gemstrategy_data/raw/import/71011020/71011020_2019_02.html
import,2019-02-01,2019,2,February,71011020,Natural Pearls,Natural (real) pearls - worked,SPAIN,PARTNER,0.0,R,KGS,2026-08-20,Feb-2019  (R),gemstrategy_data/raw/import/71011020/71011020_2019_02.html
import,2019-02-01,2019,2,February,71011020,Natural Pearls,Natural (real) pearls - worked,SWITZERLAND,PARTNER,0.0,R,KGS,2026-08-20,Feb-2019  (R),gemstrategy_data/raw/import/71011020/71011020_2019_02.html
import,2019-02-01,2019,2,February,71011020,Natural Pearls,Natural (real) pearls - worked,THAILAND,PARTNER,0.0,R,KGS,2026-08-20,Feb-2019  (R),gemstrategy_data/raw/import/71011020/71011020_2019_02.html
import,2019-02-01,2019,2,February,71011020,Natural Pearls,Natural (real) pearls - worked,U ARAB EMTS,PARTNER,0.0,R,KGS,2026-08-20,Feb-2019  (R),gemstrategy_data/raw/import/71011020/71011020_2019_02.html
import,2019-02-01,2019,2,February,71011020,Natural Pearls,Natural (real) pearls - worked,U K,PARTNER,0.0,R,KGS,2026-08-20,Feb-2019  (R),gemstrategy_data/raw/import/71011020/71011020_2019_02.html
import,2019-02-01,2019,2,February,71011020,Natural Pearls,Natural (real) pearls - worked,U S A,PARTNER,0.02,R,KGS,2026-08-20,Feb-2019  (R),gemstrategy_data/raw/import/71011020/71011020_2019_02.html
import,2019-02-01,2019,2,February,71011020,Natural Pearls,Natural (real) pearls - worked,UNSPECIFIED,PARTNER,0.0,R,KGS,2026-08-20,Feb-2019  (R),gemstrategy_data/raw/import/71011020/71011020_2019_02.html
import,2019-02-01,2019,2,February,71011020,Natural Pearls,Natural (real) pearls - worked,Total,TOTAL,0.02,R,KGS,2026-08-20,Feb-2019  (R),gemstrategy_data/raw/import/71011020/71011020_2019_02.html
import,2019-02-01,2019,2,February,71012100,Cultured Pearls,Cultured pearls - unworked,CANADA,PARTNER,0.0,R,KGS,2026-08-20,Feb-2019  (R),gemstrategy_data/raw/import/71012100/71012100_2019_02.html
import,2019-02-01,2019,2,February,71012100,Cultured Pearls,Cultured pearls - unworked,CHINA P RP,PARTNER,0.14,R,KGS,2026-08-20,Feb-2019  (R),gemstrategy_data/raw/import/71012100/71012100_2019_02.html
import,2019-02-01,2019,2,February,71012100,Cultured Pearls,Cultured pearls - unworked,GERMANY,PARTNER,0.0,R,KGS,2026-08-20,Feb-2019  (R),gemstrategy_data/raw/import/71012100/71012100_2019_02.html
import,2019-02-01,2019,2,February,71012100,Cultured Pearls,Cultured pearls - unworked,HONG KONG,PARTNER,0.69,R,KGS,2026-08-20,Feb-2019  (R),gemstrategy_data/raw/import/71012100/71012100_2019_02.html
import,2019-02-01,2019,2,February,71012100,Cultured Pearls,Cultured pearls - unworked,INDONESIA,PARTNER,0.0,R,KGS,2026-08-20,Feb-2019  (R),gemstrategy_data/raw/import/71012100/71012100_2019_02.html
import,2019-02-01,2019,2,February,71012100,Cultured Pearls,Cultured pearls - unworked,ITALY,PARTNER,0.0,R,KGS,2026-08-20,Feb-2019  (R),gemstrategy_data/raw/import/71012100/71012100_2019_02.html
import,2019-02-01,2019,2,February,71012100,Cultured Pearls,Cultured pearls - unworked,JAPAN,PARTNER,0.05,R,KGS,2026-08-20,Feb-2019  (R),gemstrategy_data/raw/import/71012100/71012100_2019_02.html
import,2019-02-01,2019,2,February,71012100,Cultured Pearls,Cultured pearls - unworked,KOREA RP,PARTNER,0.0,R,KGS,2026-08-20,Feb-2019  (R),gemstrategy_data/raw/import/71012100/71012100_2019_02.html
import,2019-02-01,2019,2,February,71012100,Cultured Pearls,Cultured pearls - unworked,MEXICO,PARTNER,0.0,R,KGS,2026-08-20,Feb-2019  (R),gemstrategy_data/raw/import/71012100/71012100_2019_02.html
import,2019-02-01,2019,2,February,71012100,Cultured Pearls,Cultured pearls - unworked,SINGAPORE,PARTNER,0.0,R,KGS,2026-08-20,Feb-2019  (R),gemstrategy_data/raw/import/71012100/71012100_2019_02.html
import,2019-02-01,2019,2,February,71012100,Cultured Pearls,Cultured pearls - unworked,SPAIN,PARTNER,0.0,R,KGS,2026-08-20,Feb-2019  (R),gemstrategy_data/raw/import/71012100/71012100_2019_02.html
import,2019-02-01,2019,2,February,71012100,Cultured Pearls,Cultured pearls - unworked,SWITZERLAND,PARTNER,0.0,R,KGS,2026-08-20,Feb-2019  (R),gemstrategy_data/raw/import/71012100/71012100_2019_02.html
import,2019-02-01,2019,2,February,71012100,Cultured Pearls,Cultured pearls - unworked,TAIWAN,PARTNER,0.0,R,KGS,2026-08-20,Feb-2019  (R),gemstrategy_data/raw/import/71012100/71012100_2019_02.html
import,2019-02-01,2019,2,February,71012100,Cultured Pearls,Cultured pearls - unworked,THAILAND,PARTNER,0.0,R,KGS,2026-08-20,Feb-2019  (R),gemstrategy_data/raw/import/71012100/71012100_2019_02.html
import,2019-02-01,2019,2,February,71012100,Cultured Pearls,Cultured pearls - unworked,U ARAB EMTS,PARTNER,0.0,R,KGS,2026-08-20,Feb-2019  (R),gemstrategy_data/raw/import/71012100/71012100_2019_02.html
import,2019-02-01,2019,2,February,71012100,Cultured Pearls,Cultured pearls - unworked,U S A,PARTNER,0.0,R,KGS,2026-08-20,Feb-2019  (R),gemstrategy_data/raw/import/71012100/71012100_2019_02.html
import,2019-02-01,2019,2,February,71012100,Cultured Pearls,Cultured pearls - unworked,UNSPECIFIED,PARTNER,0.0,R,KGS,2026-08-20,Feb-2019  (R),gemstrategy_data/raw/import/71012100/71012100_2019_02.html
import,2019-02-01,2019,2,February,71012100,Cultured Pearls,Cultured pearls - unworked,Total,TOTAL,0.89,R,KGS,2026-08-20,Feb-2019  (R),gemstrategy_data/raw/import/71012100/71012100_2019_02.html
import,2019-02-01,2019,2,February,71012200,Cultured Pearls,Cultured pearls - worked,AUSTRALIA,PARTNER,0.0,R,KGS,2026-08-20,Feb-2019  (R),gemstrategy_data/raw/import/71012200/71012200_2019_02.html
import,2019-02-01,2019,2,February,71012200,Cultured Pearls,Cultured pearls - worked,CANADA,PARTNER,0.0,R,KGS,2026-08-20,Feb-2019  (R),gemstrategy_data/raw/import/71012200/71012200_2019_02.html
import,2019-02-01,2019,2,February,71012200,Cultured Pearls,Cultured pearls - worked,CHINA P RP,PARTNER,0.0,R,KGS,2026-08-20,Feb-2019  (R),gemstrategy_data/raw/import/71012200/71012200_2019_02.html
import,2019-02-01,2019,2,February,71012200,Cultured Pearls,Cultured pearls - worked,FRANCE,PARTNER,0.0,R,KGS,2026-08-20,Feb-2019  (R),gemstrategy_data/raw/import/71012200/71012200_2019_02.html
import,2019-02-01,2019,2,February,71012200,Cultured Pearls,Cultured pearls - worked,GERMANY,PARTNER,0.0,R,KGS,2026-08-20,Feb-2019  (R),gemstrategy_data/raw/import/71012200/71012200_2019_02.html
import,2019-02-01,2019,2,February,71012200,Cultured Pearls,Cultured pearls - worked,HONG KONG,PARTNER,0.21,R,KGS,2026-08-20,Feb-2019  (R),gemstrategy_data/raw/import/71012200/71012200_2019_02.html
import,2019-02-01,2019,2,February,71012200,Cultured Pearls,Cultured pearls - worked,INDONESIA,PARTNER,0.0,R,KGS,2026-08-20,Feb-2019  (R),gemstrategy_data/raw/import/71012200/71012200_2019_02.html
import,2019-02-01,2019,2,February,71012200,Cultured Pearls,Cultured pearls - worked,ITALY,PARTNER,0.0,R,KGS,2026-08-20,Feb-2019  (R),gemstrategy_data/raw/import/71012200/71012200_2019_02.html
import,2019-02-01,2019,2,February,71012200,Cultured Pearls,Cultured pearls - worked,JAPAN,PARTNER,0.0,R,KGS,2026-08-20,Feb-2019  (R),gemstrategy_data/raw/import/71012200/71012200_2019_02.html
import,2019-02-01,2019,2,February,71012200,Cultured Pearls,Cultured pearls - worked,KOREA RP,PARTNER,0.0,R,KGS,2026-08-20,Feb-2019  (R),gemstrategy_data/raw/import/71012200/71012200_2019_02.html
import,2019-02-01,2019,2,February,71012200,Cultured Pearls,Cultured pearls - worked,MEXICO,PARTNER,0.0,R,KGS,2026-08-20,Feb-2019  (R),gemstrategy_data/raw/import/71012200/71012200_2019_02.html
import,2019-02-01,2019,2,February,71012200,Cultured Pearls,Cultured pearls - worked,SPAIN,PARTNER,0.0,R,KGS,2026-08-20,Feb-2019  (R),gemstrategy_data/raw/import/71012200/71012200_2019_02.html
import,2019-02-01,2019,2,February,71012200,Cultured Pearls,Cultured pearls - worked,SWITZERLAND,PARTNER,0.0,R,KGS,2026-08-20,Feb-2019  (R),gemstrategy_data/raw/import/71012200/71012200_2019_02.html
import,2019-02-01,2019,2,February,71012200,Cultured Pearls,Cultured pearls - worked,THAILAND,PARTNER,0.02,R,KGS,2026-08-20,Feb-2019  (R),gemstrategy_data/raw/import/71012200/71012200_2019_02.html
import,2019-02-01,2019,2,February,71012200,Cultured Pearls,Cultured pearls - worked,U ARAB EMTS,PARTNER,0.0,R,KGS,2026-08-20,Feb-2019  (R),gemstrategy_data/raw/import/71012200/71012200_2019_02.html
import,2019-02-01,2019,2,February,71012200,Cultured Pearls,Cultured pearls - worked,U K,PARTNER,0.03,R,KGS,2026-08-20,Feb-2019  (R),gemstrategy_data/raw/import/71012200/71012200_2019_02.html
import,2019-02-01,2019,2,February,71012200,Cultured Pearls,Cultured pearls - worked,U S A,PARTNER,0.01,R,KGS,2026-08-20,Feb-2019  (R),gemstrategy_data/raw/import/71012200/71012200_2019_02.html
import,2019-02-01,2019,2,February,71012200,Cultured Pearls,Cultured pearls - worked,UNSPECIFIED,PARTNER,0.0,R,KGS,2026-08-20,Feb-2019  (R),gemstrategy_data/raw/import/71012200/71012200_2019_02.html
import,2019-02-01,2019,2,February,71012200,Cultured Pearls,Cultured pearls - worked,VIETNAM SOC REP,PARTNER,0.0,R,KGS,2026-08-20,Feb-2019  (R),gemstrategy_data/raw/import/71012200/71012200_2019_02.html
import,2019-02-01,2019,2,February,71012200,Cultured Pearls,Cultured pearls - worked,Total,TOTAL,0.27,R,KGS,2026-08-20,Feb-2019  (R),gemstrategy_data/raw/import/71012200/71012200_2019_02.html
import,2019-03-01,2019,3,March,71011010,Natural Pearls,Natural (real) pearls - unworked,BAHARAIN IS,PARTNER,0.0,R,KGS,2026-08-20,Mar-2019  (R),gemstrategy_data/raw/import/71011010/71011010_2019_03.html
import,2019-03-01,2019,3,March,71011010,Natural Pearls,Natural (real) pearls - unworked,CANADA,PARTNER,0.0,R,KGS,2026-08-20,Mar-2019  (R),gemstrategy_data/raw/import/71011010/71011010_2019_03.html
import,2019-03-01,2019,3,March,71011010,Natural Pearls,Natural (real) pearls - unworked,CHINA P RP,PARTNER,0.0,R,KGS,2026-08-20,Mar-2019  (R),gemstrategy_data/raw/import/71011010/71011010_2019_03.html
import,2019-03-01,2019,3,March,71011010,Natural Pearls,Natural (real) pearls - unworked,HONG KONG,PARTNER,0.34,R,KGS,2026-08-20,Mar-2019  (R),gemstrategy_data/raw/import/71011010/71011010_2019_03.html
import,2019-03-01,2019,3,March,71011010,Natural Pearls,Natural (real) pearls - unworked,INDONESIA,PARTNER,0.0,R,KGS,2026-08-20,Mar-2019  (R),gemstrategy_data/raw/import/71011010/71011010_2019_03.html
import,2019-03-01,2019,3,March,71011010,Natural Pearls,Natural (real) pearls - unworked,ITALY,PARTNER,0.0,R,KGS,2026-08-20,Mar-2019  (R),gemstrategy_data/raw/import/71011010/71011010_2019_03.html
import,2019-03-01,2019,3,March,71011010,Natural Pearls,Natural (real) pearls - unworked,JAPAN,PARTNER,0.0,R,KGS,2026-08-20,Mar-2019  (R),gemstrategy_data/raw/import/71011010/71011010_2019_03.html
import,2019-03-01,2019,3,March,71011010,Natural Pearls,Natural (real) pearls - unworked,KOREA RP,PARTNER,0.0,R,KGS,2026-08-20,Mar-2019  (R),gemstrategy_data/raw/import/71011010/71011010_2019_03.html
import,2019-03-01,2019,3,March,71011010,Natural Pearls,Natural (real) pearls - unworked,MEXICO,PARTNER,0.0,R,KGS,2026-08-20,Mar-2019  (R),gemstrategy_data/raw/import/71011010/71011010_2019_03.html
import,2019-03-01,2019,3,March,71011010,Natural Pearls,Natural (real) pearls - unworked,SPAIN,PARTNER,0.0,R,KGS,2026-08-20,Mar-2019  (R),gemstrategy_data/raw/import/71011010/71011010_2019_03.html
import,2019-03-01,2019,3,March,71011010,Natural Pearls,Natural (real) pearls - unworked,SWITZERLAND,PARTNER,0.0,R,KGS,2026-08-20,Mar-2019  (R),gemstrategy_data/raw/import/71011010/71011010_2019_03.html
import,2019-03-01,2019,3,March,71011010,Natural Pearls,Natural (real) pearls - unworked,U ARAB EMTS,PARTNER,0.0,R,KGS,2026-08-20,Mar-2019  (R),gemstrategy_data/raw/import/71011010/71011010_2019_03.html
import,2019-03-01,2019,3,March,71011010,Natural Pearls,Natural (real) pearls - unworked,U S A,PARTNER,0.0,R,KGS,2026-08-20,Mar-2019  (R),gemstrategy_data/raw/import/71011010/71011010_2019_03.html
import,2019-03-01,2019,3,March,71011010,Natural Pearls,Natural (real) pearls - unworked,UNSPECIFIED,PARTNER,0.0,R,KGS,2026-08-20,Mar-2019  (R),gemstrategy_data/raw/import/71011010/71011010_2019_03.html
import,2019-03-01,2019,3,March,71011010,Natural Pearls,Natural (real) pearls - unworked,Total,TOTAL,0.34,R,KGS,2026-08-20,Mar-2019  (R),gemstrategy_data/raw/import/71011010/71011010_2019_03.html
import,2019-03-01,2019,3,March,71011020,Natural Pearls,Natural (real) pearls - worked,BAHARAIN IS,PARTNER,0.0,R,KGS,2026-08-20,Mar-2019  (R),gemstrategy_data/raw/import/71011020/71011020_2019_03.html
import,2019-03-01,2019,3,March,71011020,Natural Pearls,Natural (real) pearls - worked,CHINA P RP,PARTNER,0.0,R,KGS,2026-08-20,Mar-2019  (R),gemstrategy_data/raw/import/71011020/71011020_2019_03.html
import,2019-03-01,2019,3,March,71011020,Natural Pearls,Natural (real) pearls - worked,GERMANY,PARTNER,0.0,R,KGS,2026-08-20,Mar-2019  (R),gemstrategy_data/raw/import/71011020/71011020_2019_03.html
import,2019-03-01,2019,3,March,71011020,Natural Pearls,Natural (real) pearls - worked,HONG KONG,PARTNER,0.2,R,KGS,2026-08-20,Mar-2019  (R),gemstrategy_data/raw/import/71011020/71011020_2019_03.html
import,2019-03-01,2019,3,March,71011020,Natural Pearls,Natural (real) pearls - worked,INDONESIA,PARTNER,0.0,R,KGS,2026-08-20,Mar-2019  (R),gemstrategy_data/raw/import/71011020/71011020_2019_03.html
import,2019-03-01,2019,3,March,71011020,Natural Pearls,Natural (real) pearls - worked,ITALY,PARTNER,0.0,R,KGS,2026-08-20,Mar-2019  (R),gemstrategy_data/raw/import/71011020/71011020_2019_03.html
import,2019-03-01,2019,3,March,71011020,Natural Pearls,Natural (real) pearls - worked,JAPAN,PARTNER,0.0,R,KGS,2026-08-20,Mar-2019  (R),gemstrategy_data/raw/import/71011020/71011020_2019_03.html
import,2019-03-01,2019,3,March,71011020,Natural Pearls,Natural (real) pearls - worked,SPAIN,PARTNER,0.0,R,KGS,2026-08-20,Mar-2019  (R),gemstrategy_data/raw/import/71011020/71011020_2019_03.html
import,2019-03-01,2019,3,March,71011020,Natural Pearls,Natural (real) pearls - worked,SWITZERLAND,PARTNER,0.0,R,KGS,2026-08-20,Mar-2019  (R),gemstrategy_data/raw/import/71011020/71011020_2019_03.html
import,2019-03-01,2019,3,March,71011020,Natural Pearls,Natural (real) pearls - worked,THAILAND,PARTNER,0.0,R,KGS,2026-08-20,Mar-2019  (R),gemstrategy_data/raw/import/71011020/71011020_2019_03.html
import,2019-03-01,2019,3,March,71011020,Natural Pearls,Natural (real) pearls - worked,U ARAB EMTS,PARTNER,0.0,R,KGS,2026-08-20,Mar-2019  (R),gemstrategy_data/raw/import/71011020/71011020_2019_03.html
import,2019-03-01,2019,3,March,71011020,Natural Pearls,Natural (real) pearls - worked,U K,PARTNER,0.0,R,KGS,2026-08-20,Mar-2019  (R),gemstrategy_data/raw/import/71011020/71011020_2019_03.html
import,2019-03-01,2019,3,March,71011020,Natural Pearls,Natural (real) pearls - worked,U S A,PARTNER,0.0,R,KGS,2026-08-20,Mar-2019  (R),gemstrategy_data/raw/import/71011020/71011020_2019_03.html
import,2019-03-01,2019,3,March,71011020,Natural Pearls,Natural (real) pearls - worked,UNSPECIFIED,PARTNER,0.0,R,KGS,2026-08-20,Mar-2019  (R),gemstrategy_data/raw/import/71011020/71011020_2019_03.html
import,2019-03-01,2019,3,March,71011020,Natural Pearls,Natural (real) pearls - worked,Total,TOTAL,0.2,R,KGS,2026-08-20,Mar-2019  (R),gemstrategy_data/raw/import/71011020/71011020_2019_03.html
import,2019-03-01,2019,3,March,71012100,Cultured Pearls,Cultured pearls - unworked,CANADA,PARTNER,0.0,R,KGS,2026-08-20,Mar-2019  (R),gemstrategy_data/raw/import/71012100/71012100_2019_03.html
import,2019-03-01,2019,3,March,71012100,Cultured Pearls,Cultured pearls - unworked,CHINA P RP,PARTNER,0.35,R,KGS,2026-08-20,Mar-2019  (R),gemstrategy_data/raw/import/71012100/71012100_2019_03.html
import,2019-03-01,2019,3,March,71012100,Cultured Pearls,Cultured pearls - unworked,GERMANY,PARTNER,0.0,R,KGS,2026-08-20,Mar-2019  (R),gemstrategy_data/raw/import/71012100/71012100_2019_03.html
import,2019-03-01,2019,3,March,71012100,Cultured Pearls,Cultured pearls - unworked,HONG KONG,PARTNER,0.96,R,KGS,2026-08-20,Mar-2019  (R),gemstrategy_data/raw/import/71012100/71012100_2019_03.html
import,2019-03-01,2019,3,March,71012100,Cultured Pearls,Cultured pearls - unworked,INDONESIA,PARTNER,0.0,R,KGS,2026-08-20,Mar-2019  (R),gemstrategy_data/raw/import/71012100/71012100_2019_03.html
import,2019-03-01,2019,3,March,71012100,Cultured Pearls,Cultured pearls - unworked,ITALY,PARTNER,0.0,R,KGS,2026-08-20,Mar-2019  (R),gemstrategy_data/raw/import/71012100/71012100_2019_03.html
import,2019-03-01,2019,3,March,71012100,Cultured Pearls,Cultured pearls - unworked,JAPAN,PARTNER,0.18,R,KGS,2026-08-20,Mar-2019  (R),gemstrategy_data/raw/import/71012100/71012100_2019_03.html
import,2019-03-01,2019,3,March,71012100,Cultured Pearls,Cultured pearls - unworked,KOREA RP,PARTNER,0.0,R,KGS,2026-08-20,Mar-2019  (R),gemstrategy_data/raw/import/71012100/71012100_2019_03.html
import,2019-03-01,2019,3,March,71012100,Cultured Pearls,Cultured pearls - unworked,MEXICO,PARTNER,0.0,R,KGS,2026-08-20,Mar-2019  (R),gemstrategy_data/raw/import/71012100/71012100_2019_03.html
import,2019-03-01,2019,3,March,71012100,Cultured Pearls,Cultured pearls - unworked,SINGAPORE,PARTNER,0.0,R,KGS,2026-08-20,Mar-2019  (R),gemstrategy_data/raw/import/71012100/71012100_2019_03.html
import,2019-03-01,2019,3,March,71012100,Cultured Pearls,Cultured pearls - unworked,SPAIN,PARTNER,0.0,R,KGS,2026-08-20,Mar-2019  (R),gemstrategy_data/raw/import/71012100/71012100_2019_03.html
import,2019-03-01,2019,3,March,71012100,Cultured Pearls,Cultured pearls - unworked,SWITZERLAND,PARTNER,0.0,R,KGS,2026-08-20,Mar-2019  (R),gemstrategy_data/raw/import/71012100/71012100_2019_03.html
import,2019-03-01,2019,3,March,71012100,Cultured Pearls,Cultured pearls - unworked,TAIWAN,PARTNER,0.0,R,KGS,2026-08-20,Mar-2019  (R),gemstrategy_data/raw/import/71012100/71012100_2019_03.html
import,2019-03-01,2019,3,March,71012100,Cultured Pearls,Cultured pearls - unworked,THAILAND,PARTNER,0.0,R,KGS,2026-08-20,Mar-2019  (R),gemstrategy_data/raw/import/71012100/71012100_2019_03.html
import,2019-03-01,2019,3,March,71012100,Cultured Pearls,Cultured pearls - unworked,U ARAB EMTS,PARTNER,0.0,R,KGS,2026-08-20,Mar-2019  (R),gemstrategy_data/raw/import/71012100/71012100_2019_03.html
import,2019-03-01,2019,3,March,71012100,Cultured Pearls,Cultured pearls - unworked,U S A,PARTNER,0.0,R,KGS,2026-08-20,Mar-2019  (R),gemstrategy_data/raw/import/71012100/71012100_2019_03.html
import,2019-03-01,2019,3,March,71012100,Cultured Pearls,Cultured pearls - unworked,UNSPECIFIED,PARTNER,0.0,R,KGS,2026-08-20,Mar-2019  (R),gemstrategy_data/raw/import/71012100/71012100_2019_03.html
import,2019-03-01,2019,3,March,71012100,Cultured Pearls,Cultured pearls - unworked,Total,TOTAL,1.49,R,KGS,2026-08-20,Mar-2019  (R),gemstrategy_data/raw/import/71012100/71012100_2019_03.html
import,2019-03-01,2019,3,March,71012200,Cultured Pearls,Cultured pearls - worked,AUSTRALIA,PARTNER,0.0,R,KGS,2026-08-20,Mar-2019  (R),gemstrategy_data/raw/import/71012200/71012200_2019_03.html
import,2019-03-01,2019,3,March,71012200,Cultured Pearls,Cultured pearls - worked,BAHARAIN IS,PARTNER,0.0,R,KGS,2026-08-20,Mar-2019  (R),gemstrategy_data/raw/import/71012200/71012200_2019_03.html
import,2019-03-01,2019,3,March,71012200,Cultured Pearls,Cultured pearls - worked,CANADA,PARTNER,0.0,R,KGS,2026-08-20,Mar-2019  (R),gemstrategy_data/raw/import/71012200/71012200_2019_03.html
import,2019-03-01,2019,3,March,71012200,Cultured Pearls,Cultured pearls - worked,CHINA P RP,PARTNER,0.0,R,KGS,2026-08-20,Mar-2019  (R),gemstrategy_data/raw/import/71012200/71012200_2019_03.html
import,2019-03-01,2019,3,March,71012200,Cultured Pearls,Cultured pearls - worked,FRANCE,PARTNER,0.0,R,KGS,2026-08-20,Mar-2019  (R),gemstrategy_data/raw/import/71012200/71012200_2019_03.html
import,2019-03-01,2019,3,March,71012200,Cultured Pearls,Cultured pearls - worked,GERMANY,PARTNER,0.0,R,KGS,2026-08-20,Mar-2019  (R),gemstrategy_data/raw/import/71012200/71012200_2019_03.html
import,2019-03-01,2019,3,March,71012200,Cultured Pearls,Cultured pearls - worked,HONG KONG,PARTNER,0.31,R,KGS,2026-08-20,Mar-2019  (R),gemstrategy_data/raw/import/71012200/71012200_2019_03.html
import,2019-03-01,2019,3,March,71012200,Cultured Pearls,Cultured pearls - worked,INDONESIA,PARTNER,0.0,R,KGS,2026-08-20,Mar-2019  (R),gemstrategy_data/raw/import/71012200/71012200_2019_03.html
import,2019-03-01,2019,3,March,71012200,Cultured Pearls,Cultured pearls - worked,ITALY,PARTNER,0.0,R,KGS,2026-08-20,Mar-2019  (R),gemstrategy_data/raw/import/71012200/71012200_2019_03.html
import,2019-03-01,2019,3,March,71012200,Cultured Pearls,Cultured pearls - worked,JAPAN,PARTNER,0.2,R,KGS,2026-08-20,Mar-2019  (R),gemstrategy_data/raw/import/71012200/71012200_2019_03.html
import,2019-03-01,2019,3,March,71012200,Cultured Pearls,Cultured pearls - worked,KOREA RP,PARTNER,0.0,R,KGS,2026-08-20,Mar-2019  (R),gemstrategy_data/raw/import/71012200/71012200_2019_03.html
import,2019-03-01,2019,3,March,71012200,Cultured Pearls,Cultured pearls - worked,MEXICO,PARTNER,0.0,R,KGS,2026-08-20,Mar-2019  (R),gemstrategy_data/raw/import/71012200/71012200_2019_03.html
import,2019-03-01,2019,3,March,71012200,Cultured Pearls,Cultured pearls - worked,SPAIN,PARTNER,0.0,R,KGS,2026-08-20,Mar-2019  (R),gemstrategy_data/raw/import/71012200/71012200_2019_03.html
import,2019-03-01,2019,3,March,71012200,Cultured Pearls,Cultured pearls - worked,SWITZERLAND,PARTNER,0.01,R,KGS,2026-08-20,Mar-2019  (R),gemstrategy_data/raw/import/71012200/71012200_2019_03.html
import,2019-03-01,2019,3,March,71012200,Cultured Pearls,Cultured pearls - worked,THAILAND,PARTNER,0.0,R,KGS,2026-08-20,Mar-2019  (R),gemstrategy_data/raw/import/71012200/71012200_2019_03.html
import,2019-03-01,2019,3,March,71012200,Cultured Pearls,Cultured pearls - worked,U ARAB EMTS,PARTNER,0.0,R,KGS,2026-08-20,Mar-2019  (R),gemstrategy_data/raw/import/71012200/71012200_2019_03.html
import,2019-03-01,2019,3,March,71012200,Cultured Pearls,Cultured pearls - worked,U K,PARTNER,0.0,R,KGS,2026-08-20,Mar-2019  (R),gemstrategy_data/raw/import/71012200/71012200_2019_03.html
import,2019-03-01,2019,3,March,71012200,Cultured Pearls,Cultured pearls - worked,U S A,PARTNER,0.03,R,KGS,2026-08-20,Mar-2019  (R),gemstrategy_data/raw/import/71012200/71012200_2019_03.html
import,2019-03-01,2019,3,March,71012200,Cultured Pearls,Cultured pearls - worked,UNSPECIFIED,PARTNER,0.0,R,KGS,2026-08-20,Mar-2019  (R),gemstrategy_data/raw/import/71012200/71012200_2019_03.html
import,2019-03-01,2019,3,March,71012200,Cultured Pearls,Cultured pearls - worked,VIETNAM SOC REP,PARTNER,0.0,R,KGS,2026-08-20,Mar-2019  (R),gemstrategy_data/raw/import/71012200/71012200_2019_03.html
import,2019-03-01,2019,3,March,71012200,Cultured Pearls,Cultured pearls - worked,Total,TOTAL,0.56,R,KGS,2026-08-20,Mar-2019  (R),gemstrategy_data/raw/import/71012200/71012200_2019_03.html
import,2019-04-01,2019,4,April,71011010,Natural Pearls,Natural (real) pearls - unworked,HONG KONG,PARTNER,0.27,R,KGS,2026-08-20,Apr-2019  (R),gemstrategy_data/raw/import/71011010/71011010_2019_04.html
import,2019-04-01,2019,4,April,71011010,Natural Pearls,Natural (real) pearls - unworked,JAPAN,PARTNER,0.3,R,KGS,2026-08-20,Apr-2019  (R),gemstrategy_data/raw/import/71011010/71011010_2019_04.html
import,2019-04-01,2019,4,April,71011010,Natural Pearls,Natural (real) pearls - unworked,U ARAB EMTS,PARTNER,0.0,R,KGS,2026-08-20,Apr-2019  (R),gemstrategy_data/raw/import/71011010/71011010_2019_04.html
import,2019-04-01,2019,4,April,71011010,Natural Pearls,Natural (real) pearls - unworked,Total,TOTAL,0.57,R,KGS,2026-08-20,Apr-2019  (R),gemstrategy_data/raw/import/71011010/71011010_2019_04.html
import,2019-04-01,2019,4,April,71011020,Natural Pearls,Natural (real) pearls - worked,GERMANY,PARTNER,0.0,R,KGS,2026-08-20,Apr-2019  (R),gemstrategy_data/raw/import/71011020/71011020_2019_04.html
import,2019-04-01,2019,4,April,71011020,Natural Pearls,Natural (real) pearls - worked,SWITZERLAND,PARTNER,0.04,R,KGS,2026-08-20,Apr-2019  (R),gemstrategy_data/raw/import/71011020/71011020_2019_04.html
import,2019-04-01,2019,4,April,71011020,Natural Pearls,Natural (real) pearls - worked,U ARAB EMTS,PARTNER,0.0,R,KGS,2026-08-20,Apr-2019  (R),gemstrategy_data/raw/import/71011020/71011020_2019_04.html
import,2019-04-01,2019,4,April,71011020,Natural Pearls,Natural (real) pearls - worked,U S A,PARTNER,0.01,R,KGS,2026-08-20,Apr-2019  (R),gemstrategy_data/raw/import/71011020/71011020_2019_04.html
import,2019-04-01,2019,4,April,71011020,Natural Pearls,Natural (real) pearls - worked,Total,TOTAL,0.04,R,KGS,2026-08-20,Apr-2019  (R),gemstrategy_data/raw/import/71011020/71011020_2019_04.html
import,2019-04-01,2019,4,April,71012100,Cultured Pearls,Cultured pearls - unworked,CANADA,PARTNER,0.0,R,KGS,2026-08-20,Apr-2019  (R),gemstrategy_data/raw/import/71012100/71012100_2019_04.html
import,2019-04-01,2019,4,April,71012100,Cultured Pearls,Cultured pearls - unworked,CHINA P RP,PARTNER,0.34,R,KGS,2026-08-20,Apr-2019  (R),gemstrategy_data/raw/import/71012100/71012100_2019_04.html
import,2019-04-01,2019,4,April,71012100,Cultured Pearls,Cultured pearls - unworked,GERMANY,PARTNER,0.0,R,KGS,2026-08-20,Apr-2019  (R),gemstrategy_data/raw/import/71012100/71012100_2019_04.html
import,2019-04-01,2019,4,April,71012100,Cultured Pearls,Cultured pearls - unworked,HONG KONG,PARTNER,0.13,R,KGS,2026-08-20,Apr-2019  (R),gemstrategy_data/raw/import/71012100/71012100_2019_04.html
import,2019-04-01,2019,4,April,71012100,Cultured Pearls,Cultured pearls - unworked,ITALY,PARTNER,0.0,R,KGS,2026-08-20,Apr-2019  (R),gemstrategy_data/raw/import/71012100/71012100_2019_04.html
import,2019-04-01,2019,4,April,71012100,Cultured Pearls,Cultured pearls - unworked,JAPAN,PARTNER,0.22,R,KGS,2026-08-20,Apr-2019  (R),gemstrategy_data/raw/import/71012100/71012100_2019_04.html
import,2019-04-01,2019,4,April,71012100,Cultured Pearls,Cultured pearls - unworked,KOREA RP,PARTNER,0.0,R,KGS,2026-08-20,Apr-2019  (R),gemstrategy_data/raw/import/71012100/71012100_2019_04.html
import,2019-04-01,2019,4,April,71012100,Cultured Pearls,Cultured pearls - unworked,U S A,PARTNER,0.0,R,KGS,2026-08-20,Apr-2019  (R),gemstrategy_data/raw/import/71012100/71012100_2019_04.html
import,2019-04-01,2019,4,April,71012100,Cultured Pearls,Cultured pearls - unworked,Total,TOTAL,0.7,R,KGS,2026-08-20,Apr-2019  (R),gemstrategy_data/raw/import/71012100/71012100_2019_04.html
import,2019-04-01,2019,4,April,71012200,Cultured Pearls,Cultured pearls - worked,CHINA P RP,PARTNER,0.0,R,KGS,2026-08-20,Apr-2019  (R),gemstrategy_data/raw/import/71012200/71012200_2019_04.html
import,2019-04-01,2019,4,April,71012200,Cultured Pearls,Cultured pearls - worked,HONG KONG,PARTNER,0.03,R,KGS,2026-08-20,Apr-2019  (R),gemstrategy_data/raw/import/71012200/71012200_2019_04.html
import,2019-04-01,2019,4,April,71012200,Cultured Pearls,Cultured pearls - worked,JAPAN,PARTNER,0.0,R,KGS,2026-08-20,Apr-2019  (R),gemstrategy_data/raw/import/71012200/71012200_2019_04.html
import,2019-04-01,2019,4,April,71012200,Cultured Pearls,Cultured pearls - worked,SPAIN,PARTNER,0.0,R,KGS,2026-08-20,Apr-2019  (R),gemstrategy_data/raw/import/71012200/71012200_2019_04.html
import,2019-04-01,2019,4,April,71012200,Cultured Pearls,Cultured pearls - worked,SWITZERLAND,PARTNER,0.0,R,KGS,2026-08-20,Apr-2019  (R),gemstrategy_data/raw/import/71012200/71012200_2019_04.html
import,2019-04-01,2019,4,April,71012200,Cultured Pearls,Cultured pearls - worked,THAILAND,PARTNER,0.0,R,KGS,2026-08-20,Apr-2019  (R),gemstrategy_data/raw/import/71012200/71012200_2019_04.html
import,2019-04-01,2019,4,April,71012200,Cultured Pearls,Cultured pearls - worked,U S A,PARTNER,0.01,R,KGS,2026-08-20,Apr-2019  (R),gemstrategy_data/raw/import/71012200/71012200_2019_04.html
import,2019-04-01,2019,4,April,71012200,Cultured Pearls,Cultured pearls - worked,Total,TOTAL,0.04,R,KGS,2026-08-20,Apr-2019  (R),gemstrategy_data/raw/import/71012200/71012200_2019_04.html
import,2019-05-01,2019,5,May,71011010,Natural Pearls,Natural (real) pearls - unworked,HONG KONG,PARTNER,0.0,R,KGS,2026-08-20,May-2019  (R),gemstrategy_data/raw/import/71011010/71011010_2019_05.html
import,2019-05-01,2019,5,May,71011010,Natural Pearls,Natural (real) pearls - unworked,INDONESIA,PARTNER,0.0,R,KGS,2026-08-20,May-2019  (R),gemstrategy_data/raw/import/71011010/71011010_2019_05.html
import,2019-05-01,2019,5,May,71011010,Natural Pearls,Natural (real) pearls - unworked,JAPAN,PARTNER,0.06,R,KGS,2026-08-20,May-2019  (R),gemstrategy_data/raw/import/71011010/71011010_2019_05.html
import,2019-05-01,2019,5,May,71011010,Natural Pearls,Natural (real) pearls - unworked,KOREA RP,PARTNER,0.0,R,KGS,2026-08-20,May-2019  (R),gemstrategy_data/raw/import/71011010/71011010_2019_05.html
import,2019-05-01,2019,5,May,71011010,Natural Pearls,Natural (real) pearls - unworked,U ARAB EMTS,PARTNER,0.0,R,KGS,2026-08-20,May-2019  (R),gemstrategy_data/raw/import/71011010/71011010_2019_05.html
import,2019-05-01,2019,5,May,71011010,Natural Pearls,Natural (real) pearls - unworked,U S A,PARTNER,0.0,R,KGS,2026-08-20,May-2019  (R),gemstrategy_data/raw/import/71011010/71011010_2019_05.html
import,2019-05-01,2019,5,May,71011010,Natural Pearls,Natural (real) pearls - unworked,Total,TOTAL,0.07,R,KGS,2026-08-20,May-2019  (R),gemstrategy_data/raw/import/71011010/71011010_2019_05.html
import,2019-05-01,2019,5,May,71011020,Natural Pearls,Natural (real) pearls - worked,BAHARAIN IS,PARTNER,0.15,R,KGS,2026-08-20,May-2019  (R),gemstrategy_data/raw/import/71011020/71011020_2019_05.html
import,2019-05-01,2019,5,May,71011020,Natural Pearls,Natural (real) pearls - worked,GERMANY,PARTNER,0.0,R,KGS,2026-08-20,May-2019  (R),gemstrategy_data/raw/import/71011020/71011020_2019_05.html
import,2019-05-01,2019,5,May,71011020,Natural Pearls,Natural (real) pearls - worked,HONG KONG,PARTNER,0.01,R,KGS,2026-08-20,May-2019  (R),gemstrategy_data/raw/import/71011020/71011020_2019_05.html
import,2019-05-01,2019,5,May,71011020,Natural Pearls,Natural (real) pearls - worked,JAPAN,PARTNER,0.0,R,KGS,2026-08-20,May-2019  (R),gemstrategy_data/raw/import/71011020/71011020_2019_05.html
import,2019-05-01,2019,5,May,71011020,Natural Pearls,Natural (real) pearls - worked,SWITZERLAND,PARTNER,0.0,R,KGS,2026-08-20,May-2019  (R),gemstrategy_data/raw/import/71011020/71011020_2019_05.html
import,2019-05-01,2019,5,May,71011020,Natural Pearls,Natural (real) pearls - worked,THAILAND,PARTNER,0.04,R,KGS,2026-08-20,May-2019  (R),gemstrategy_data/raw/import/71011020/71011020_2019_05.html
import,2019-05-01,2019,5,May,71011020,Natural Pearls,Natural (real) pearls - worked,U ARAB EMTS,PARTNER,0.0,R,KGS,2026-08-20,May-2019  (R),gemstrategy_data/raw/import/71011020/71011020_2019_05.html
import,2019-05-01,2019,5,May,71011020,Natural Pearls,Natural (real) pearls - worked,U S A,PARTNER,0.0,R,KGS,2026-08-20,May-2019  (R),gemstrategy_data/raw/import/71011020/71011020_2019_05.html
import,2019-05-01,2019,5,May,71011020,Natural Pearls,Natural (real) pearls - worked,Total,TOTAL,0.21,R,KGS,2026-08-20,May-2019  (R),gemstrategy_data/raw/import/71011020/71011020_2019_05.html
import,2019-05-01,2019,5,May,71012100,Cultured Pearls,Cultured pearls - unworked,CANADA,PARTNER,0.0,R,KGS,2026-08-20,May-2019  (R),gemstrategy_data/raw/import/71012100/71012100_2019_05.html
import,2019-05-01,2019,5,May,71012100,Cultured Pearls,Cultured pearls - unworked,CHINA P RP,PARTNER,0.44,R,KGS,2026-08-20,May-2019  (R),gemstrategy_data/raw/import/71012100/71012100_2019_05.html
import,2019-05-01,2019,5,May,71012100,Cultured Pearls,Cultured pearls - unworked,GERMANY,PARTNER,0.0,R,KGS,2026-08-20,May-2019  (R),gemstrategy_data/raw/import/71012100/71012100_2019_05.html
import,2019-05-01,2019,5,May,71012100,Cultured Pearls,Cultured pearls - unworked,HONG KONG,PARTNER,0.27,R,KGS,2026-08-20,May-2019  (R),gemstrategy_data/raw/import/71012100/71012100_2019_05.html
import,2019-05-01,2019,5,May,71012100,Cultured Pearls,Cultured pearls - unworked,ITALY,PARTNER,0.0,R,KGS,2026-08-20,May-2019  (R),gemstrategy_data/raw/import/71012100/71012100_2019_05.html
import,2019-05-01,2019,5,May,71012100,Cultured Pearls,Cultured pearls - unworked,JAPAN,PARTNER,0.14,R,KGS,2026-08-20,May-2019  (R),gemstrategy_data/raw/import/71012100/71012100_2019_05.html
import,2019-05-01,2019,5,May,71012100,Cultured Pearls,Cultured pearls - unworked,KOREA RP,PARTNER,0.0,R,KGS,2026-08-20,May-2019  (R),gemstrategy_data/raw/import/71012100/71012100_2019_05.html
import,2019-05-01,2019,5,May,71012100,Cultured Pearls,Cultured pearls - unworked,SINGAPORE,PARTNER,0.0,R,KGS,2026-08-20,May-2019  (R),gemstrategy_data/raw/import/71012100/71012100_2019_05.html
import,2019-05-01,2019,5,May,71012100,Cultured Pearls,Cultured pearls - unworked,THAILAND,PARTNER,0.0,R,KGS,2026-08-20,May-2019  (R),gemstrategy_data/raw/import/71012100/71012100_2019_05.html
import,2019-05-01,2019,5,May,71012100,Cultured Pearls,Cultured pearls - unworked,U S A,PARTNER,0.0,R,KGS,2026-08-20,May-2019  (R),gemstrategy_data/raw/import/71012100/71012100_2019_05.html
import,2019-05-01,2019,5,May,71012100,Cultured Pearls,Cultured pearls - unworked,Total,TOTAL,0.86,R,KGS,2026-08-20,May-2019  (R),gemstrategy_data/raw/import/71012100/71012100_2019_05.html
import,2019-05-01,2019,5,May,71012200,Cultured Pearls,Cultured pearls - worked,CANADA,PARTNER,0.0,R,KGS,2026-08-20,May-2019  (R),gemstrategy_data/raw/import/71012200/71012200_2019_05.html
import,2019-05-01,2019,5,May,71012200,Cultured Pearls,Cultured pearls - worked,CHINA P RP,PARTNER,0.0,R,KGS,2026-08-20,May-2019  (R),gemstrategy_data/raw/import/71012200/71012200_2019_05.html
import,2019-05-01,2019,5,May,71012200,Cultured Pearls,Cultured pearls - worked,HONG KONG,PARTNER,0.04,R,KGS,2026-08-20,May-2019  (R),gemstrategy_data/raw/import/71012200/71012200_2019_05.html
import,2019-05-01,2019,5,May,71012200,Cultured Pearls,Cultured pearls - worked,JAPAN,PARTNER,0.02,R,KGS,2026-08-20,May-2019  (R),gemstrategy_data/raw/import/71012200/71012200_2019_05.html
import,2019-05-01,2019,5,May,71012200,Cultured Pearls,Cultured pearls - worked,SPAIN,PARTNER,0.0,R,KGS,2026-08-20,May-2019  (R),gemstrategy_data/raw/import/71012200/71012200_2019_05.html
import,2019-05-01,2019,5,May,71012200,Cultured Pearls,Cultured pearls - worked,SWITZERLAND,PARTNER,0.0,R,KGS,2026-08-20,May-2019  (R),gemstrategy_data/raw/import/71012200/71012200_2019_05.html
import,2019-05-01,2019,5,May,71012200,Cultured Pearls,Cultured pearls - worked,THAILAND,PARTNER,0.0,R,KGS,2026-08-20,May-2019  (R),gemstrategy_data/raw/import/71012200/71012200_2019_05.html
import,2019-05-01,2019,5,May,71012200,Cultured Pearls,Cultured pearls - worked,U S A,PARTNER,0.01,R,KGS,2026-08-20,May-2019  (R),gemstrategy_data/raw/import/71012200/71012200_2019_05.html
import,2019-05-01,2019,5,May,71012200,Cultured Pearls,Cultured pearls - worked,Total,TOTAL,0.07,R,KGS,2026-08-20,May-2019  (R),gemstrategy_data/raw/import/71012200/71012200_2019_05.html
import,2019-06-01,2019,6,June,71011010,Natural Pearls,Natural (real) pearls - unworked,HONG KONG,PARTNER,0.04,R,KGS,2026-08-20,Jun-2019  (R),gemstrategy_data/raw/import/71011010/71011010_2019_06.html
import,2019-06-01,2019,6,June,71011010,Natural Pearls,Natural (real) pearls - unworked,INDONESIA,PARTNER,0.0,R,KGS,2026-08-20,Jun-2019  (R),gemstrategy_data/raw/import/71011010/71011010_2019_06.html
import,2019-06-01,2019,6,June,71011010,Natural Pearls,Natural (real) pearls - unworked,JAPAN,PARTNER,0.02,R,KGS,2026-08-20,Jun-2019  (R),gemstrategy_data/raw/import/71011010/71011010_2019_06.html
import,2019-06-01,2019,6,June,71011010,Natural Pearls,Natural (real) pearls - unworked,KOREA RP,PARTNER,0.0,R,KGS,2026-08-20,Jun-2019  (R),gemstrategy_data/raw/import/71011010/71011010_2019_06.html
import,2019-06-01,2019,6,June,71011010,Natural Pearls,Natural (real) pearls - unworked,U ARAB EMTS,PARTNER,0.0,R,KGS,2026-08-20,Jun-2019  (R),gemstrategy_data/raw/import/71011010/71011010_2019_06.html
import,2019-06-01,2019,6,June,71011010,Natural Pearls,Natural (real) pearls - unworked,U S A,PARTNER,0.0,R,KGS,2026-08-20,Jun-2019  (R),gemstrategy_data/raw/import/71011010/71011010_2019_06.html
import,2019-06-01,2019,6,June,71011010,Natural Pearls,Natural (real) pearls - unworked,Total,TOTAL,0.06,R,KGS,2026-08-20,Jun-2019  (R),gemstrategy_data/raw/import/71011010/71011010_2019_06.html
import,2019-06-01,2019,6,June,71011020,Natural Pearls,Natural (real) pearls - worked,BAHARAIN IS,PARTNER,0.0,R,KGS,2026-08-20,Jun-2019  (R),gemstrategy_data/raw/import/71011020/71011020_2019_06.html
import,2019-06-01,2019,6,June,71011020,Natural Pearls,Natural (real) pearls - worked,GERMANY,PARTNER,0.0,R,KGS,2026-08-20,Jun-2019  (R),gemstrategy_data/raw/import/71011020/71011020_2019_06.html
import,2019-06-01,2019,6,June,71011020,Natural Pearls,Natural (real) pearls - worked,HONG KONG,PARTNER,0.12,R,KGS,2026-08-20,Jun-2019  (R),gemstrategy_data/raw/import/71011020/71011020_2019_06.html
import,2019-06-01,2019,6,June,71011020,Natural Pearls,Natural (real) pearls - worked,JAPAN,PARTNER,0.0,R,KGS,2026-08-20,Jun-2019  (R),gemstrategy_data/raw/import/71011020/71011020_2019_06.html
import,2019-06-01,2019,6,June,71011020,Natural Pearls,Natural (real) pearls - worked,SWITZERLAND,PARTNER,0.0,R,KGS,2026-08-20,Jun-2019  (R),gemstrategy_data/raw/import/71011020/71011020_2019_06.html
import,2019-06-01,2019,6,June,71011020,Natural Pearls,Natural (real) pearls - worked,THAILAND,PARTNER,0.0,R,KGS,2026-08-20,Jun-2019  (R),gemstrategy_data/raw/import/71011020/71011020_2019_06.html
import,2019-06-01,2019,6,June,71011020,Natural Pearls,Natural (real) pearls - worked,U ARAB EMTS,PARTNER,0.0,R,KGS,2026-08-20,Jun-2019  (R),gemstrategy_data/raw/import/71011020/71011020_2019_06.html
import,2019-06-01,2019,6,June,71011020,Natural Pearls,Natural (real) pearls - worked,U S A,PARTNER,0.0,R,KGS,2026-08-20,Jun-2019  (R),gemstrategy_data/raw/import/71011020/71011020_2019_06.html
import,2019-06-01,2019,6,June,71011020,Natural Pearls,Natural (real) pearls - worked,Total,TOTAL,0.12,R,KGS,2026-08-20,Jun-2019  (R),gemstrategy_data/raw/import/71011020/71011020_2019_06.html
import,2019-06-01,2019,6,June,71012100,Cultured Pearls,Cultured pearls - unworked,CANADA,PARTNER,0.0,R,KGS,2026-08-20,Jun-2019  (R),gemstrategy_data/raw/import/71012100/71012100_2019_06.html
import,2019-06-01,2019,6,June,71012100,Cultured Pearls,Cultured pearls - unworked,CHINA P RP,PARTNER,0.36,R,KGS,2026-08-20,Jun-2019  (R),gemstrategy_data/raw/import/71012100/71012100_2019_06.html
import,2019-06-01,2019,6,June,71012100,Cultured Pearls,Cultured pearls - unworked,GERMANY,PARTNER,0.0,R,KGS,2026-08-20,Jun-2019  (R),gemstrategy_data/raw/import/71012100/71012100_2019_06.html
import,2019-06-01,2019,6,June,71012100,Cultured Pearls,Cultured pearls - unworked,HONG KONG,PARTNER,0.69,R,KGS,2026-08-20,Jun-2019  (R),gemstrategy_data/raw/import/71012100/71012100_2019_06.html
import,2019-06-01,2019,6,June,71012100,Cultured Pearls,Cultured pearls - unworked,ITALY,PARTNER,0.0,R,KGS,2026-08-20,Jun-2019  (R),gemstrategy_data/raw/import/71012100/71012100_2019_06.html
import,2019-06-01,2019,6,June,71012100,Cultured Pearls,Cultured pearls - unworked,JAPAN,PARTNER,0.05,R,KGS,2026-08-20,Jun-2019  (R),gemstrategy_data/raw/import/71012100/71012100_2019_06.html
import,2019-06-01,2019,6,June,71012100,Cultured Pearls,Cultured pearls - unworked,KOREA RP,PARTNER,0.0,R,KGS,2026-08-20,Jun-2019  (R),gemstrategy_data/raw/import/71012100/71012100_2019_06.html
import,2019-06-01,2019,6,June,71012100,Cultured Pearls,Cultured pearls - unworked,MEXICO,PARTNER,0.0,R,KGS,2026-08-20,Jun-2019  (R),gemstrategy_data/raw/import/71012100/71012100_2019_06.html
import,2019-06-01,2019,6,June,71012100,Cultured Pearls,Cultured pearls - unworked,SINGAPORE,PARTNER,0.0,R,KGS,2026-08-20,Jun-2019  (R),gemstrategy_data/raw/import/71012100/71012100_2019_06.html
import,2019-06-01,2019,6,June,71012100,Cultured Pearls,Cultured pearls - unworked,SPAIN,PARTNER,0.0,R,KGS,2026-08-20,Jun-2019  (R),gemstrategy_data/raw/import/71012100/71012100_2019_06.html
import,2019-06-01,2019,6,June,71012100,Cultured Pearls,Cultured pearls - unworked,THAILAND,PARTNER,0.0,R,KGS,2026-08-20,Jun-2019  (R),gemstrategy_data/raw/import/71012100/71012100_2019_06.html
import,2019-06-01,2019,6,June,71012100,Cultured Pearls,Cultured pearls - unworked,U S A,PARTNER,0.0,R,KGS,2026-08-20,Jun-2019  (R),gemstrategy_data/raw/import/71012100/71012100_2019_06.html
import,2019-06-01,2019,6,June,71012100,Cultured Pearls,Cultured pearls - unworked,Total,TOTAL,1.1,R,KGS,2026-08-20,Jun-2019  (R),gemstrategy_data/raw/import/71012100/71012100_2019_06.html
import,2019-06-01,2019,6,June,71012200,Cultured Pearls,Cultured pearls - worked,CANADA,PARTNER,0.0,R,KGS,2026-08-20,Jun-2019  (R),gemstrategy_data/raw/import/71012200/71012200_2019_06.html
import,2019-06-01,2019,6,June,71012200,Cultured Pearls,Cultured pearls - worked,CHINA P RP,PARTNER,0.12,R,KGS,2026-08-20,Jun-2019  (R),gemstrategy_data/raw/import/71012200/71012200_2019_06.html
import,2019-06-01,2019,6,June,71012200,Cultured Pearls,Cultured pearls - worked,FRANCE,PARTNER,0.02,R,KGS,2026-08-20,Jun-2019  (R),gemstrategy_data/raw/import/71012200/71012200_2019_06.html
import,2019-06-01,2019,6,June,71012200,Cultured Pearls,Cultured pearls - worked,GERMANY,PARTNER,0.0,R,KGS,2026-08-20,Jun-2019  (R),gemstrategy_data/raw/import/71012200/71012200_2019_06.html
import,2019-06-01,2019,6,June,71012200,Cultured Pearls,Cultured pearls - worked,HONG KONG,PARTNER,0.22,R,KGS,2026-08-20,Jun-2019  (R),gemstrategy_data/raw/import/71012200/71012200_2019_06.html
import,2019-06-01,2019,6,June,71012200,Cultured Pearls,Cultured pearls - worked,INDONESIA,PARTNER,0.07,R,KGS,2026-08-20,Jun-2019  (R),gemstrategy_data/raw/import/71012200/71012200_2019_06.html
import,2019-06-01,2019,6,June,71012200,Cultured Pearls,Cultured pearls - worked,ITALY,PARTNER,0.0,R,KGS,2026-08-20,Jun-2019  (R),gemstrategy_data/raw/import/71012200/71012200_2019_06.html
import,2019-06-01,2019,6,June,71012200,Cultured Pearls,Cultured pearls - worked,JAPAN,PARTNER,0.07,R,KGS,2026-08-20,Jun-2019  (R),gemstrategy_data/raw/import/71012200/71012200_2019_06.html
import,2019-06-01,2019,6,June,71012200,Cultured Pearls,Cultured pearls - worked,SPAIN,PARTNER,0.0,R,KGS,2026-08-20,Jun-2019  (R),gemstrategy_data/raw/import/71012200/71012200_2019_06.html
import,2019-06-01,2019,6,June,71012200,Cultured Pearls,Cultured pearls - worked,SWITZERLAND,PARTNER,0.0,R,KGS,2026-08-20,Jun-2019  (R),gemstrategy_data/raw/import/71012200/71012200_2019_06.html
import,2019-06-01,2019,6,June,71012200,Cultured Pearls,Cultured pearls - worked,THAILAND,PARTNER,0.01,R,KGS,2026-08-20,Jun-2019  (R),gemstrategy_data/raw/import/71012200/71012200_2019_06.html
import,2019-06-01,2019,6,June,71012200,Cultured Pearls,Cultured pearls - worked,U S A,PARTNER,0.01,R,KGS,2026-08-20,Jun-2019  (R),gemstrategy_data/raw/import/71012200/71012200_2019_06.html
import,2019-06-01,2019,6,June,71012200,Cultured Pearls,Cultured pearls - worked,Total,TOTAL,0.52,R,KGS,2026-08-20,Jun-2019  (R),gemstrategy_data/raw/import/71012200/71012200_2019_06.html
import,2019-07-01,2019,7,July,71011010,Natural Pearls,Natural (real) pearls - unworked,CHINA P RP,PARTNER,0.0,R,KGS,2026-08-20,Jul-2019  (R),gemstrategy_data/raw/import/71011010/71011010_2019_07.html
import,2019-07-01,2019,7,July,71011010,Natural Pearls,Natural (real) pearls - unworked,HONG KONG,PARTNER,0.3,R,KGS,2026-08-20,Jul-2019  (R),gemstrategy_data/raw/import/71011010/71011010_2019_07.html
import,2019-07-01,2019,7,July,71011010,Natural Pearls,Natural (real) pearls - unworked,INDONESIA,PARTNER,0.0,R,KGS,2026-08-20,Jul-2019  (R),gemstrategy_data/raw/import/71011010/71011010_2019_07.html
import,2019-07-01,2019,7,July,71011010,Natural Pearls,Natural (real) pearls - unworked,JAPAN,PARTNER,0.03,R,KGS,2026-08-20,Jul-2019  (R),gemstrategy_data/raw/import/71011010/71011010_2019_07.html
import,2019-07-01,2019,7,July,71011010,Natural Pearls,Natural (real) pearls - unworked,KOREA RP,PARTNER,0.0,R,KGS,2026-08-20,Jul-2019  (R),gemstrategy_data/raw/import/71011010/71011010_2019_07.html
import,2019-07-01,2019,7,July,71011010,Natural Pearls,Natural (real) pearls - unworked,SINGAPORE,PARTNER,1.95,R,KGS,2026-08-20,Jul-2019  (R),gemstrategy_data/raw/import/71011010/71011010_2019_07.html
import,2019-07-01,2019,7,July,71011010,Natural Pearls,Natural (real) pearls - unworked,U ARAB EMTS,PARTNER,1.42,R,KGS,2026-08-20,Jul-2019  (R),gemstrategy_data/raw/import/71011010/71011010_2019_07.html
import,2019-07-01,2019,7,July,71011010,Natural Pearls,Natural (real) pearls - unworked,U S A,PARTNER,0.0,R,KGS,2026-08-20,Jul-2019  (R),gemstrategy_data/raw/import/71011010/71011010_2019_07.html
import,2019-07-01,2019,7,July,71011010,Natural Pearls,Natural (real) pearls - unworked,Total,TOTAL,3.71,R,KGS,2026-08-20,Jul-2019  (R),gemstrategy_data/raw/import/71011010/71011010_2019_07.html
import,2019-07-01,2019,7,July,71011020,Natural Pearls,Natural (real) pearls - worked,BAHARAIN IS,PARTNER,0.19,R,KGS,2026-08-20,Jul-2019  (R),gemstrategy_data/raw/import/71011020/71011020_2019_07.html
import,2019-07-01,2019,7,July,71011020,Natural Pearls,Natural (real) pearls - worked,GERMANY,PARTNER,0.0,R,KGS,2026-08-20,Jul-2019  (R),gemstrategy_data/raw/import/71011020/71011020_2019_07.html
import,2019-07-01,2019,7,July,71011020,Natural Pearls,Natural (real) pearls - worked,HONG KONG,PARTNER,0.0,R,KGS,2026-08-20,Jul-2019  (R),gemstrategy_data/raw/import/71011020/71011020_2019_07.html
import,2019-07-01,2019,7,July,71011020,Natural Pearls,Natural (real) pearls - worked,JAPAN,PARTNER,0.0,R,KGS,2026-08-20,Jul-2019  (R),gemstrategy_data/raw/import/71011020/71011020_2019_07.html
import,2019-07-01,2019,7,July,71011020,Natural Pearls,Natural (real) pearls - worked,SINGAPORE,PARTNER,0.89,R,KGS,2026-08-20,Jul-2019  (R),gemstrategy_data/raw/import/71011020/71011020_2019_07.html
import,2019-07-01,2019,7,July,71011020,Natural Pearls,Natural (real) pearls - worked,SWITZERLAND,PARTNER,0.0,R,KGS,2026-08-20,Jul-2019  (R),gemstrategy_data/raw/import/71011020/71011020_2019_07.html
import,2019-07-01,2019,7,July,71011020,Natural Pearls,Natural (real) pearls - worked,THAILAND,PARTNER,0.0,R,KGS,2026-08-20,Jul-2019  (R),gemstrategy_data/raw/import/71011020/71011020_2019_07.html
import,2019-07-01,2019,7,July,71011020,Natural Pearls,Natural (real) pearls - worked,U ARAB EMTS,PARTNER,0.0,R,KGS,2026-08-20,Jul-2019  (R),gemstrategy_data/raw/import/71011020/71011020_2019_07.html
import,2019-07-01,2019,7,July,71011020,Natural Pearls,Natural (real) pearls - worked,U S A,PARTNER,0.0,R,KGS,2026-08-20,Jul-2019  (R),gemstrategy_data/raw/import/71011020/71011020_2019_07.html
import,2019-07-01,2019,7,July,71011020,Natural Pearls,Natural (real) pearls - worked,Total,TOTAL,1.08,R,KGS,2026-08-20,Jul-2019  (R),gemstrategy_data/raw/import/71011020/71011020_2019_07.html
import,2019-07-01,2019,7,July,71012100,Cultured Pearls,Cultured pearls - unworked,CANADA,PARTNER,0.0,R,KGS,2026-08-20,Jul-2019  (R),gemstrategy_data/raw/import/71012100/71012100_2019_07.html
import,2019-07-01,2019,7,July,71012100,Cultured Pearls,Cultured pearls - unworked,CHINA P RP,PARTNER,0.13,R,KGS,2026-08-20,Jul-2019  (R),gemstrategy_data/raw/import/71012100/71012100_2019_07.html
import,2019-07-01,2019,7,July,71012100,Cultured Pearls,Cultured pearls - unworked,GERMANY,PARTNER,0.0,R,KGS,2026-08-20,Jul-2019  (R),gemstrategy_data/raw/import/71012100/71012100_2019_07.html
import,2019-07-01,2019,7,July,71012100,Cultured Pearls,Cultured pearls - unworked,HONG KONG,PARTNER,0.79,R,KGS,2026-08-20,Jul-2019  (R),gemstrategy_data/raw/import/71012100/71012100_2019_07.html
import,2019-07-01,2019,7,July,71012100,Cultured Pearls,Cultured pearls - unworked,ITALY,PARTNER,0.0,R,KGS,2026-08-20,Jul-2019  (R),gemstrategy_data/raw/import/71012100/71012100_2019_07.html
import,2019-07-01,2019,7,July,71012100,Cultured Pearls,Cultured pearls - unworked,JAPAN,PARTNER,0.11,R,KGS,2026-08-20,Jul-2019  (R),gemstrategy_data/raw/import/71012100/71012100_2019_07.html
import,2019-07-01,2019,7,July,71012100,Cultured Pearls,Cultured pearls - unworked,KOREA RP,PARTNER,0.0,R,KGS,2026-08-20,Jul-2019  (R),gemstrategy_data/raw/import/71012100/71012100_2019_07.html
import,2019-07-01,2019,7,July,71012100,Cultured Pearls,Cultured pearls - unworked,MEXICO,PARTNER,0.0,R,KGS,2026-08-20,Jul-2019  (R),gemstrategy_data/raw/import/71012100/71012100_2019_07.html
import,2019-07-01,2019,7,July,71012100,Cultured Pearls,Cultured pearls - unworked,SINGAPORE,PARTNER,0.0,R,KGS,2026-08-20,Jul-2019  (R),gemstrategy_data/raw/import/71012100/71012100_2019_07.html
import,2019-07-01,2019,7,July,71012100,Cultured Pearls,Cultured pearls - unworked,SPAIN,PARTNER,0.0,R,KGS,2026-08-20,Jul-2019  (R),gemstrategy_data/raw/import/71012100/71012100_2019_07.html
import,2019-07-01,2019,7,July,71012100,Cultured Pearls,Cultured pearls - unworked,THAILAND,PARTNER,0.06,R,KGS,2026-08-20,Jul-2019  (R),gemstrategy_data/raw/import/71012100/71012100_2019_07.html
import,2019-07-01,2019,7,July,71012100,Cultured Pearls,Cultured pearls - unworked,U S A,PARTNER,0.01,R,KGS,2026-08-20,Jul-2019  (R),gemstrategy_data/raw/import/71012100/71012100_2019_07.html
import,2019-07-01,2019,7,July,71012100,Cultured Pearls,Cultured pearls - unworked,Total,TOTAL,1.1,R,KGS,2026-08-20,Jul-2019  (R),gemstrategy_data/raw/import/71012100/71012100_2019_07.html
import,2019-07-01,2019,7,July,71012200,Cultured Pearls,Cultured pearls - worked,CANADA,PARTNER,0.0,R,KGS,2026-08-20,Jul-2019  (R),gemstrategy_data/raw/import/71012200/71012200_2019_07.html
import,2019-07-01,2019,7,July,71012200,Cultured Pearls,Cultured pearls - worked,CHINA P RP,PARTNER,0.15,R,KGS,2026-08-20,Jul-2019  (R),gemstrategy_data/raw/import/71012200/71012200_2019_07.html
import,2019-07-01,2019,7,July,71012200,Cultured Pearls,Cultured pearls - worked,FRANCE,PARTNER,0.0,R,KGS,2026-08-20,Jul-2019  (R),gemstrategy_data/raw/import/71012200/71012200_2019_07.html
import,2019-07-01,2019,7,July,71012200,Cultured Pearls,Cultured pearls - worked,GERMANY,PARTNER,0.0,R,KGS,2026-08-20,Jul-2019  (R),gemstrategy_data/raw/import/71012200/71012200_2019_07.html
import,2019-07-01,2019,7,July,71012200,Cultured Pearls,Cultured pearls - worked,HONG KONG,PARTNER,0.4,R,KGS,2026-08-20,Jul-2019  (R),gemstrategy_data/raw/import/71012200/71012200_2019_07.html
import,2019-07-01,2019,7,July,71012200,Cultured Pearls,Cultured pearls - worked,INDONESIA,PARTNER,0.0,R,KGS,2026-08-20,Jul-2019  (R),gemstrategy_data/raw/import/71012200/71012200_2019_07.html
import,2019-07-01,2019,7,July,71012200,Cultured Pearls,Cultured pearls - worked,ITALY,PARTNER,0.0,R,KGS,2026-08-20,Jul-2019  (R),gemstrategy_data/raw/import/71012200/71012200_2019_07.html
import,2019-07-01,2019,7,July,71012200,Cultured Pearls,Cultured pearls - worked,JAPAN,PARTNER,0.0,R,KGS,2026-08-20,Jul-2019  (R),gemstrategy_data/raw/import/71012200/71012200_2019_07.html
import,2019-07-01,2019,7,July,71012200,Cultured Pearls,Cultured pearls - worked,SPAIN,PARTNER,0.0,R,KGS,2026-08-20,Jul-2019  (R),gemstrategy_data/raw/import/71012200/71012200_2019_07.html
import,2019-07-01,2019,7,July,71012200,Cultured Pearls,Cultured pearls - worked,SWITZERLAND,PARTNER,0.0,R,KGS,2026-08-20,Jul-2019  (R),gemstrategy_data/raw/import/71012200/71012200_2019_07.html
import,2019-07-01,2019,7,July,71012200,Cultured Pearls,Cultured pearls - worked,THAILAND,PARTNER,0.02,R,KGS,2026-08-20,Jul-2019  (R),gemstrategy_data/raw/import/71012200/71012200_2019_07.html
import,2019-07-01,2019,7,July,71012200,Cultured Pearls,Cultured pearls - worked,U S A,PARTNER,0.06,R,KGS,2026-08-20,Jul-2019  (R),gemstrategy_data/raw/import/71012200/71012200_2019_07.html
import,2019-07-01,2019,7,July,71012200,Cultured Pearls,Cultured pearls - worked,Total,TOTAL,0.63,R,KGS,2026-08-20,Jul-2019  (R),gemstrategy_data/raw/import/71012200/71012200_2019_07.html
import,2019-08-01,2019,8,August,71011010,Natural Pearls,Natural (real) pearls - unworked,CHINA P RP,PARTNER,0.0,R,KGS,2026-08-20,Aug-2019  (R),gemstrategy_data/raw/import/71011010/71011010_2019_08.html
import,2019-08-01,2019,8,August,71011010,Natural Pearls,Natural (real) pearls - unworked,HONG KONG,PARTNER,0.12,R,KGS,2026-08-20,Aug-2019  (R),gemstrategy_data/raw/import/71011010/71011010_2019_08.html
import,2019-08-01,2019,8,August,71011010,Natural Pearls,Natural (real) pearls - unworked,INDONESIA,PARTNER,0.01,R,KGS,2026-08-20,Aug-2019  (R),gemstrategy_data/raw/import/71011010/71011010_2019_08.html
import,2019-08-01,2019,8,August,71011010,Natural Pearls,Natural (real) pearls - unworked,JAPAN,PARTNER,0.0,R,KGS,2026-08-20,Aug-2019  (R),gemstrategy_data/raw/import/71011010/71011010_2019_08.html
import,2019-08-01,2019,8,August,71011010,Natural Pearls,Natural (real) pearls - unworked,KOREA RP,PARTNER,0.0,R,KGS,2026-08-20,Aug-2019  (R),gemstrategy_data/raw/import/71011010/71011010_2019_08.html
import,2019-08-01,2019,8,August,71011010,Natural Pearls,Natural (real) pearls - unworked,SINGAPORE,PARTNER,0.0,R,KGS,2026-08-20,Aug-2019  (R),gemstrategy_data/raw/import/71011010/71011010_2019_08.html
import,2019-08-01,2019,8,August,71011010,Natural Pearls,Natural (real) pearls - unworked,U ARAB EMTS,PARTNER,0.0,R,KGS,2026-08-20,Aug-2019  (R),gemstrategy_data/raw/import/71011010/71011010_2019_08.html
import,2019-08-01,2019,8,August,71011010,Natural Pearls,Natural (real) pearls - unworked,U S A,PARTNER,0.0,R,KGS,2026-08-20,Aug-2019  (R),gemstrategy_data/raw/import/71011010/71011010_2019_08.html
import,2019-08-01,2019,8,August,71011010,Natural Pearls,Natural (real) pearls - unworked,Total,TOTAL,0.13,R,KGS,2026-08-20,Aug-2019  (R),gemstrategy_data/raw/import/71011010/71011010_2019_08.html
import,2019-08-01,2019,8,August,71011020,Natural Pearls,Natural (real) pearls - worked,BAHARAIN IS,PARTNER,0.0,R,KGS,2026-08-20,Aug-2019  (R),gemstrategy_data/raw/import/71011020/71011020_2019_08.html
import,2019-08-01,2019,8,August,71011020,Natural Pearls,Natural (real) pearls - worked,GERMANY,PARTNER,0.0,R,KGS,2026-08-20,Aug-2019  (R),gemstrategy_data/raw/import/71011020/71011020_2019_08.html
import,2019-08-01,2019,8,August,71011020,Natural Pearls,Natural (real) pearls - worked,HONG KONG,PARTNER,0.0,R,KGS,2026-08-20,Aug-2019  (R),gemstrategy_data/raw/import/71011020/71011020_2019_08.html
import,2019-08-01,2019,8,August,71011020,Natural Pearls,Natural (real) pearls - worked,JAPAN,PARTNER,0.0,R,KGS,2026-08-20,Aug-2019  (R),gemstrategy_data/raw/import/71011020/71011020_2019_08.html
import,2019-08-01,2019,8,August,71011020,Natural Pearls,Natural (real) pearls - worked,SINGAPORE,PARTNER,0.0,R,KGS,2026-08-20,Aug-2019  (R),gemstrategy_data/raw/import/71011020/71011020_2019_08.html
import,2019-08-01,2019,8,August,71011020,Natural Pearls,Natural (real) pearls - worked,SWITZERLAND,PARTNER,0.0,R,KGS,2026-08-20,Aug-2019  (R),gemstrategy_data/raw/import/71011020/71011020_2019_08.html
import,2019-08-01,2019,8,August,71011020,Natural Pearls,Natural (real) pearls - worked,THAILAND,PARTNER,0.0,R,KGS,2026-08-20,Aug-2019  (R),gemstrategy_data/raw/import/71011020/71011020_2019_08.html
import,2019-08-01,2019,8,August,71011020,Natural Pearls,Natural (real) pearls - worked,U ARAB EMTS,PARTNER,0.0,R,KGS,2026-08-20,Aug-2019  (R),gemstrategy_data/raw/import/71011020/71011020_2019_08.html
import,2019-08-01,2019,8,August,71011020,Natural Pearls,Natural (real) pearls - worked,U S A,PARTNER,0.0,R,KGS,2026-08-20,Aug-2019  (R),gemstrategy_data/raw/import/71011020/71011020_2019_08.html
import,2019-08-01,2019,8,August,71011020,Natural Pearls,Natural (real) pearls - worked,Total,TOTAL,0.0,R,KGS,2026-08-20,Aug-2019  (R),gemstrategy_data/raw/import/71011020/71011020_2019_08.html
import,2019-08-01,2019,8,August,71012100,Cultured Pearls,Cultured pearls - unworked,CANADA,PARTNER,0.0,R,KGS,2026-08-20,Aug-2019  (R),gemstrategy_data/raw/import/71012100/71012100_2019_08.html
import,2019-08-01,2019,8,August,71012100,Cultured Pearls,Cultured pearls - unworked,CHINA P RP,PARTNER,0.45,R,KGS,2026-08-20,Aug-2019  (R),gemstrategy_data/raw/import/71012100/71012100_2019_08.html
import,2019-08-01,2019,8,August,71012100,Cultured Pearls,Cultured pearls - unworked,GERMANY,PARTNER,0.0,R,KGS,2026-08-20,Aug-2019  (R),gemstrategy_data/raw/import/71012100/71012100_2019_08.html
import,2019-08-01,2019,8,August,71012100,Cultured Pearls,Cultured pearls - unworked,HONG KONG,PARTNER,0.42,R,KGS,2026-08-20,Aug-2019  (R),gemstrategy_data/raw/import/71012100/71012100_2019_08.html
import,2019-08-01,2019,8,August,71012100,Cultured Pearls,Cultured pearls - unworked,INDONESIA,PARTNER,0.03,R,KGS,2026-08-20,Aug-2019  (R),gemstrategy_data/raw/import/71012100/71012100_2019_08.html
import,2019-08-01,2019,8,August,71012100,Cultured Pearls,Cultured pearls - unworked,ITALY,PARTNER,0.0,R,KGS,2026-08-20,Aug-2019  (R),gemstrategy_data/raw/import/71012100/71012100_2019_08.html
import,2019-08-01,2019,8,August,71012100,Cultured Pearls,Cultured pearls - unworked,JAPAN,PARTNER,0.08,R,KGS,2026-08-20,Aug-2019  (R),gemstrategy_data/raw/import/71012100/71012100_2019_08.html
import,2019-08-01,2019,8,August,71012100,Cultured Pearls,Cultured pearls - unworked,KOREA RP,PARTNER,0.0,R,KGS,2026-08-20,Aug-2019  (R),gemstrategy_data/raw/import/71012100/71012100_2019_08.html
import,2019-08-01,2019,8,August,71012100,Cultured Pearls,Cultured pearls - unworked,MEXICO,PARTNER,0.0,R,KGS,2026-08-20,Aug-2019  (R),gemstrategy_data/raw/import/71012100/71012100_2019_08.html
import,2019-08-01,2019,8,August,71012100,Cultured Pearls,Cultured pearls - unworked,SINGAPORE,PARTNER,0.0,R,KGS,2026-08-20,Aug-2019  (R),gemstrategy_data/raw/import/71012100/71012100_2019_08.html
import,2019-08-01,2019,8,August,71012100,Cultured Pearls,Cultured pearls - unworked,SPAIN,PARTNER,0.0,R,KGS,2026-08-20,Aug-2019  (R),gemstrategy_data/raw/import/71012100/71012100_2019_08.html
import,2019-08-01,2019,8,August,71012100,Cultured Pearls,Cultured pearls - unworked,THAILAND,PARTNER,0.0,R,KGS,2026-08-20,Aug-2019  (R),gemstrategy_data/raw/import/71012100/71012100_2019_08.html
import,2019-08-01,2019,8,August,71012100,Cultured Pearls,Cultured pearls - unworked,U S A,PARTNER,0.0,R,KGS,2026-08-20,Aug-2019  (R),gemstrategy_data/raw/import/71012100/71012100_2019_08.html
import,2019-08-01,2019,8,August,71012100,Cultured Pearls,Cultured pearls - unworked,Total,TOTAL,0.98,R,KGS,2026-08-20,Aug-2019  (R),gemstrategy_data/raw/import/71012100/71012100_2019_08.html
import,2019-08-01,2019,8,August,71012200,Cultured Pearls,Cultured pearls - worked,CANADA,PARTNER,0.0,R,KGS,2026-08-20,Aug-2019  (R),gemstrategy_data/raw/import/71012200/71012200_2019_08.html
import,2019-08-01,2019,8,August,71012200,Cultured Pearls,Cultured pearls - worked,CHINA P RP,PARTNER,0.07,R,KGS,2026-08-20,Aug-2019  (R),gemstrategy_data/raw/import/71012200/71012200_2019_08.html
import,2019-08-01,2019,8,August,71012200,Cultured Pearls,Cultured pearls - worked,FRANCE,PARTNER,0.0,R,KGS,2026-08-20,Aug-2019  (R),gemstrategy_data/raw/import/71012200/71012200_2019_08.html
import,2019-08-01,2019,8,August,71012200,Cultured Pearls,Cultured pearls - worked,GERMANY,PARTNER,0.0,R,KGS,2026-08-20,Aug-2019  (R),gemstrategy_data/raw/import/71012200/71012200_2019_08.html
import,2019-08-01,2019,8,August,71012200,Cultured Pearls,Cultured pearls - worked,HONG KONG,PARTNER,0.34,R,KGS,2026-08-20,Aug-2019  (R),gemstrategy_data/raw/import/71012200/71012200_2019_08.html
import,2019-08-01,2019,8,August,71012200,Cultured Pearls,Cultured pearls - worked,INDONESIA,PARTNER,0.01,R,KGS,2026-08-20,Aug-2019  (R),gemstrategy_data/raw/import/71012200/71012200_2019_08.html
import,2019-08-01,2019,8,August,71012200,Cultured Pearls,Cultured pearls - worked,ITALY,PARTNER,0.0,R,KGS,2026-08-20,Aug-2019  (R),gemstrategy_data/raw/import/71012200/71012200_2019_08.html
import,2019-08-01,2019,8,August,71012200,Cultured Pearls,Cultured pearls - worked,JAPAN,PARTNER,0.05,R,KGS,2026-08-20,Aug-2019  (R),gemstrategy_data/raw/import/71012200/71012200_2019_08.html
import,2019-08-01,2019,8,August,71012200,Cultured Pearls,Cultured pearls - worked,KOREA RP,PARTNER,0.0,R,KGS,2026-08-20,Aug-2019  (R),gemstrategy_data/raw/import/71012200/71012200_2019_08.html
import,2019-08-01,2019,8,August,71012200,Cultured Pearls,Cultured pearls - worked,SPAIN,PARTNER,0.0,R,KGS,2026-08-20,Aug-2019  (R),gemstrategy_data/raw/import/71012200/71012200_2019_08.html
import,2019-08-01,2019,8,August,71012200,Cultured Pearls,Cultured pearls - worked,SWITZERLAND,PARTNER,0.0,R,KGS,2026-08-20,Aug-2019  (R),gemstrategy_data/raw/import/71012200/71012200_2019_08.html
import,2019-08-01,2019,8,August,71012200,Cultured Pearls,Cultured pearls - worked,THAILAND,PARTNER,0.02,R,KGS,2026-08-20,Aug-2019  (R),gemstrategy_data/raw/import/71012200/71012200_2019_08.html
import,2019-08-01,2019,8,August,71012200,Cultured Pearls,Cultured pearls - worked,U S A,PARTNER,0.05,R,KGS,2026-08-20,Aug-2019  (R),gemstrategy_data/raw/import/71012200/71012200_2019_08.html
import,2019-08-01,2019,8,August,71012200,Cultured Pearls,Cultured pearls - worked,Total,TOTAL,0.55,R,KGS,2026-08-20,Aug-2019  (R),gemstrategy_data/raw/import/71012200/71012200_2019_08.html
import,2019-09-01,2019,9,September,71011010,Natural Pearls,Natural (real) pearls - unworked,CHINA P RP,PARTNER,0.0,R,KGS,2026-08-20,Sep-2019  (R),gemstrategy_data/raw/import/71011010/71011010_2019_09.html
import,2019-09-01,2019,9,September,71011010,Natural Pearls,Natural (real) pearls - unworked,HONG KONG,PARTNER,0.17,R,KGS,2026-08-20,Sep-2019  (R),gemstrategy_data/raw/import/71011010/71011010_2019_09.html
import,2019-09-01,2019,9,September,71011010,Natural Pearls,Natural (real) pearls - unworked,INDONESIA,PARTNER,0.0,R,KGS,2026-08-20,Sep-2019  (R),gemstrategy_data/raw/import/71011010/71011010_2019_09.html
import,2019-09-01,2019,9,September,71011010,Natural Pearls,Natural (real) pearls - unworked,JAPAN,PARTNER,0.04,R,KGS,2026-08-20,Sep-2019  (R),gemstrategy_data/raw/import/71011010/71011010_2019_09.html
import,2019-09-01,2019,9,September,71011010,Natural Pearls,Natural (real) pearls - unworked,KOREA RP,PARTNER,0.0,R,KGS,2026-08-20,Sep-2019  (R),gemstrategy_data/raw/import/71011010/71011010_2019_09.html
import,2019-09-01,2019,9,September,71011010,Natural Pearls,Natural (real) pearls - unworked,SINGAPORE,PARTNER,0.0,R,KGS,2026-08-20,Sep-2019  (R),gemstrategy_data/raw/import/71011010/71011010_2019_09.html
import,2019-09-01,2019,9,September,71011010,Natural Pearls,Natural (real) pearls - unworked,SWITZERLAND,PARTNER,0.01,R,KGS,2026-08-20,Sep-2019  (R),gemstrategy_data/raw/import/71011010/71011010_2019_09.html
import,2019-09-01,2019,9,September,71011010,Natural Pearls,Natural (real) pearls - unworked,U ARAB EMTS,PARTNER,0.0,R,KGS,2026-08-20,Sep-2019  (R),gemstrategy_data/raw/import/71011010/71011010_2019_09.html
import,2019-09-01,2019,9,September,71011010,Natural Pearls,Natural (real) pearls - unworked,U S A,PARTNER,0.0,R,KGS,2026-08-20,Sep-2019  (R),gemstrategy_data/raw/import/71011010/71011010_2019_09.html
import,2019-09-01,2019,9,September,71011010,Natural Pearls,Natural (real) pearls - unworked,Total,TOTAL,0.22,R,KGS,2026-08-20,Sep-2019  (R),gemstrategy_data/raw/import/71011010/71011010_2019_09.html
import,2019-09-01,2019,9,September,71011020,Natural Pearls,Natural (real) pearls - worked,BAHARAIN IS,PARTNER,0.0,R,KGS,2026-08-20,Sep-2019  (R),gemstrategy_data/raw/import/71011020/71011020_2019_09.html
import,2019-09-01,2019,9,September,71011020,Natural Pearls,Natural (real) pearls - worked,GERMANY,PARTNER,0.0,R,KGS,2026-08-20,Sep-2019  (R),gemstrategy_data/raw/import/71011020/71011020_2019_09.html
import,2019-09-01,2019,9,September,71011020,Natural Pearls,Natural (real) pearls - worked,HONG KONG,PARTNER,0.09,R,KGS,2026-08-20,Sep-2019  (R),gemstrategy_data/raw/import/71011020/71011020_2019_09.html
import,2019-09-01,2019,9,September,71011020,Natural Pearls,Natural (real) pearls - worked,INDONESIA,PARTNER,0.01,R,KGS,2026-08-20,Sep-2019  (R),gemstrategy_data/raw/import/71011020/71011020_2019_09.html
import,2019-09-01,2019,9,September,71011020,Natural Pearls,Natural (real) pearls - worked,JAPAN,PARTNER,0.0,R,KGS,2026-08-20,Sep-2019  (R),gemstrategy_data/raw/import/71011020/71011020_2019_09.html
import,2019-09-01,2019,9,September,71011020,Natural Pearls,Natural (real) pearls - worked,SINGAPORE,PARTNER,0.0,R,KGS,2026-08-20,Sep-2019  (R),gemstrategy_data/raw/import/71011020/71011020_2019_09.html
import,2019-09-01,2019,9,September,71011020,Natural Pearls,Natural (real) pearls - worked,SWITZERLAND,PARTNER,0.12,R,KGS,2026-08-20,Sep-2019  (R),gemstrategy_data/raw/import/71011020/71011020_2019_09.html
import,2019-09-01,2019,9,September,71011020,Natural Pearls,Natural (real) pearls - worked,THAILAND,PARTNER,0.0,R,KGS,2026-08-20,Sep-2019  (R),gemstrategy_data/raw/import/71011020/71011020_2019_09.html
import,2019-09-01,2019,9,September,71011020,Natural Pearls,Natural (real) pearls - worked,U ARAB EMTS,PARTNER,0.0,R,KGS,2026-08-20,Sep-2019  (R),gemstrategy_data/raw/import/71011020/71011020_2019_09.html
import,2019-09-01,2019,9,September,71011020,Natural Pearls,Natural (real) pearls - worked,U K,PARTNER,0.0,R,KGS,2026-08-20,Sep-2019  (R),gemstrategy_data/raw/import/71011020/71011020_2019_09.html
import,2019-09-01,2019,9,September,71011020,Natural Pearls,Natural (real) pearls - worked,U S A,PARTNER,0.0,R,KGS,2026-08-20,Sep-2019  (R),gemstrategy_data/raw/import/71011020/71011020_2019_09.html
import,2019-09-01,2019,9,September,71011020,Natural Pearls,Natural (real) pearls - worked,Total,TOTAL,0.22,R,KGS,2026-08-20,Sep-2019  (R),gemstrategy_data/raw/import/71011020/71011020_2019_09.html
import,2019-09-01,2019,9,September,71012100,Cultured Pearls,Cultured pearls - unworked,CANADA,PARTNER,0.0,R,KGS,2026-08-20,Sep-2019  (R),gemstrategy_data/raw/import/71012100/71012100_2019_09.html
import,2019-09-01,2019,9,September,71012100,Cultured Pearls,Cultured pearls - unworked,CHINA P RP,PARTNER,0.23,R,KGS,2026-08-20,Sep-2019  (R),gemstrategy_data/raw/import/71012100/71012100_2019_09.html
import,2019-09-01,2019,9,September,71012100,Cultured Pearls,Cultured pearls - unworked,GERMANY,PARTNER,0.0,R,KGS,2026-08-20,Sep-2019  (R),gemstrategy_data/raw/import/71012100/71012100_2019_09.html
import,2019-09-01,2019,9,September,71012100,Cultured Pearls,Cultured pearls - unworked,HONG KONG,PARTNER,0.25,R,KGS,2026-08-20,Sep-2019  (R),gemstrategy_data/raw/import/71012100/71012100_2019_09.html
import,2019-09-01,2019,9,September,71012100,Cultured Pearls,Cultured pearls - unworked,INDONESIA,PARTNER,0.0,R,KGS,2026-08-20,Sep-2019  (R),gemstrategy_data/raw/import/71012100/71012100_2019_09.html
import,2019-09-01,2019,9,September,71012100,Cultured Pearls,Cultured pearls - unworked,ITALY,PARTNER,0.0,R,KGS,2026-08-20,Sep-2019  (R),gemstrategy_data/raw/import/71012100/71012100_2019_09.html
import,2019-09-01,2019,9,September,71012100,Cultured Pearls,Cultured pearls - unworked,JAPAN,PARTNER,0.0,R,KGS,2026-08-20,Sep-2019  (R),gemstrategy_data/raw/import/71012100/71012100_2019_09.html
import,2019-09-01,2019,9,September,71012100,Cultured Pearls,Cultured pearls - unworked,KOREA RP,PARTNER,0.0,R,KGS,2026-08-20,Sep-2019  (R),gemstrategy_data/raw/import/71012100/71012100_2019_09.html
import,2019-09-01,2019,9,September,71012100,Cultured Pearls,Cultured pearls - unworked,MEXICO,PARTNER,0.0,R,KGS,2026-08-20,Sep-2019  (R),gemstrategy_data/raw/import/71012100/71012100_2019_09.html
import,2019-09-01,2019,9,September,71012100,Cultured Pearls,Cultured pearls - unworked,SINGAPORE,PARTNER,0.0,R,KGS,2026-08-20,Sep-2019  (R),gemstrategy_data/raw/import/71012100/71012100_2019_09.html
import,2019-09-01,2019,9,September,71012100,Cultured Pearls,Cultured pearls - unworked,SPAIN,PARTNER,0.0,R,KGS,2026-08-20,Sep-2019  (R),gemstrategy_data/raw/import/71012100/71012100_2019_09.html
import,2019-09-01,2019,9,September,71012100,Cultured Pearls,Cultured pearls - unworked,THAILAND,PARTNER,0.0,R,KGS,2026-08-20,Sep-2019  (R),gemstrategy_data/raw/import/71012100/71012100_2019_09.html
import,2019-09-01,2019,9,September,71012100,Cultured Pearls,Cultured pearls - unworked,U ARAB EMTS,PARTNER,0.0,R,KGS,2026-08-20,Sep-2019  (R),gemstrategy_data/raw/import/71012100/71012100_2019_09.html
import,2019-09-01,2019,9,September,71012100,Cultured Pearls,Cultured pearls - unworked,U S A,PARTNER,0.0,R,KGS,2026-08-20,Sep-2019  (R),gemstrategy_data/raw/import/71012100/71012100_2019_09.html
import,2019-09-01,2019,9,September,71012100,Cultured Pearls,Cultured pearls - unworked,Total,TOTAL,0.48,R,KGS,2026-08-20,Sep-2019  (R),gemstrategy_data/raw/import/71012100/71012100_2019_09.html
import,2019-09-01,2019,9,September,71012200,Cultured Pearls,Cultured pearls - worked,AUSTRALIA,PARTNER,0.0,R,KGS,2026-08-20,Sep-2019  (R),gemstrategy_data/raw/import/71012200/71012200_2019_09.html
import,2019-09-01,2019,9,September,71012200,Cultured Pearls,Cultured pearls - worked,CANADA,PARTNER,0.0,R,KGS,2026-08-20,Sep-2019  (R),gemstrategy_data/raw/import/71012200/71012200_2019_09.html
import,2019-09-01,2019,9,September,71012200,Cultured Pearls,Cultured pearls - worked,CHINA P RP,PARTNER,0.08,R,KGS,2026-08-20,Sep-2019  (R),gemstrategy_data/raw/import/71012200/71012200_2019_09.html
import,2019-09-01,2019,9,September,71012200,Cultured Pearls,Cultured pearls - worked,FRANCE,PARTNER,0.0,R,KGS,2026-08-20,Sep-2019  (R),gemstrategy_data/raw/import/71012200/71012200_2019_09.html
import,2019-09-01,2019,9,September,71012200,Cultured Pearls,Cultured pearls - worked,GERMANY,PARTNER,0.0,R,KGS,2026-08-20,Sep-2019  (R),gemstrategy_data/raw/import/71012200/71012200_2019_09.html
import,2019-09-01,2019,9,September,71012200,Cultured Pearls,Cultured pearls - worked,HONG KONG,PARTNER,0.27,R,KGS,2026-08-20,Sep-2019  (R),gemstrategy_data/raw/import/71012200/71012200_2019_09.html
import,2019-09-01,2019,9,September,71012200,Cultured Pearls,Cultured pearls - worked,INDONESIA,PARTNER,0.0,R,KGS,2026-08-20,Sep-2019  (R),gemstrategy_data/raw/import/71012200/71012200_2019_09.html
import,2019-09-01,2019,9,September,71012200,Cultured Pearls,Cultured pearls - worked,ITALY,PARTNER,0.0,R,KGS,2026-08-20,Sep-2019  (R),gemstrategy_data/raw/import/71012200/71012200_2019_09.html
import,2019-09-01,2019,9,September,71012200,Cultured Pearls,Cultured pearls - worked,JAPAN,PARTNER,0.1,R,KGS,2026-08-20,Sep-2019  (R),gemstrategy_data/raw/import/71012200/71012200_2019_09.html
import,2019-09-01,2019,9,September,71012200,Cultured Pearls,Cultured pearls - worked,KOREA RP,PARTNER,0.0,R,KGS,2026-08-20,Sep-2019  (R),gemstrategy_data/raw/import/71012200/71012200_2019_09.html
import,2019-09-01,2019,9,September,71012200,Cultured Pearls,Cultured pearls - worked,SPAIN,PARTNER,0.0,R,KGS,2026-08-20,Sep-2019  (R),gemstrategy_data/raw/import/71012200/71012200_2019_09.html
import,2019-09-01,2019,9,September,71012200,Cultured Pearls,Cultured pearls - worked,SRI LANKA DSR,PARTNER,0.0,R,KGS,2026-08-20,Sep-2019  (R),gemstrategy_data/raw/import/71012200/71012200_2019_09.html
import,2019-09-01,2019,9,September,71012200,Cultured Pearls,Cultured pearls - worked,SWITZERLAND,PARTNER,0.0,R,KGS,2026-08-20,Sep-2019  (R),gemstrategy_data/raw/import/71012200/71012200_2019_09.html
import,2019-09-01,2019,9,September,71012200,Cultured Pearls,Cultured pearls - worked,THAILAND,PARTNER,0.0,R,KGS,2026-08-20,Sep-2019  (R),gemstrategy_data/raw/import/71012200/71012200_2019_09.html
import,2019-09-01,2019,9,September,71012200,Cultured Pearls,Cultured pearls - worked,U S A,PARTNER,0.05,R,KGS,2026-08-20,Sep-2019  (R),gemstrategy_data/raw/import/71012200/71012200_2019_09.html
import,2019-09-01,2019,9,September,71012200,Cultured Pearls,Cultured pearls - worked,Total,TOTAL,0.51,R,KGS,2026-08-20,Sep-2019  (R),gemstrategy_data/raw/import/71012200/71012200_2019_09.html
import,2019-10-01,2019,10,October,71011010,Natural Pearls,Natural (real) pearls - unworked,CHINA P RP,PARTNER,0.0,R,KGS,2026-08-20,Oct-2019  (R),gemstrategy_data/raw/import/71011010/71011010_2019_10.html
import,2019-10-01,2019,10,October,71011010,Natural Pearls,Natural (real) pearls - unworked,HONG KONG,PARTNER,0.06,R,KGS,2026-08-20,Oct-2019  (R),gemstrategy_data/raw/import/71011010/71011010_2019_10.html
import,2019-10-01,2019,10,October,71011010,Natural Pearls,Natural (real) pearls - unworked,INDONESIA,PARTNER,0.0,R,KGS,2026-08-20,Oct-2019  (R),gemstrategy_data/raw/import/71011010/71011010_2019_10.html
import,2019-10-01,2019,10,October,71011010,Natural Pearls,Natural (real) pearls - unworked,JAPAN,PARTNER,0.03,R,KGS,2026-08-20,Oct-2019  (R),gemstrategy_data/raw/import/71011010/71011010_2019_10.html
import,2019-10-01,2019,10,October,71011010,Natural Pearls,Natural (real) pearls - unworked,KOREA RP,PARTNER,0.0,R,KGS,2026-08-20,Oct-2019  (R),gemstrategy_data/raw/import/71011010/71011010_2019_10.html
import,2019-10-01,2019,10,October,71011010,Natural Pearls,Natural (real) pearls - unworked,SINGAPORE,PARTNER,0.0,R,KGS,2026-08-20,Oct-2019  (R),gemstrategy_data/raw/import/71011010/71011010_2019_10.html
import,2019-10-01,2019,10,October,71011010,Natural Pearls,Natural (real) pearls - unworked,SWITZERLAND,PARTNER,0.0,R,KGS,2026-08-20,Oct-2019  (R),gemstrategy_data/raw/import/71011010/71011010_2019_10.html
import,2019-10-01,2019,10,October,71011010,Natural Pearls,Natural (real) pearls - unworked,U ARAB EMTS,PARTNER,0.0,R,KGS,2026-08-20,Oct-2019  (R),gemstrategy_data/raw/import/71011010/71011010_2019_10.html
import,2019-10-01,2019,10,October,71011010,Natural Pearls,Natural (real) pearls - unworked,U S A,PARTNER,0.0,R,KGS,2026-08-20,Oct-2019  (R),gemstrategy_data/raw/import/71011010/71011010_2019_10.html
import,2019-10-01,2019,10,October,71011010,Natural Pearls,Natural (real) pearls - unworked,Total,TOTAL,0.09,R,KGS,2026-08-20,Oct-2019  (R),gemstrategy_data/raw/import/71011010/71011010_2019_10.html
import,2019-10-01,2019,10,October,71011020,Natural Pearls,Natural (real) pearls - worked,BAHARAIN IS,PARTNER,0.0,R,KGS,2026-08-20,Oct-2019  (R),gemstrategy_data/raw/import/71011020/71011020_2019_10.html
import,2019-10-01,2019,10,October,71011020,Natural Pearls,Natural (real) pearls - worked,GERMANY,PARTNER,0.0,R,KGS,2026-08-20,Oct-2019  (R),gemstrategy_data/raw/import/71011020/71011020_2019_10.html
import,2019-10-01,2019,10,October,71011020,Natural Pearls,Natural (real) pearls - worked,HONG KONG,PARTNER,0.01,R,KGS,2026-08-20,Oct-2019  (R),gemstrategy_data/raw/import/71011020/71011020_2019_10.html
import,2019-10-01,2019,10,October,71011020,Natural Pearls,Natural (real) pearls - worked,INDONESIA,PARTNER,0.0,R,KGS,2026-08-20,Oct-2019  (R),gemstrategy_data/raw/import/71011020/71011020_2019_10.html
import,2019-10-01,2019,10,October,71011020,Natural Pearls,Natural (real) pearls - worked,JAPAN,PARTNER,0.0,R,KGS,2026-08-20,Oct-2019  (R),gemstrategy_data/raw/import/71011020/71011020_2019_10.html
import,2019-10-01,2019,10,October,71011020,Natural Pearls,Natural (real) pearls - worked,SINGAPORE,PARTNER,0.0,R,KGS,2026-08-20,Oct-2019  (R),gemstrategy_data/raw/import/71011020/71011020_2019_10.html
import,2019-10-01,2019,10,October,71011020,Natural Pearls,Natural (real) pearls - worked,SWITZERLAND,PARTNER,0.0,R,KGS,2026-08-20,Oct-2019  (R),gemstrategy_data/raw/import/71011020/71011020_2019_10.html
import,2019-10-01,2019,10,October,71011020,Natural Pearls,Natural (real) pearls - worked,THAILAND,PARTNER,0.0,R,KGS,2026-08-20,Oct-2019  (R),gemstrategy_data/raw/import/71011020/71011020_2019_10.html
import,2019-10-01,2019,10,October,71011020,Natural Pearls,Natural (real) pearls - worked,U ARAB EMTS,PARTNER,0.0,R,KGS,2026-08-20,Oct-2019  (R),gemstrategy_data/raw/import/71011020/71011020_2019_10.html
import,2019-10-01,2019,10,October,71011020,Natural Pearls,Natural (real) pearls - worked,U K,PARTNER,0.0,R,KGS,2026-08-20,Oct-2019  (R),gemstrategy_data/raw/import/71011020/71011020_2019_10.html
import,2019-10-01,2019,10,October,71011020,Natural Pearls,Natural (real) pearls - worked,U S A,PARTNER,0.0,R,KGS,2026-08-20,Oct-2019  (R),gemstrategy_data/raw/import/71011020/71011020_2019_10.html
import,2019-10-01,2019,10,October,71011020,Natural Pearls,Natural (real) pearls - worked,Total,TOTAL,0.01,R,KGS,2026-08-20,Oct-2019  (R),gemstrategy_data/raw/import/71011020/71011020_2019_10.html
import,2019-10-01,2019,10,October,71012100,Cultured Pearls,Cultured pearls - unworked,CANADA,PARTNER,0.0,R,KGS,2026-08-20,Oct-2019  (R),gemstrategy_data/raw/import/71012100/71012100_2019_10.html
import,2019-10-01,2019,10,October,71012100,Cultured Pearls,Cultured pearls - unworked,CHINA P RP,PARTNER,0.17,R,KGS,2026-08-20,Oct-2019  (R),gemstrategy_data/raw/import/71012100/71012100_2019_10.html
import,2019-10-01,2019,10,October,71012100,Cultured Pearls,Cultured pearls - unworked,GERMANY,PARTNER,0.0,R,KGS,2026-08-20,Oct-2019  (R),gemstrategy_data/raw/import/71012100/71012100_2019_10.html
import,2019-10-01,2019,10,October,71012100,Cultured Pearls,Cultured pearls - unworked,HONG KONG,PARTNER,0.47,R,KGS,2026-08-20,Oct-2019  (R),gemstrategy_data/raw/import/71012100/71012100_2019_10.html
import,2019-10-01,2019,10,October,71012100,Cultured Pearls,Cultured pearls - unworked,INDONESIA,PARTNER,0.0,R,KGS,2026-08-20,Oct-2019  (R),gemstrategy_data/raw/import/71012100/71012100_2019_10.html
import,2019-10-01,2019,10,October,71012100,Cultured Pearls,Cultured pearls - unworked,ITALY,PARTNER,0.0,R,KGS,2026-08-20,Oct-2019  (R),gemstrategy_data/raw/import/71012100/71012100_2019_10.html
import,2019-10-01,2019,10,October,71012100,Cultured Pearls,Cultured pearls - unworked,JAPAN,PARTNER,0.0,R,KGS,2026-08-20,Oct-2019  (R),gemstrategy_data/raw/import/71012100/71012100_2019_10.html
import,2019-10-01,2019,10,October,71012100,Cultured Pearls,Cultured pearls - unworked,KOREA RP,PARTNER,0.0,R,KGS,2026-08-20,Oct-2019  (R),gemstrategy_data/raw/import/71012100/71012100_2019_10.html
import,2019-10-01,2019,10,October,71012100,Cultured Pearls,Cultured pearls - unworked,MEXICO,PARTNER,0.0,R,KGS,2026-08-20,Oct-2019  (R),gemstrategy_data/raw/import/71012100/71012100_2019_10.html
import,2019-10-01,2019,10,October,71012100,Cultured Pearls,Cultured pearls - unworked,SINGAPORE,PARTNER,0.0,R,KGS,2026-08-20,Oct-2019  (R),gemstrategy_data/raw/import/71012100/71012100_2019_10.html
import,2019-10-01,2019,10,October,71012100,Cultured Pearls,Cultured pearls - unworked,SPAIN,PARTNER,0.0,R,KGS,2026-08-20,Oct-2019  (R),gemstrategy_data/raw/import/71012100/71012100_2019_10.html
import,2019-10-01,2019,10,October,71012100,Cultured Pearls,Cultured pearls - unworked,THAILAND,PARTNER,0.01,R,KGS,2026-08-20,Oct-2019  (R),gemstrategy_data/raw/import/71012100/71012100_2019_10.html
import,2019-10-01,2019,10,October,71012100,Cultured Pearls,Cultured pearls - unworked,U ARAB EMTS,PARTNER,0.0,R,KGS,2026-08-20,Oct-2019  (R),gemstrategy_data/raw/import/71012100/71012100_2019_10.html
import,2019-10-01,2019,10,October,71012100,Cultured Pearls,Cultured pearls - unworked,U S A,PARTNER,0.0,R,KGS,2026-08-20,Oct-2019  (R),gemstrategy_data/raw/import/71012100/71012100_2019_10.html
import,2019-10-01,2019,10,October,71012100,Cultured Pearls,Cultured pearls - unworked,Total,TOTAL,0.65,R,KGS,2026-08-20,Oct-2019  (R),gemstrategy_data/raw/import/71012100/71012100_2019_10.html
import,2019-10-01,2019,10,October,71012200,Cultured Pearls,Cultured pearls - worked,AUSTRALIA,PARTNER,0.0,R,KGS,2026-08-20,Oct-2019  (R),gemstrategy_data/raw/import/71012200/71012200_2019_10.html
import,2019-10-01,2019,10,October,71012200,Cultured Pearls,Cultured pearls - worked,CANADA,PARTNER,0.0,R,KGS,2026-08-20,Oct-2019  (R),gemstrategy_data/raw/import/71012200/71012200_2019_10.html
import,2019-10-01,2019,10,October,71012200,Cultured Pearls,Cultured pearls - worked,CHINA P RP,PARTNER,0.13,R,KGS,2026-08-20,Oct-2019  (R),gemstrategy_data/raw/import/71012200/71012200_2019_10.html
import,2019-10-01,2019,10,October,71012200,Cultured Pearls,Cultured pearls - worked,FRANCE,PARTNER,0.0,R,KGS,2026-08-20,Oct-2019  (R),gemstrategy_data/raw/import/71012200/71012200_2019_10.html
import,2019-10-01,2019,10,October,71012200,Cultured Pearls,Cultured pearls - worked,GERMANY,PARTNER,0.0,R,KGS,2026-08-20,Oct-2019  (R),gemstrategy_data/raw/import/71012200/71012200_2019_10.html
import,2019-10-01,2019,10,October,71012200,Cultured Pearls,Cultured pearls - worked,HONG KONG,PARTNER,0.36,R,KGS,2026-08-20,Oct-2019  (R),gemstrategy_data/raw/import/71012200/71012200_2019_10.html
import,2019-10-01,2019,10,October,71012200,Cultured Pearls,Cultured pearls - worked,INDONESIA,PARTNER,0.03,R,KGS,2026-08-20,Oct-2019  (R),gemstrategy_data/raw/import/71012200/71012200_2019_10.html
import,2019-10-01,2019,10,October,71012200,Cultured Pearls,Cultured pearls - worked,ITALY,PARTNER,0.0,R,KGS,2026-08-20,Oct-2019  (R),gemstrategy_data/raw/import/71012200/71012200_2019_10.html
import,2019-10-01,2019,10,October,71012200,Cultured Pearls,Cultured pearls - worked,JAPAN,PARTNER,0.0,R,KGS,2026-08-20,Oct-2019  (R),gemstrategy_data/raw/import/71012200/71012200_2019_10.html
import,2019-10-01,2019,10,October,71012200,Cultured Pearls,Cultured pearls - worked,KOREA RP,PARTNER,0.0,R,KGS,2026-08-20,Oct-2019  (R),gemstrategy_data/raw/import/71012200/71012200_2019_10.html
import,2019-10-01,2019,10,October,71012200,Cultured Pearls,Cultured pearls - worked,SPAIN,PARTNER,0.0,R,KGS,2026-08-20,Oct-2019  (R),gemstrategy_data/raw/import/71012200/71012200_2019_10.html
import,2019-10-01,2019,10,October,71012200,Cultured Pearls,Cultured pearls - worked,SRI LANKA DSR,PARTNER,0.0,R,KGS,2026-08-20,Oct-2019  (R),gemstrategy_data/raw/import/71012200/71012200_2019_10.html
import,2019-10-01,2019,10,October,71012200,Cultured Pearls,Cultured pearls - worked,SWITZERLAND,PARTNER,0.0,R,KGS,2026-08-20,Oct-2019  (R),gemstrategy_data/raw/import/71012200/71012200_2019_10.html
import,2019-10-01,2019,10,October,71012200,Cultured Pearls,Cultured pearls - worked,THAILAND,PARTNER,0.02,R,KGS,2026-08-20,Oct-2019  (R),gemstrategy_data/raw/import/71012200/71012200_2019_10.html
import,2019-10-01,2019,10,October,71012200,Cultured Pearls,Cultured pearls - worked,U ARAB EMTS,PARTNER,0.0,R,KGS,2026-08-20,Oct-2019  (R),gemstrategy_data/raw/import/71012200/71012200_2019_10.html
import,2019-10-01,2019,10,October,71012200,Cultured Pearls,Cultured pearls - worked,U S A,PARTNER,0.04,R,KGS,2026-08-20,Oct-2019  (R),gemstrategy_data/raw/import/71012200/71012200_2019_10.html
import,2019-10-01,2019,10,October,71012200,Cultured Pearls,Cultured pearls - worked,Total,TOTAL,0.59,R,KGS,2026-08-20,Oct-2019  (R),gemstrategy_data/raw/import/71012200/71012200_2019_10.html
import,2019-11-01,2019,11,November,71011010,Natural Pearls,Natural (real) pearls - unworked,BAHARAIN IS,PARTNER,0.0,R,KGS,2026-08-20,Nov-2019  (R),gemstrategy_data/raw/import/71011010/71011010_2019_11.html
import,2019-11-01,2019,11,November,71011010,Natural Pearls,Natural (real) pearls - unworked,CHINA P RP,PARTNER,0.0,R,KGS,2026-08-20,Nov-2019  (R),gemstrategy_data/raw/import/71011010/71011010_2019_11.html
import,2019-11-01,2019,11,November,71011010,Natural Pearls,Natural (real) pearls - unworked,HONG KONG,PARTNER,0.0,R,KGS,2026-08-20,Nov-2019  (R),gemstrategy_data/raw/import/71011010/71011010_2019_11.html
import,2019-11-01,2019,11,November,71011010,Natural Pearls,Natural (real) pearls - unworked,INDONESIA,PARTNER,0.01,R,KGS,2026-08-20,Nov-2019  (R),gemstrategy_data/raw/import/71011010/71011010_2019_11.html
import,2019-11-01,2019,11,November,71011010,Natural Pearls,Natural (real) pearls - unworked,JAPAN,PARTNER,0.02,R,KGS,2026-08-20,Nov-2019  (R),gemstrategy_data/raw/import/71011010/71011010_2019_11.html
import,2019-11-01,2019,11,November,71011010,Natural Pearls,Natural (real) pearls - unworked,KOREA RP,PARTNER,0.0,R,KGS,2026-08-20,Nov-2019  (R),gemstrategy_data/raw/import/71011010/71011010_2019_11.html
import,2019-11-01,2019,11,November,71011010,Natural Pearls,Natural (real) pearls - unworked,SINGAPORE,PARTNER,0.0,R,KGS,2026-08-20,Nov-2019  (R),gemstrategy_data/raw/import/71011010/71011010_2019_11.html
import,2019-11-01,2019,11,November,71011010,Natural Pearls,Natural (real) pearls - unworked,SWITZERLAND,PARTNER,0.0,R,KGS,2026-08-20,Nov-2019  (R),gemstrategy_data/raw/import/71011010/71011010_2019_11.html
import,2019-11-01,2019,11,November,71011010,Natural Pearls,Natural (real) pearls - unworked,THAILAND,PARTNER,0.01,R,KGS,2026-08-20,Nov-2019  (R),gemstrategy_data/raw/import/71011010/71011010_2019_11.html
import,2019-11-01,2019,11,November,71011010,Natural Pearls,Natural (real) pearls - unworked,U ARAB EMTS,PARTNER,0.0,R,KGS,2026-08-20,Nov-2019  (R),gemstrategy_data/raw/import/71011010/71011010_2019_11.html
import,2019-11-01,2019,11,November,71011010,Natural Pearls,Natural (real) pearls - unworked,U S A,PARTNER,0.0,R,KGS,2026-08-20,Nov-2019  (R),gemstrategy_data/raw/import/71011010/71011010_2019_11.html
import,2019-11-01,2019,11,November,71011010,Natural Pearls,Natural (real) pearls - unworked,Total,TOTAL,0.04,R,KGS,2026-08-20,Nov-2019  (R),gemstrategy_data/raw/import/71011010/71011010_2019_11.html
import,2019-11-01,2019,11,November,71011020,Natural Pearls,Natural (real) pearls - worked,BAHARAIN IS,PARTNER,0.0,R,KGS,2026-08-20,Nov-2019  (R),gemstrategy_data/raw/import/71011020/71011020_2019_11.html
import,2019-11-01,2019,11,November,71011020,Natural Pearls,Natural (real) pearls - worked,GERMANY,PARTNER,0.0,R,KGS,2026-08-20,Nov-2019  (R),gemstrategy_data/raw/import/71011020/71011020_2019_11.html
import,2019-11-01,2019,11,November,71011020,Natural Pearls,Natural (real) pearls - worked,HONG KONG,PARTNER,0.01,R,KGS,2026-08-20,Nov-2019  (R),gemstrategy_data/raw/import/71011020/71011020_2019_11.html
import,2019-11-01,2019,11,November,71011020,Natural Pearls,Natural (real) pearls - worked,INDONESIA,PARTNER,0.0,R,KGS,2026-08-20,Nov-2019  (R),gemstrategy_data/raw/import/71011020/71011020_2019_11.html
import,2019-11-01,2019,11,November,71011020,Natural Pearls,Natural (real) pearls - worked,JAPAN,PARTNER,0.0,R,KGS,2026-08-20,Nov-2019  (R),gemstrategy_data/raw/import/71011020/71011020_2019_11.html
import,2019-11-01,2019,11,November,71011020,Natural Pearls,Natural (real) pearls - worked,SINGAPORE,PARTNER,0.0,R,KGS,2026-08-20,Nov-2019  (R),gemstrategy_data/raw/import/71011020/71011020_2019_11.html
import,2019-11-01,2019,11,November,71011020,Natural Pearls,Natural (real) pearls - worked,SWITZERLAND,PARTNER,0.02,R,KGS,2026-08-20,Nov-2019  (R),gemstrategy_data/raw/import/71011020/71011020_2019_11.html
import,2019-11-01,2019,11,November,71011020,Natural Pearls,Natural (real) pearls - worked,THAILAND,PARTNER,0.0,R,KGS,2026-08-20,Nov-2019  (R),gemstrategy_data/raw/import/71011020/71011020_2019_11.html
import,2019-11-01,2019,11,November,71011020,Natural Pearls,Natural (real) pearls - worked,U ARAB EMTS,PARTNER,0.0,R,KGS,2026-08-20,Nov-2019  (R),gemstrategy_data/raw/import/71011020/71011020_2019_11.html
import,2019-11-01,2019,11,November,71011020,Natural Pearls,Natural (real) pearls - worked,U K,PARTNER,0.0,R,KGS,2026-08-20,Nov-2019  (R),gemstrategy_data/raw/import/71011020/71011020_2019_11.html
import,2019-11-01,2019,11,November,71011020,Natural Pearls,Natural (real) pearls - worked,U S A,PARTNER,0.0,R,KGS,2026-08-20,Nov-2019  (R),gemstrategy_data/raw/import/71011020/71011020_2019_11.html
import,2019-11-01,2019,11,November,71011020,Natural Pearls,Natural (real) pearls - worked,Total,TOTAL,0.03,R,KGS,2026-08-20,Nov-2019  (R),gemstrategy_data/raw/import/71011020/71011020_2019_11.html
import,2019-11-01,2019,11,November,71012100,Cultured Pearls,Cultured pearls - unworked,CANADA,PARTNER,0.0,R,KGS,2026-08-20,Nov-2019  (R),gemstrategy_data/raw/import/71012100/71012100_2019_11.html
import,2019-11-01,2019,11,November,71012100,Cultured Pearls,Cultured pearls - unworked,CHINA P RP,PARTNER,0.28,R,KGS,2026-08-20,Nov-2019  (R),gemstrategy_data/raw/import/71012100/71012100_2019_11.html
import,2019-11-01,2019,11,November,71012100,Cultured Pearls,Cultured pearls - unworked,GERMANY,PARTNER,0.0,R,KGS,2026-08-20,Nov-2019  (R),gemstrategy_data/raw/import/71012100/71012100_2019_11.html
import,2019-11-01,2019,11,November,71012100,Cultured Pearls,Cultured pearls - unworked,HONG KONG,PARTNER,0.22,R,KGS,2026-08-20,Nov-2019  (R),gemstrategy_data/raw/import/71012100/71012100_2019_11.html
import,2019-11-01,2019,11,November,71012100,Cultured Pearls,Cultured pearls - unworked,INDONESIA,PARTNER,0.0,R,KGS,2026-08-20,Nov-2019  (R),gemstrategy_data/raw/import/71012100/71012100_2019_11.html
import,2019-11-01,2019,11,November,71012100,Cultured Pearls,Cultured pearls - unworked,ITALY,PARTNER,0.0,R,KGS,2026-08-20,Nov-2019  (R),gemstrategy_data/raw/import/71012100/71012100_2019_11.html
import,2019-11-01,2019,11,November,71012100,Cultured Pearls,Cultured pearls - unworked,JAPAN,PARTNER,0.0,R,KGS,2026-08-20,Nov-2019  (R),gemstrategy_data/raw/import/71012100/71012100_2019_11.html
import,2019-11-01,2019,11,November,71012100,Cultured Pearls,Cultured pearls - unworked,KOREA RP,PARTNER,0.0,R,KGS,2026-08-20,Nov-2019  (R),gemstrategy_data/raw/import/71012100/71012100_2019_11.html
import,2019-11-01,2019,11,November,71012100,Cultured Pearls,Cultured pearls - unworked,MEXICO,PARTNER,0.0,R,KGS,2026-08-20,Nov-2019  (R),gemstrategy_data/raw/import/71012100/71012100_2019_11.html
import,2019-11-01,2019,11,November,71012100,Cultured Pearls,Cultured pearls - unworked,SINGAPORE,PARTNER,0.0,R,KGS,2026-08-20,Nov-2019  (R),gemstrategy_data/raw/import/71012100/71012100_2019_11.html
import,2019-11-01,2019,11,November,71012100,Cultured Pearls,Cultured pearls - unworked,SPAIN,PARTNER,0.0,R,KGS,2026-08-20,Nov-2019  (R),gemstrategy_data/raw/import/71012100/71012100_2019_11.html
import,2019-11-01,2019,11,November,71012100,Cultured Pearls,Cultured pearls - unworked,THAILAND,PARTNER,0.08,R,KGS,2026-08-20,Nov-2019  (R),gemstrategy_data/raw/import/71012100/71012100_2019_11.html
import,2019-11-01,2019,11,November,71012100,Cultured Pearls,Cultured pearls - unworked,U ARAB EMTS,PARTNER,0.0,R,KGS,2026-08-20,Nov-2019  (R),gemstrategy_data/raw/import/71012100/71012100_2019_11.html
import,2019-11-01,2019,11,November,71012100,Cultured Pearls,Cultured pearls - unworked,U S A,PARTNER,0.0,R,KGS,2026-08-20,Nov-2019  (R),gemstrategy_data/raw/import/71012100/71012100_2019_11.html
import,2019-11-01,2019,11,November,71012100,Cultured Pearls,Cultured pearls - unworked,Total,TOTAL,0.57,R,KGS,2026-08-20,Nov-2019  (R),gemstrategy_data/raw/import/71012100/71012100_2019_11.html
import,2019-11-01,2019,11,November,71012200,Cultured Pearls,Cultured pearls - worked,AUSTRALIA,PARTNER,0.0,R,KGS,2026-08-20,Nov-2019  (R),gemstrategy_data/raw/import/71012200/71012200_2019_11.html
import,2019-11-01,2019,11,November,71012200,Cultured Pearls,Cultured pearls - worked,CANADA,PARTNER,0.0,R,KGS,2026-08-20,Nov-2019  (R),gemstrategy_data/raw/import/71012200/71012200_2019_11.html
import,2019-11-01,2019,11,November,71012200,Cultured Pearls,Cultured pearls - worked,CHINA P RP,PARTNER,0.04,R,KGS,2026-08-20,Nov-2019  (R),gemstrategy_data/raw/import/71012200/71012200_2019_11.html
import,2019-11-01,2019,11,November,71012200,Cultured Pearls,Cultured pearls - worked,FRANCE,PARTNER,0.01,R,KGS,2026-08-20,Nov-2019  (R),gemstrategy_data/raw/import/71012200/71012200_2019_11.html
import,2019-11-01,2019,11,November,71012200,Cultured Pearls,Cultured pearls - worked,GERMANY,PARTNER,0.01,R,KGS,2026-08-20,Nov-2019  (R),gemstrategy_data/raw/import/71012200/71012200_2019_11.html
import,2019-11-01,2019,11,November,71012200,Cultured Pearls,Cultured pearls - worked,HONG KONG,PARTNER,0.13,R,KGS,2026-08-20,Nov-2019  (R),gemstrategy_data/raw/import/71012200/71012200_2019_11.html
import,2019-11-01,2019,11,November,71012200,Cultured Pearls,Cultured pearls - worked,INDONESIA,PARTNER,0.02,R,KGS,2026-08-20,Nov-2019  (R),gemstrategy_data/raw/import/71012200/71012200_2019_11.html
import,2019-11-01,2019,11,November,71012200,Cultured Pearls,Cultured pearls - worked,ITALY,PARTNER,0.0,R,KGS,2026-08-20,Nov-2019  (R),gemstrategy_data/raw/import/71012200/71012200_2019_11.html
import,2019-11-01,2019,11,November,71012200,Cultured Pearls,Cultured pearls - worked,JAPAN,PARTNER,0.04,R,KGS,2026-08-20,Nov-2019  (R),gemstrategy_data/raw/import/71012200/71012200_2019_11.html
import,2019-11-01,2019,11,November,71012200,Cultured Pearls,Cultured pearls - worked,KOREA RP,PARTNER,0.0,R,KGS,2026-08-20,Nov-2019  (R),gemstrategy_data/raw/import/71012200/71012200_2019_11.html
import,2019-11-01,2019,11,November,71012200,Cultured Pearls,Cultured pearls - worked,SPAIN,PARTNER,0.0,R,KGS,2026-08-20,Nov-2019  (R),gemstrategy_data/raw/import/71012200/71012200_2019_11.html
import,2019-11-01,2019,11,November,71012200,Cultured Pearls,Cultured pearls - worked,SRI LANKA DSR,PARTNER,0.0,R,KGS,2026-08-20,Nov-2019  (R),gemstrategy_data/raw/import/71012200/71012200_2019_11.html
import,2019-11-01,2019,11,November,71012200,Cultured Pearls,Cultured pearls - worked,SWITZERLAND,PARTNER,0.0,R,KGS,2026-08-20,Nov-2019  (R),gemstrategy_data/raw/import/71012200/71012200_2019_11.html
import,2019-11-01,2019,11,November,71012200,Cultured Pearls,Cultured pearls - worked,THAILAND,PARTNER,0.06,R,KGS,2026-08-20,Nov-2019  (R),gemstrategy_data/raw/import/71012200/71012200_2019_11.html
import,2019-11-01,2019,11,November,71012200,Cultured Pearls,Cultured pearls - worked,U ARAB EMTS,PARTNER,0.0,R,KGS,2026-08-20,Nov-2019  (R),gemstrategy_data/raw/import/71012200/71012200_2019_11.html
import,2019-11-01,2019,11,November,71012200,Cultured Pearls,Cultured pearls - worked,U S A,PARTNER,0.05,R,KGS,2026-08-20,Nov-2019  (R),gemstrategy_data/raw/import/71012200/71012200_2019_11.html
import,2019-11-01,2019,11,November,71012200,Cultured Pearls,Cultured pearls - worked,Total,TOTAL,0.36,R,KGS,2026-08-20,Nov-2019  (R),gemstrategy_data/raw/import/71012200/71012200_2019_11.html
import,2019-12-01,2019,12,December,71011010,Natural Pearls,Natural (real) pearls - unworked,BAHARAIN IS,PARTNER,0.0,R,KGS,2026-08-20,Dec-2019  (R),gemstrategy_data/raw/import/71011010/71011010_2019_12.html
import,2019-12-01,2019,12,December,71011010,Natural Pearls,Natural (real) pearls - unworked,CHINA P RP,PARTNER,0.0,R,KGS,2026-08-20,Dec-2019  (R),gemstrategy_data/raw/import/71011010/71011010_2019_12.html
import,2019-12-01,2019,12,December,71011010,Natural Pearls,Natural (real) pearls - unworked,HONG KONG,PARTNER,0.09,R,KGS,2026-08-20,Dec-2019  (R),gemstrategy_data/raw/import/71011010/71011010_2019_12.html
import,2019-12-01,2019,12,December,71011010,Natural Pearls,Natural (real) pearls - unworked,INDONESIA,PARTNER,0.0,R,KGS,2026-08-20,Dec-2019  (R),gemstrategy_data/raw/import/71011010/71011010_2019_12.html
import,2019-12-01,2019,12,December,71011010,Natural Pearls,Natural (real) pearls - unworked,ITALY,PARTNER,0.0,R,KGS,2026-08-20,Dec-2019  (R),gemstrategy_data/raw/import/71011010/71011010_2019_12.html
import,2019-12-01,2019,12,December,71011010,Natural Pearls,Natural (real) pearls - unworked,JAPAN,PARTNER,0.0,R,KGS,2026-08-20,Dec-2019  (R),gemstrategy_data/raw/import/71011010/71011010_2019_12.html
import,2019-12-01,2019,12,December,71011010,Natural Pearls,Natural (real) pearls - unworked,KOREA RP,PARTNER,0.0,R,KGS,2026-08-20,Dec-2019  (R),gemstrategy_data/raw/import/71011010/71011010_2019_12.html
import,2019-12-01,2019,12,December,71011010,Natural Pearls,Natural (real) pearls - unworked,SINGAPORE,PARTNER,0.0,R,KGS,2026-08-20,Dec-2019  (R),gemstrategy_data/raw/import/71011010/71011010_2019_12.html
import,2019-12-01,2019,12,December,71011010,Natural Pearls,Natural (real) pearls - unworked,SWITZERLAND,PARTNER,0.02,R,KGS,2026-08-20,Dec-2019  (R),gemstrategy_data/raw/import/71011010/71011010_2019_12.html
import,2019-12-01,2019,12,December,71011010,Natural Pearls,Natural (real) pearls - unworked,THAILAND,PARTNER,0.0,R,KGS,2026-08-20,Dec-2019  (R),gemstrategy_data/raw/import/71011010/71011010_2019_12.html
import,2019-12-01,2019,12,December,71011010,Natural Pearls,Natural (real) pearls - unworked,U ARAB EMTS,PARTNER,0.0,R,KGS,2026-08-20,Dec-2019  (R),gemstrategy_data/raw/import/71011010/71011010_2019_12.html
import,2019-12-01,2019,12,December,71011010,Natural Pearls,Natural (real) pearls - unworked,U S A,PARTNER,0.0,R,KGS,2026-08-20,Dec-2019  (R),gemstrategy_data/raw/import/71011010/71011010_2019_12.html
import,2019-12-01,2019,12,December,71011010,Natural Pearls,Natural (real) pearls - unworked,Total,TOTAL,0.12,R,KGS,2026-08-20,Dec-2019  (R),gemstrategy_data/raw/import/71011010/71011010_2019_12.html
import,2019-12-01,2019,12,December,71011020,Natural Pearls,Natural (real) pearls - worked,BAHARAIN IS,PARTNER,0.0,R,KGS,2026-08-20,Dec-2019  (R),gemstrategy_data/raw/import/71011020/71011020_2019_12.html
import,2019-12-01,2019,12,December,71011020,Natural Pearls,Natural (real) pearls - worked,GERMANY,PARTNER,0.0,R,KGS,2026-08-20,Dec-2019  (R),gemstrategy_data/raw/import/71011020/71011020_2019_12.html
import,2019-12-01,2019,12,December,71011020,Natural Pearls,Natural (real) pearls - worked,HONG KONG,PARTNER,0.0,R,KGS,2026-08-20,Dec-2019  (R),gemstrategy_data/raw/import/71011020/71011020_2019_12.html
import,2019-12-01,2019,12,December,71011020,Natural Pearls,Natural (real) pearls - worked,INDONESIA,PARTNER,0.0,R,KGS,2026-08-20,Dec-2019  (R),gemstrategy_data/raw/import/71011020/71011020_2019_12.html
import,2019-12-01,2019,12,December,71011020,Natural Pearls,Natural (real) pearls - worked,ITALY,PARTNER,0.0,R,KGS,2026-08-20,Dec-2019  (R),gemstrategy_data/raw/import/71011020/71011020_2019_12.html
import,2019-12-01,2019,12,December,71011020,Natural Pearls,Natural (real) pearls - worked,JAPAN,PARTNER,0.0,R,KGS,2026-08-20,Dec-2019  (R),gemstrategy_data/raw/import/71011020/71011020_2019_12.html
import,2019-12-01,2019,12,December,71011020,Natural Pearls,Natural (real) pearls - worked,SINGAPORE,PARTNER,0.0,R,KGS,2026-08-20,Dec-2019  (R),gemstrategy_data/raw/import/71011020/71011020_2019_12.html
import,2019-12-01,2019,12,December,71011020,Natural Pearls,Natural (real) pearls - worked,SWITZERLAND,PARTNER,0.0,R,KGS,2026-08-20,Dec-2019  (R),gemstrategy_data/raw/import/71011020/71011020_2019_12.html
import,2019-12-01,2019,12,December,71011020,Natural Pearls,Natural (real) pearls - worked,THAILAND,PARTNER,0.0,R,KGS,2026-08-20,Dec-2019  (R),gemstrategy_data/raw/import/71011020/71011020_2019_12.html
import,2019-12-01,2019,12,December,71011020,Natural Pearls,Natural (real) pearls - worked,U ARAB EMTS,PARTNER,0.0,R,KGS,2026-08-20,Dec-2019  (R),gemstrategy_data/raw/import/71011020/71011020_2019_12.html
import,2019-12-01,2019,12,December,71011020,Natural Pearls,Natural (real) pearls - worked,U K,PARTNER,0.0,R,KGS,2026-08-20,Dec-2019  (R),gemstrategy_data/raw/import/71011020/71011020_2019_12.html
import,2019-12-01,2019,12,December,71011020,Natural Pearls,Natural (real) pearls - worked,U S A,PARTNER,0.0,R,KGS,2026-08-20,Dec-2019  (R),gemstrategy_data/raw/import/71011020/71011020_2019_12.html
import,2019-12-01,2019,12,December,71011020,Natural Pearls,Natural (real) pearls - worked,Total,TOTAL,0.0,R,KGS,2026-08-20,Dec-2019  (R),gemstrategy_data/raw/import/71011020/71011020_2019_12.html
import,2019-12-01,2019,12,December,71012100,Cultured Pearls,Cultured pearls - unworked,CANADA,PARTNER,0.0,R,KGS,2026-08-20,Dec-2019  (R),gemstrategy_data/raw/import/71012100/71012100_2019_12.html
import,2019-12-01,2019,12,December,71012100,Cultured Pearls,Cultured pearls - unworked,CHINA P RP,PARTNER,0.14,R,KGS,2026-08-20,Dec-2019  (R),gemstrategy_data/raw/import/71012100/71012100_2019_12.html
import,2019-12-01,2019,12,December,71012100,Cultured Pearls,Cultured pearls - unworked,GERMANY,PARTNER,0.0,R,KGS,2026-08-20,Dec-2019  (R),gemstrategy_data/raw/import/71012100/71012100_2019_12.html
import,2019-12-01,2019,12,December,71012100,Cultured Pearls,Cultured pearls - unworked,HONG KONG,PARTNER,0.15,R,KGS,2026-08-20,Dec-2019  (R),gemstrategy_data/raw/import/71012100/71012100_2019_12.html
import,2019-12-01,2019,12,December,71012100,Cultured Pearls,Cultured pearls - unworked,INDONESIA,PARTNER,0.0,R,KGS,2026-08-20,Dec-2019  (R),gemstrategy_data/raw/import/71012100/71012100_2019_12.html
import,2019-12-01,2019,12,December,71012100,Cultured Pearls,Cultured pearls - unworked,ITALY,PARTNER,0.0,R,KGS,2026-08-20,Dec-2019  (R),gemstrategy_data/raw/import/71012100/71012100_2019_12.html
import,2019-12-01,2019,12,December,71012100,Cultured Pearls,Cultured pearls - unworked,JAPAN,PARTNER,0.0,R,KGS,2026-08-20,Dec-2019  (R),gemstrategy_data/raw/import/71012100/71012100_2019_12.html
import,2019-12-01,2019,12,December,71012100,Cultured Pearls,Cultured pearls - unworked,KOREA RP,PARTNER,0.0,R,KGS,2026-08-20,Dec-2019  (R),gemstrategy_data/raw/import/71012100/71012100_2019_12.html
import,2019-12-01,2019,12,December,71012100,Cultured Pearls,Cultured pearls - unworked,MEXICO,PARTNER,0.0,R,KGS,2026-08-20,Dec-2019  (R),gemstrategy_data/raw/import/71012100/71012100_2019_12.html
import,2019-12-01,2019,12,December,71012100,Cultured Pearls,Cultured pearls - unworked,SINGAPORE,PARTNER,0.0,R,KGS,2026-08-20,Dec-2019  (R),gemstrategy_data/raw/import/71012100/71012100_2019_12.html
import,2019-12-01,2019,12,December,71012100,Cultured Pearls,Cultured pearls - unworked,SPAIN,PARTNER,0.0,R,KGS,2026-08-20,Dec-2019  (R),gemstrategy_data/raw/import/71012100/71012100_2019_12.html
import,2019-12-01,2019,12,December,71012100,Cultured Pearls,Cultured pearls - unworked,THAILAND,PARTNER,0.0,R,KGS,2026-08-20,Dec-2019  (R),gemstrategy_data/raw/import/71012100/71012100_2019_12.html
import,2019-12-01,2019,12,December,71012100,Cultured Pearls,Cultured pearls - unworked,U ARAB EMTS,PARTNER,0.0,R,KGS,2026-08-20,Dec-2019  (R),gemstrategy_data/raw/import/71012100/71012100_2019_12.html
import,2019-12-01,2019,12,December,71012100,Cultured Pearls,Cultured pearls - unworked,U S A,PARTNER,0.0,R,KGS,2026-08-20,Dec-2019  (R),gemstrategy_data/raw/import/71012100/71012100_2019_12.html
import,2019-12-01,2019,12,December,71012100,Cultured Pearls,Cultured pearls - unworked,Total,TOTAL,0.28,R,KGS,2026-08-20,Dec-2019  (R),gemstrategy_data/raw/import/71012100/71012100_2019_12.html
import,2019-12-01,2019,12,December,71012200,Cultured Pearls,Cultured pearls - worked,AUSTRALIA,PARTNER,0.0,R,KGS,2026-08-20,Dec-2019  (R),gemstrategy_data/raw/import/71012200/71012200_2019_12.html
import,2019-12-01,2019,12,December,71012200,Cultured Pearls,Cultured pearls - worked,CANADA,PARTNER,0.0,R,KGS,2026-08-20,Dec-2019  (R),gemstrategy_data/raw/import/71012200/71012200_2019_12.html
import,2019-12-01,2019,12,December,71012200,Cultured Pearls,Cultured pearls - worked,CHINA P RP,PARTNER,0.05,R,KGS,2026-08-20,Dec-2019  (R),gemstrategy_data/raw/import/71012200/71012200_2019_12.html
import,2019-12-01,2019,12,December,71012200,Cultured Pearls,Cultured pearls - worked,FRANCE,PARTNER,0.0,R,KGS,2026-08-20,Dec-2019  (R),gemstrategy_data/raw/import/71012200/71012200_2019_12.html
import,2019-12-01,2019,12,December,71012200,Cultured Pearls,Cultured pearls - worked,GERMANY,PARTNER,0.0,R,KGS,2026-08-20,Dec-2019  (R),gemstrategy_data/raw/import/71012200/71012200_2019_12.html
import,2019-12-01,2019,12,December,71012200,Cultured Pearls,Cultured pearls - worked,HONG KONG,PARTNER,0.67,R,KGS,2026-08-20,Dec-2019  (R),gemstrategy_data/raw/import/71012200/71012200_2019_12.html
import,2019-12-01,2019,12,December,71012200,Cultured Pearls,Cultured pearls - worked,INDONESIA,PARTNER,0.0,R,KGS,2026-08-20,Dec-2019  (R),gemstrategy_data/raw/import/71012200/71012200_2019_12.html
import,2019-12-01,2019,12,December,71012200,Cultured Pearls,Cultured pearls - worked,ITALY,PARTNER,0.0,R,KGS,2026-08-20,Dec-2019  (R),gemstrategy_data/raw/import/71012200/71012200_2019_12.html
import,2019-12-01,2019,12,December,71012200,Cultured Pearls,Cultured pearls - worked,JAPAN,PARTNER,0.07,R,KGS,2026-08-20,Dec-2019  (R),gemstrategy_data/raw/import/71012200/71012200_2019_12.html
import,2019-12-01,2019,12,December,71012200,Cultured Pearls,Cultured pearls - worked,KOREA RP,PARTNER,0.01,R,KGS,2026-08-20,Dec-2019  (R),gemstrategy_data/raw/import/71012200/71012200_2019_12.html
import,2019-12-01,2019,12,December,71012200,Cultured Pearls,Cultured pearls - worked,SPAIN,PARTNER,0.0,R,KGS,2026-08-20,Dec-2019  (R),gemstrategy_data/raw/import/71012200/71012200_2019_12.html
import,2019-12-01,2019,12,December,71012200,Cultured Pearls,Cultured pearls - worked,SRI LANKA DSR,PARTNER,0.0,R,KGS,2026-08-20,Dec-2019  (R),gemstrategy_data/raw/import/71012200/71012200_2019_12.html
import,2019-12-01,2019,12,December,71012200,Cultured Pearls,Cultured pearls - worked,SWITZERLAND,PARTNER,0.0,R,KGS,2026-08-20,Dec-2019  (R),gemstrategy_data/raw/import/71012200/71012200_2019_12.html
import,2019-12-01,2019,12,December,71012200,Cultured Pearls,Cultured pearls - worked,THAILAND,PARTNER,0.0,R,KGS,2026-08-20,Dec-2019  (R),gemstrategy_data/raw/import/71012200/71012200_2019_12.html
import,2019-12-01,2019,12,December,71012200,Cultured Pearls,Cultured pearls - worked,U ARAB EMTS,PARTNER,0.0,R,KGS,2026-08-20,Dec-2019  (R),gemstrategy_data/raw/import/71012200/71012200_2019_12.html
import,2019-12-01,2019,12,December,71012200,Cultured Pearls,Cultured pearls - worked,U S A,PARTNER,0.01,R,KGS,2026-08-20,Dec-2019  (R),gemstrategy_data/raw/import/71012200/71012200_2019_12.html
import,2019-12-01,2019,12,December,71012200,Cultured Pearls,Cultured pearls - worked,Total,TOTAL,0.81,R,KGS,2026-08-20,Dec-2019  (R),gemstrategy_data/raw/import/71012200/71012200_2019_12.html
import,2020-01-01,2020,1,January,71011010,Natural Pearls,Natural (real) pearls - unworked,BAHARAIN IS,PARTNER,0.0,R,KGS,2026-08-20,Jan-2020  (R),gemstrategy_data/raw/import/71011010/71011010_2020_01.html
import,2020-01-01,2020,1,January,71011010,Natural Pearls,Natural (real) pearls - unworked,CHINA P RP,PARTNER,0.0,R,KGS,2026-08-20,Jan-2020  (R),gemstrategy_data/raw/import/71011010/71011010_2020_01.html
import,2020-01-01,2020,1,January,71011010,Natural Pearls,Natural (real) pearls - unworked,HONG KONG,PARTNER,0.0,R,KGS,2026-08-20,Jan-2020  (R),gemstrategy_data/raw/import/71011010/71011010_2020_01.html
import,2020-01-01,2020,1,January,71011010,Natural Pearls,Natural (real) pearls - unworked,INDONESIA,PARTNER,0.0,R,KGS,2026-08-20,Jan-2020  (R),gemstrategy_data/raw/import/71011010/71011010_2020_01.html
import,2020-01-01,2020,1,January,71011010,Natural Pearls,Natural (real) pearls - unworked,ITALY,PARTNER,0.0,R,KGS,2026-08-20,Jan-2020  (R),gemstrategy_data/raw/import/71011010/71011010_2020_01.html
import,2020-01-01,2020,1,January,71011010,Natural Pearls,Natural (real) pearls - unworked,JAPAN,PARTNER,0.01,R,KGS,2026-08-20,Jan-2020  (R),gemstrategy_data/raw/import/71011010/71011010_2020_01.html
import,2020-01-01,2020,1,January,71011010,Natural Pearls,Natural (real) pearls - unworked,KOREA RP,PARTNER,0.0,R,KGS,2026-08-20,Jan-2020  (R),gemstrategy_data/raw/import/71011010/71011010_2020_01.html
import,2020-01-01,2020,1,January,71011010,Natural Pearls,Natural (real) pearls - unworked,SINGAPORE,PARTNER,0.0,R,KGS,2026-08-20,Jan-2020  (R),gemstrategy_data/raw/import/71011010/71011010_2020_01.html
import,2020-01-01,2020,1,January,71011010,Natural Pearls,Natural (real) pearls - unworked,SWITZERLAND,PARTNER,0.0,R,KGS,2026-08-20,Jan-2020  (R),gemstrategy_data/raw/import/71011010/71011010_2020_01.html
import,2020-01-01,2020,1,January,71011010,Natural Pearls,Natural (real) pearls - unworked,THAILAND,PARTNER,0.0,R,KGS,2026-08-20,Jan-2020  (R),gemstrategy_data/raw/import/71011010/71011010_2020_01.html
import,2020-01-01,2020,1,January,71011010,Natural Pearls,Natural (real) pearls - unworked,U ARAB EMTS,PARTNER,0.0,R,KGS,2026-08-20,Jan-2020  (R),gemstrategy_data/raw/import/71011010/71011010_2020_01.html
import,2020-01-01,2020,1,January,71011010,Natural Pearls,Natural (real) pearls - unworked,U S A,PARTNER,0.0,R,KGS,2026-08-20,Jan-2020  (R),gemstrategy_data/raw/import/71011010/71011010_2020_01.html
import,2020-01-01,2020,1,January,71011010,Natural Pearls,Natural (real) pearls - unworked,Total,TOTAL,0.01,R,KGS,2026-08-20,Jan-2020  (R),gemstrategy_data/raw/import/71011010/71011010_2020_01.html
import,2020-01-01,2020,1,January,71011020,Natural Pearls,Natural (real) pearls - worked,BAHARAIN IS,PARTNER,0.0,R,KGS,2026-08-20,Jan-2020  (R),gemstrategy_data/raw/import/71011020/71011020_2020_01.html
import,2020-01-01,2020,1,January,71011020,Natural Pearls,Natural (real) pearls - worked,GERMANY,PARTNER,0.0,R,KGS,2026-08-20,Jan-2020  (R),gemstrategy_data/raw/import/71011020/71011020_2020_01.html
import,2020-01-01,2020,1,January,71011020,Natural Pearls,Natural (real) pearls - worked,HONG KONG,PARTNER,0.0,R,KGS,2026-08-20,Jan-2020  (R),gemstrategy_data/raw/import/71011020/71011020_2020_01.html
import,2020-01-01,2020,1,January,71011020,Natural Pearls,Natural (real) pearls - worked,INDONESIA,PARTNER,0.0,R,KGS,2026-08-20,Jan-2020  (R),gemstrategy_data/raw/import/71011020/71011020_2020_01.html
import,2020-01-01,2020,1,January,71011020,Natural Pearls,Natural (real) pearls - worked,ITALY,PARTNER,0.0,R,KGS,2026-08-20,Jan-2020  (R),gemstrategy_data/raw/import/71011020/71011020_2020_01.html
import,2020-01-01,2020,1,January,71011020,Natural Pearls,Natural (real) pearls - worked,JAPAN,PARTNER,0.0,R,KGS,2026-08-20,Jan-2020  (R),gemstrategy_data/raw/import/71011020/71011020_2020_01.html
import,2020-01-01,2020,1,January,71011020,Natural Pearls,Natural (real) pearls - worked,SINGAPORE,PARTNER,0.0,R,KGS,2026-08-20,Jan-2020  (R),gemstrategy_data/raw/import/71011020/71011020_2020_01.html
import,2020-01-01,2020,1,January,71011020,Natural Pearls,Natural (real) pearls - worked,SWITZERLAND,PARTNER,0.0,R,KGS,2026-08-20,Jan-2020  (R),gemstrategy_data/raw/import/71011020/71011020_2020_01.html
import,2020-01-01,2020,1,January,71011020,Natural Pearls,Natural (real) pearls - worked,THAILAND,PARTNER,0.0,R,KGS,2026-08-20,Jan-2020  (R),gemstrategy_data/raw/import/71011020/71011020_2020_01.html
import,2020-01-01,2020,1,January,71011020,Natural Pearls,Natural (real) pearls - worked,U ARAB EMTS,PARTNER,0.0,R,KGS,2026-08-20,Jan-2020  (R),gemstrategy_data/raw/import/71011020/71011020_2020_01.html
import,2020-01-01,2020,1,January,71011020,Natural Pearls,Natural (real) pearls - worked,U K,PARTNER,0.0,R,KGS,2026-08-20,Jan-2020  (R),gemstrategy_data/raw/import/71011020/71011020_2020_01.html
import,2020-01-01,2020,1,January,71011020,Natural Pearls,Natural (real) pearls - worked,U S A,PARTNER,0.0,R,KGS,2026-08-20,Jan-2020  (R),gemstrategy_data/raw/import/71011020/71011020_2020_01.html
import,2020-01-01,2020,1,January,71011020,Natural Pearls,Natural (real) pearls - worked,Total,TOTAL,0.0,R,KGS,2026-08-20,Jan-2020  (R),gemstrategy_data/raw/import/71011020/71011020_2020_01.html
import,2020-01-01,2020,1,January,71012100,Cultured Pearls,Cultured pearls - unworked,CANADA,PARTNER,0.0,R,KGS,2026-08-20,Jan-2020  (R),gemstrategy_data/raw/import/71012100/71012100_2020_01.html
import,2020-01-01,2020,1,January,71012100,Cultured Pearls,Cultured pearls - unworked,CHINA P RP,PARTNER,0.1,R,KGS,2026-08-20,Jan-2020  (R),gemstrategy_data/raw/import/71012100/71012100_2020_01.html
import,2020-01-01,2020,1,January,71012100,Cultured Pearls,Cultured pearls - unworked,GERMANY,PARTNER,0.0,R,KGS,2026-08-20,Jan-2020  (R),gemstrategy_data/raw/import/71012100/71012100_2020_01.html
import,2020-01-01,2020,1,January,71012100,Cultured Pearls,Cultured pearls - unworked,HONG KONG,PARTNER,0.03,R,KGS,2026-08-20,Jan-2020  (R),gemstrategy_data/raw/import/71012100/71012100_2020_01.html
import,2020-01-01,2020,1,January,71012100,Cultured Pearls,Cultured pearls - unworked,INDONESIA,PARTNER,0.0,R,KGS,2026-08-20,Jan-2020  (R),gemstrategy_data/raw/import/71012100/71012100_2020_01.html
import,2020-01-01,2020,1,January,71012100,Cultured Pearls,Cultured pearls - unworked,ITALY,PARTNER,0.0,R,KGS,2026-08-20,Jan-2020  (R),gemstrategy_data/raw/import/71012100/71012100_2020_01.html
import,2020-01-01,2020,1,January,71012100,Cultured Pearls,Cultured pearls - unworked,JAPAN,PARTNER,0.0,R,KGS,2026-08-20,Jan-2020  (R),gemstrategy_data/raw/import/71012100/71012100_2020_01.html
import,2020-01-01,2020,1,January,71012100,Cultured Pearls,Cultured pearls - unworked,KOREA RP,PARTNER,0.0,R,KGS,2026-08-20,Jan-2020  (R),gemstrategy_data/raw/import/71012100/71012100_2020_01.html
import,2020-01-01,2020,1,January,71012100,Cultured Pearls,Cultured pearls - unworked,MEXICO,PARTNER,0.0,R,KGS,2026-08-20,Jan-2020  (R),gemstrategy_data/raw/import/71012100/71012100_2020_01.html
import,2020-01-01,2020,1,January,71012100,Cultured Pearls,Cultured pearls - unworked,SINGAPORE,PARTNER,0.0,R,KGS,2026-08-20,Jan-2020  (R),gemstrategy_data/raw/import/71012100/71012100_2020_01.html
import,2020-01-01,2020,1,January,71012100,Cultured Pearls,Cultured pearls - unworked,SPAIN,PARTNER,0.0,R,KGS,2026-08-20,Jan-2020  (R),gemstrategy_data/raw/import/71012100/71012100_2020_01.html
import,2020-01-01,2020,1,January,71012100,Cultured Pearls,Cultured pearls - unworked,THAILAND,PARTNER,0.0,R,KGS,2026-08-20,Jan-2020  (R),gemstrategy_data/raw/import/71012100/71012100_2020_01.html
import,2020-01-01,2020,1,January,71012100,Cultured Pearls,Cultured pearls - unworked,U ARAB EMTS,PARTNER,0.0,R,KGS,2026-08-20,Jan-2020  (R),gemstrategy_data/raw/import/71012100/71012100_2020_01.html
import,2020-01-01,2020,1,January,71012100,Cultured Pearls,Cultured pearls - unworked,U S A,PARTNER,0.0,R,KGS,2026-08-20,Jan-2020  (R),gemstrategy_data/raw/import/71012100/71012100_2020_01.html
import,2020-01-01,2020,1,January,71012100,Cultured Pearls,Cultured pearls - unworked,Total,TOTAL,0.13,R,KGS,2026-08-20,Jan-2020  (R),gemstrategy_data/raw/import/71012100/71012100_2020_01.html
import,2020-01-01,2020,1,January,71012200,Cultured Pearls,Cultured pearls - worked,AUSTRALIA,PARTNER,0.0,R,KGS,2026-08-20,Jan-2020  (R),gemstrategy_data/raw/import/71012200/71012200_2020_01.html
import,2020-01-01,2020,1,January,71012200,Cultured Pearls,Cultured pearls - worked,CANADA,PARTNER,0.0,R,KGS,2026-08-20,Jan-2020  (R),gemstrategy_data/raw/import/71012200/71012200_2020_01.html
import,2020-01-01,2020,1,January,71012200,Cultured Pearls,Cultured pearls - worked,CHINA P RP,PARTNER,0.15,R,KGS,2026-08-20,Jan-2020  (R),gemstrategy_data/raw/import/71012200/71012200_2020_01.html
import,2020-01-01,2020,1,January,71012200,Cultured Pearls,Cultured pearls - worked,FRANCE,PARTNER,0.03,R,KGS,2026-08-20,Jan-2020  (R),gemstrategy_data/raw/import/71012200/71012200_2020_01.html
import,2020-01-01,2020,1,January,71012200,Cultured Pearls,Cultured pearls - worked,GERMANY,PARTNER,0.0,R,KGS,2026-08-20,Jan-2020  (R),gemstrategy_data/raw/import/71012200/71012200_2020_01.html
import,2020-01-01,2020,1,January,71012200,Cultured Pearls,Cultured pearls - worked,HONG KONG,PARTNER,0.39,R,KGS,2026-08-20,Jan-2020  (R),gemstrategy_data/raw/import/71012200/71012200_2020_01.html
import,2020-01-01,2020,1,January,71012200,Cultured Pearls,Cultured pearls - worked,INDONESIA,PARTNER,0.0,R,KGS,2026-08-20,Jan-2020  (R),gemstrategy_data/raw/import/71012200/71012200_2020_01.html
import,2020-01-01,2020,1,January,71012200,Cultured Pearls,Cultured pearls - worked,ITALY,PARTNER,0.0,R,KGS,2026-08-20,Jan-2020  (R),gemstrategy_data/raw/import/71012200/71012200_2020_01.html
import,2020-01-01,2020,1,January,71012200,Cultured Pearls,Cultured pearls - worked,JAPAN,PARTNER,0.0,R,KGS,2026-08-20,Jan-2020  (R),gemstrategy_data/raw/import/71012200/71012200_2020_01.html
import,2020-01-01,2020,1,January,71012200,Cultured Pearls,Cultured pearls - worked,KOREA RP,PARTNER,0.0,R,KGS,2026-08-20,Jan-2020  (R),gemstrategy_data/raw/import/71012200/71012200_2020_01.html
import,2020-01-01,2020,1,January,71012200,Cultured Pearls,Cultured pearls - worked,SPAIN,PARTNER,0.0,R,KGS,2026-08-20,Jan-2020  (R),gemstrategy_data/raw/import/71012200/71012200_2020_01.html
import,2020-01-01,2020,1,January,71012200,Cultured Pearls,Cultured pearls - worked,SRI LANKA DSR,PARTNER,0.0,R,KGS,2026-08-20,Jan-2020  (R),gemstrategy_data/raw/import/71012200/71012200_2020_01.html
import,2020-01-01,2020,1,January,71012200,Cultured Pearls,Cultured pearls - worked,SWITZERLAND,PARTNER,0.0,R,KGS,2026-08-20,Jan-2020  (R),gemstrategy_data/raw/import/71012200/71012200_2020_01.html
import,2020-01-01,2020,1,January,71012200,Cultured Pearls,Cultured pearls - worked,THAILAND,PARTNER,0.0,R,KGS,2026-08-20,Jan-2020  (R),gemstrategy_data/raw/import/71012200/71012200_2020_01.html
import,2020-01-01,2020,1,January,71012200,Cultured Pearls,Cultured pearls - worked,U ARAB EMTS,PARTNER,0.0,R,KGS,2026-08-20,Jan-2020  (R),gemstrategy_data/raw/import/71012200/71012200_2020_01.html
import,2020-01-01,2020,1,January,71012200,Cultured Pearls,Cultured pearls - worked,U S A,PARTNER,0.0,R,KGS,2026-08-20,Jan-2020  (R),gemstrategy_data/raw/import/71012200/71012200_2020_01.html
import,2020-01-01,2020,1,January,71012200,Cultured Pearls,Cultured pearls - worked,Total,TOTAL,0.57,R,KGS,2026-08-20,Jan-2020  (R),gemstrategy_data/raw/import/71012200/71012200_2020_01.html
import,2020-02-01,2020,2,February,71011010,Natural Pearls,Natural (real) pearls - unworked,BAHARAIN IS,PARTNER,0.0,R,KGS,2026-08-20,Feb-2020  (R),gemstrategy_data/raw/import/71011010/71011010_2020_02.html
import,2020-02-01,2020,2,February,71011010,Natural Pearls,Natural (real) pearls - unworked,CHINA P RP,PARTNER,0.0,R,KGS,2026-08-20,Feb-2020  (R),gemstrategy_data/raw/import/71011010/71011010_2020_02.html
import,2020-02-01,2020,2,February,71011010,Natural Pearls,Natural (real) pearls - unworked,HONG KONG,PARTNER,0.0,R,KGS,2026-08-20,Feb-2020  (R),gemstrategy_data/raw/import/71011010/71011010_2020_02.html
import,2020-02-01,2020,2,February,71011010,Natural Pearls,Natural (real) pearls - unworked,INDONESIA,PARTNER,0.0,R,KGS,2026-08-20,Feb-2020  (R),gemstrategy_data/raw/import/71011010/71011010_2020_02.html
import,2020-02-01,2020,2,February,71011010,Natural Pearls,Natural (real) pearls - unworked,ITALY,PARTNER,0.0,R,KGS,2026-08-20,Feb-2020  (R),gemstrategy_data/raw/import/71011010/71011010_2020_02.html
import,2020-02-01,2020,2,February,71011010,Natural Pearls,Natural (real) pearls - unworked,JAPAN,PARTNER,0.0,R,KGS,2026-08-20,Feb-2020  (R),gemstrategy_data/raw/import/71011010/71011010_2020_02.html
import,2020-02-01,2020,2,February,71011010,Natural Pearls,Natural (real) pearls - unworked,KOREA RP,PARTNER,0.0,R,KGS,2026-08-20,Feb-2020  (R),gemstrategy_data/raw/import/71011010/71011010_2020_02.html
import,2020-02-01,2020,2,February,71011010,Natural Pearls,Natural (real) pearls - unworked,SINGAPORE,PARTNER,0.0,R,KGS,2026-08-20,Feb-2020  (R),gemstrategy_data/raw/import/71011010/71011010_2020_02.html
import,2020-02-01,2020,2,February,71011010,Natural Pearls,Natural (real) pearls - unworked,SWITZERLAND,PARTNER,0.0,R,KGS,2026-08-20,Feb-2020  (R),gemstrategy_data/raw/import/71011010/71011010_2020_02.html
import,2020-02-01,2020,2,February,71011010,Natural Pearls,Natural (real) pearls - unworked,THAILAND,PARTNER,0.0,R,KGS,2026-08-20,Feb-2020  (R),gemstrategy_data/raw/import/71011010/71011010_2020_02.html
import,2020-02-01,2020,2,February,71011010,Natural Pearls,Natural (real) pearls - unworked,U ARAB EMTS,PARTNER,0.0,R,KGS,2026-08-20,Feb-2020  (R),gemstrategy_data/raw/import/71011010/71011010_2020_02.html
import,2020-02-01,2020,2,February,71011010,Natural Pearls,Natural (real) pearls - unworked,U S A,PARTNER,0.0,R,KGS,2026-08-20,Feb-2020  (R),gemstrategy_data/raw/import/71011010/71011010_2020_02.html
import,2020-02-01,2020,2,February,71011010,Natural Pearls,Natural (real) pearls - unworked,Total,TOTAL,0.0,R,KGS,2026-08-20,Feb-2020  (R),gemstrategy_data/raw/import/71011010/71011010_2020_02.html
import,2020-02-01,2020,2,February,71011020,Natural Pearls,Natural (real) pearls - worked,BAHARAIN IS,PARTNER,0.0,R,KGS,2026-08-20,Feb-2020  (R),gemstrategy_data/raw/import/71011020/71011020_2020_02.html
import,2020-02-01,2020,2,February,71011020,Natural Pearls,Natural (real) pearls - worked,GERMANY,PARTNER,0.0,R,KGS,2026-08-20,Feb-2020  (R),gemstrategy_data/raw/import/71011020/71011020_2020_02.html
import,2020-02-01,2020,2,February,71011020,Natural Pearls,Natural (real) pearls - worked,HONG KONG,PARTNER,0.03,R,KGS,2026-08-20,Feb-2020  (R),gemstrategy_data/raw/import/71011020/71011020_2020_02.html
import,2020-02-01,2020,2,February,71011020,Natural Pearls,Natural (real) pearls - worked,INDONESIA,PARTNER,0.0,R,KGS,2026-08-20,Feb-2020  (R),gemstrategy_data/raw/import/71011020/71011020_2020_02.html
import,2020-02-01,2020,2,February,71011020,Natural Pearls,Natural (real) pearls - worked,ITALY,PARTNER,0.0,R,KGS,2026-08-20,Feb-2020  (R),gemstrategy_data/raw/import/71011020/71011020_2020_02.html
import,2020-02-01,2020,2,February,71011020,Natural Pearls,Natural (real) pearls - worked,JAPAN,PARTNER,0.0,R,KGS,2026-08-20,Feb-2020  (R),gemstrategy_data/raw/import/71011020/71011020_2020_02.html
import,2020-02-01,2020,2,February,71011020,Natural Pearls,Natural (real) pearls - worked,SINGAPORE,PARTNER,0.0,R,KGS,2026-08-20,Feb-2020  (R),gemstrategy_data/raw/import/71011020/71011020_2020_02.html
import,2020-02-01,2020,2,February,71011020,Natural Pearls,Natural (real) pearls - worked,SWITZERLAND,PARTNER,0.0,R,KGS,2026-08-20,Feb-2020  (R),gemstrategy_data/raw/import/71011020/71011020_2020_02.html
import,2020-02-01,2020,2,February,71011020,Natural Pearls,Natural (real) pearls - worked,THAILAND,PARTNER,0.0,R,KGS,2026-08-20,Feb-2020  (R),gemstrategy_data/raw/import/71011020/71011020_2020_02.html
import,2020-02-01,2020,2,February,71011020,Natural Pearls,Natural (real) pearls - worked,U ARAB EMTS,PARTNER,0.0,R,KGS,2026-08-20,Feb-2020  (R),gemstrategy_data/raw/import/71011020/71011020_2020_02.html
import,2020-02-01,2020,2,February,71011020,Natural Pearls,Natural (real) pearls - worked,U K,PARTNER,0.0,R,KGS,2026-08-20,Feb-2020  (R),gemstrategy_data/raw/import/71011020/71011020_2020_02.html
import,2020-02-01,2020,2,February,71011020,Natural Pearls,Natural (real) pearls - worked,U S A,PARTNER,0.0,R,KGS,2026-08-20,Feb-2020  (R),gemstrategy_data/raw/import/71011020/71011020_2020_02.html
import,2020-02-01,2020,2,February,71011020,Natural Pearls,Natural (real) pearls - worked,Total,TOTAL,0.03,R,KGS,2026-08-20,Feb-2020  (R),gemstrategy_data/raw/import/71011020/71011020_2020_02.html
import,2020-02-01,2020,2,February,71012100,Cultured Pearls,Cultured pearls - unworked,CANADA,PARTNER,0.0,R,KGS,2026-08-20,Feb-2020  (R),gemstrategy_data/raw/import/71012100/71012100_2020_02.html
import,2020-02-01,2020,2,February,71012100,Cultured Pearls,Cultured pearls - unworked,CHINA P RP,PARTNER,0.29,R,KGS,2026-08-20,Feb-2020  (R),gemstrategy_data/raw/import/71012100/71012100_2020_02.html
import,2020-02-01,2020,2,February,71012100,Cultured Pearls,Cultured pearls - unworked,GERMANY,PARTNER,0.0,R,KGS,2026-08-20,Feb-2020  (R),gemstrategy_data/raw/import/71012100/71012100_2020_02.html
import,2020-02-01,2020,2,February,71012100,Cultured Pearls,Cultured pearls - unworked,HONG KONG,PARTNER,0.17,R,KGS,2026-08-20,Feb-2020  (R),gemstrategy_data/raw/import/71012100/71012100_2020_02.html
import,2020-02-01,2020,2,February,71012100,Cultured Pearls,Cultured pearls - unworked,INDONESIA,PARTNER,0.0,R,KGS,2026-08-20,Feb-2020  (R),gemstrategy_data/raw/import/71012100/71012100_2020_02.html
import,2020-02-01,2020,2,February,71012100,Cultured Pearls,Cultured pearls - unworked,ITALY,PARTNER,0.0,R,KGS,2026-08-20,Feb-2020  (R),gemstrategy_data/raw/import/71012100/71012100_2020_02.html
import,2020-02-01,2020,2,February,71012100,Cultured Pearls,Cultured pearls - unworked,JAPAN,PARTNER,0.0,R,KGS,2026-08-20,Feb-2020  (R),gemstrategy_data/raw/import/71012100/71012100_2020_02.html
import,2020-02-01,2020,2,February,71012100,Cultured Pearls,Cultured pearls - unworked,KOREA RP,PARTNER,0.0,R,KGS,2026-08-20,Feb-2020  (R),gemstrategy_data/raw/import/71012100/71012100_2020_02.html
import,2020-02-01,2020,2,February,71012100,Cultured Pearls,Cultured pearls - unworked,MEXICO,PARTNER,0.0,R,KGS,2026-08-20,Feb-2020  (R),gemstrategy_data/raw/import/71012100/71012100_2020_02.html
import,2020-02-01,2020,2,February,71012100,Cultured Pearls,Cultured pearls - unworked,SINGAPORE,PARTNER,0.0,R,KGS,2026-08-20,Feb-2020  (R),gemstrategy_data/raw/import/71012100/71012100_2020_02.html
import,2020-02-01,2020,2,February,71012100,Cultured Pearls,Cultured pearls - unworked,SPAIN,PARTNER,0.0,R,KGS,2026-08-20,Feb-2020  (R),gemstrategy_data/raw/import/71012100/71012100_2020_02.html
import,2020-02-01,2020,2,February,71012100,Cultured Pearls,Cultured pearls - unworked,THAILAND,PARTNER,0.0,R,KGS,2026-08-20,Feb-2020  (R),gemstrategy_data/raw/import/71012100/71012100_2020_02.html
import,2020-02-01,2020,2,February,71012100,Cultured Pearls,Cultured pearls - unworked,U ARAB EMTS,PARTNER,0.0,R,KGS,2026-08-20,Feb-2020  (R),gemstrategy_data/raw/import/71012100/71012100_2020_02.html
import,2020-02-01,2020,2,February,71012100,Cultured Pearls,Cultured pearls - unworked,U S A,PARTNER,0.01,R,KGS,2026-08-20,Feb-2020  (R),gemstrategy_data/raw/import/71012100/71012100_2020_02.html
import,2020-02-01,2020,2,February,71012100,Cultured Pearls,Cultured pearls - unworked,Total,TOTAL,0.47,R,KGS,2026-08-20,Feb-2020  (R),gemstrategy_data/raw/import/71012100/71012100_2020_02.html
import,2020-02-01,2020,2,February,71012200,Cultured Pearls,Cultured pearls - worked,AUSTRALIA,PARTNER,0.0,R,KGS,2026-08-20,Feb-2020  (R),gemstrategy_data/raw/import/71012200/71012200_2020_02.html
import,2020-02-01,2020,2,February,71012200,Cultured Pearls,Cultured pearls - worked,CANADA,PARTNER,0.0,R,KGS,2026-08-20,Feb-2020  (R),gemstrategy_data/raw/import/71012200/71012200_2020_02.html
import,2020-02-01,2020,2,February,71012200,Cultured Pearls,Cultured pearls - worked,CHINA P RP,PARTNER,0.09,R,KGS,2026-08-20,Feb-2020  (R),gemstrategy_data/raw/import/71012200/71012200_2020_02.html
import,2020-02-01,2020,2,February,71012200,Cultured Pearls,Cultured pearls - worked,FRANCE,PARTNER,0.0,R,KGS,2026-08-20,Feb-2020  (R),gemstrategy_data/raw/import/71012200/71012200_2020_02.html
import,2020-02-01,2020,2,February,71012200,Cultured Pearls,Cultured pearls - worked,GERMANY,PARTNER,0.0,R,KGS,2026-08-20,Feb-2020  (R),gemstrategy_data/raw/import/71012200/71012200_2020_02.html
import,2020-02-01,2020,2,February,71012200,Cultured Pearls,Cultured pearls - worked,HONG KONG,PARTNER,0.13,R,KGS,2026-08-20,Feb-2020  (R),gemstrategy_data/raw/import/71012200/71012200_2020_02.html
import,2020-02-01,2020,2,February,71012200,Cultured Pearls,Cultured pearls - worked,INDONESIA,PARTNER,0.0,R,KGS,2026-08-20,Feb-2020  (R),gemstrategy_data/raw/import/71012200/71012200_2020_02.html
import,2020-02-01,2020,2,February,71012200,Cultured Pearls,Cultured pearls - worked,ITALY,PARTNER,0.0,R,KGS,2026-08-20,Feb-2020  (R),gemstrategy_data/raw/import/71012200/71012200_2020_02.html
import,2020-02-01,2020,2,February,71012200,Cultured Pearls,Cultured pearls - worked,JAPAN,PARTNER,0.0,R,KGS,2026-08-20,Feb-2020  (R),gemstrategy_data/raw/import/71012200/71012200_2020_02.html
import,2020-02-01,2020,2,February,71012200,Cultured Pearls,Cultured pearls - worked,KOREA RP,PARTNER,0.0,R,KGS,2026-08-20,Feb-2020  (R),gemstrategy_data/raw/import/71012200/71012200_2020_02.html
import,2020-02-01,2020,2,February,71012200,Cultured Pearls,Cultured pearls - worked,SPAIN,PARTNER,0.0,R,KGS,2026-08-20,Feb-2020  (R),gemstrategy_data/raw/import/71012200/71012200_2020_02.html
import,2020-02-01,2020,2,February,71012200,Cultured Pearls,Cultured pearls - worked,SRI LANKA DSR,PARTNER,0.0,R,KGS,2026-08-20,Feb-2020  (R),gemstrategy_data/raw/import/71012200/71012200_2020_02.html
import,2020-02-01,2020,2,February,71012200,Cultured Pearls,Cultured pearls - worked,SWITZERLAND,PARTNER,0.0,R,KGS,2026-08-20,Feb-2020  (R),gemstrategy_data/raw/import/71012200/71012200_2020_02.html
import,2020-02-01,2020,2,February,71012200,Cultured Pearls,Cultured pearls - worked,THAILAND,PARTNER,0.01,R,KGS,2026-08-20,Feb-2020  (R),gemstrategy_data/raw/import/71012200/71012200_2020_02.html
import,2020-02-01,2020,2,February,71012200,Cultured Pearls,Cultured pearls - worked,U ARAB EMTS,PARTNER,0.0,R,KGS,2026-08-20,Feb-2020  (R),gemstrategy_data/raw/import/71012200/71012200_2020_02.html
import,2020-02-01,2020,2,February,71012200,Cultured Pearls,Cultured pearls - worked,U K,PARTNER,0.0,R,KGS,2026-08-20,Feb-2020  (R),gemstrategy_data/raw/import/71012200/71012200_2020_02.html
import,2020-02-01,2020,2,February,71012200,Cultured Pearls,Cultured pearls - worked,U S A,PARTNER,0.04,R,KGS,2026-08-20,Feb-2020  (R),gemstrategy_data/raw/import/71012200/71012200_2020_02.html
import,2020-02-01,2020,2,February,71012200,Cultured Pearls,Cultured pearls - worked,Total,TOTAL,0.27,R,KGS,2026-08-20,Feb-2020  (R),gemstrategy_data/raw/import/71012200/71012200_2020_02.html
import,2020-03-01,2020,3,March,71011010,Natural Pearls,Natural (real) pearls - unworked,BAHARAIN IS,PARTNER,0.0,R,KGS,2026-08-20,Mar-2020  (R),gemstrategy_data/raw/import/71011010/71011010_2020_03.html
import,2020-03-01,2020,3,March,71011010,Natural Pearls,Natural (real) pearls - unworked,CHINA P RP,PARTNER,0.0,R,KGS,2026-08-20,Mar-2020  (R),gemstrategy_data/raw/import/71011010/71011010_2020_03.html
import,2020-03-01,2020,3,March,71011010,Natural Pearls,Natural (real) pearls - unworked,HONG KONG,PARTNER,0.0,R,KGS,2026-08-20,Mar-2020  (R),gemstrategy_data/raw/import/71011010/71011010_2020_03.html
import,2020-03-01,2020,3,March,71011010,Natural Pearls,Natural (real) pearls - unworked,INDONESIA,PARTNER,0.0,R,KGS,2026-08-20,Mar-2020  (R),gemstrategy_data/raw/import/71011010/71011010_2020_03.html
import,2020-03-01,2020,3,March,71011010,Natural Pearls,Natural (real) pearls - unworked,ITALY,PARTNER,0.0,R,KGS,2026-08-20,Mar-2020  (R),gemstrategy_data/raw/import/71011010/71011010_2020_03.html
import,2020-03-01,2020,3,March,71011010,Natural Pearls,Natural (real) pearls - unworked,JAPAN,PARTNER,0.01,R,KGS,2026-08-20,Mar-2020  (R),gemstrategy_data/raw/import/71011010/71011010_2020_03.html
import,2020-03-01,2020,3,March,71011010,Natural Pearls,Natural (real) pearls - unworked,KOREA RP,PARTNER,0.0,R,KGS,2026-08-20,Mar-2020  (R),gemstrategy_data/raw/import/71011010/71011010_2020_03.html
import,2020-03-01,2020,3,March,71011010,Natural Pearls,Natural (real) pearls - unworked,SINGAPORE,PARTNER,0.0,R,KGS,2026-08-20,Mar-2020  (R),gemstrategy_data/raw/import/71011010/71011010_2020_03.html
import,2020-03-01,2020,3,March,71011010,Natural Pearls,Natural (real) pearls - unworked,SWITZERLAND,PARTNER,0.0,R,KGS,2026-08-20,Mar-2020  (R),gemstrategy_data/raw/import/71011010/71011010_2020_03.html
import,2020-03-01,2020,3,March,71011010,Natural Pearls,Natural (real) pearls - unworked,THAILAND,PARTNER,0.0,R,KGS,2026-08-20,Mar-2020  (R),gemstrategy_data/raw/import/71011010/71011010_2020_03.html
import,2020-03-01,2020,3,March,71011010,Natural Pearls,Natural (real) pearls - unworked,U ARAB EMTS,PARTNER,0.0,R,KGS,2026-08-20,Mar-2020  (R),gemstrategy_data/raw/import/71011010/71011010_2020_03.html
import,2020-03-01,2020,3,March,71011010,Natural Pearls,Natural (real) pearls - unworked,U S A,PARTNER,0.0,R,KGS,2026-08-20,Mar-2020  (R),gemstrategy_data/raw/import/71011010/71011010_2020_03.html
import,2020-03-01,2020,3,March,71011010,Natural Pearls,Natural (real) pearls - unworked,Total,TOTAL,0.01,R,KGS,2026-08-20,Mar-2020  (R),gemstrategy_data/raw/import/71011010/71011010_2020_03.html
import,2020-03-01,2020,3,March,71011020,Natural Pearls,Natural (real) pearls - worked,BAHARAIN IS,PARTNER,0.0,R,KGS,2026-08-20,Mar-2020  (R),gemstrategy_data/raw/import/71011020/71011020_2020_03.html
import,2020-03-01,2020,3,March,71011020,Natural Pearls,Natural (real) pearls - worked,GERMANY,PARTNER,0.0,R,KGS,2026-08-20,Mar-2020  (R),gemstrategy_data/raw/import/71011020/71011020_2020_03.html
import,2020-03-01,2020,3,March,71011020,Natural Pearls,Natural (real) pearls - worked,HONG KONG,PARTNER,0.05,R,KGS,2026-08-20,Mar-2020  (R),gemstrategy_data/raw/import/71011020/71011020_2020_03.html
import,2020-03-01,2020,3,March,71011020,Natural Pearls,Natural (real) pearls - worked,INDONESIA,PARTNER,0.0,R,KGS,2026-08-20,Mar-2020  (R),gemstrategy_data/raw/import/71011020/71011020_2020_03.html
import,2020-03-01,2020,3,March,71011020,Natural Pearls,Natural (real) pearls - worked,ITALY,PARTNER,0.0,R,KGS,2026-08-20,Mar-2020  (R),gemstrategy_data/raw/import/71011020/71011020_2020_03.html
import,2020-03-01,2020,3,March,71011020,Natural Pearls,Natural (real) pearls - worked,JAPAN,PARTNER,0.0,R,KGS,2026-08-20,Mar-2020  (R),gemstrategy_data/raw/import/71011020/71011020_2020_03.html
import,2020-03-01,2020,3,March,71011020,Natural Pearls,Natural (real) pearls - worked,QATAR,PARTNER,0.06,R,KGS,2026-08-20,Mar-2020  (R),gemstrategy_data/raw/import/71011020/71011020_2020_03.html
import,2020-03-01,2020,3,March,71011020,Natural Pearls,Natural (real) pearls - worked,SINGAPORE,PARTNER,0.0,R,KGS,2026-08-20,Mar-2020  (R),gemstrategy_data/raw/import/71011020/71011020_2020_03.html
import,2020-03-01,2020,3,March,71011020,Natural Pearls,Natural (real) pearls - worked,SWITZERLAND,PARTNER,0.0,R,KGS,2026-08-20,Mar-2020  (R),gemstrategy_data/raw/import/71011020/71011020_2020_03.html
import,2020-03-01,2020,3,March,71011020,Natural Pearls,Natural (real) pearls - worked,THAILAND,PARTNER,0.0,R,KGS,2026-08-20,Mar-2020  (R),gemstrategy_data/raw/import/71011020/71011020_2020_03.html
import,2020-03-01,2020,3,March,71011020,Natural Pearls,Natural (real) pearls - worked,U ARAB EMTS,PARTNER,0.0,R,KGS,2026-08-20,Mar-2020  (R),gemstrategy_data/raw/import/71011020/71011020_2020_03.html
import,2020-03-01,2020,3,March,71011020,Natural Pearls,Natural (real) pearls - worked,U K,PARTNER,0.0,R,KGS,2026-08-20,Mar-2020  (R),gemstrategy_data/raw/import/71011020/71011020_2020_03.html
import,2020-03-01,2020,3,March,71011020,Natural Pearls,Natural (real) pearls - worked,U S A,PARTNER,0.0,R,KGS,2026-08-20,Mar-2020  (R),gemstrategy_data/raw/import/71011020/71011020_2020_03.html
import,2020-03-01,2020,3,March,71011020,Natural Pearls,Natural (real) pearls - worked,Total,TOTAL,0.11,R,KGS,2026-08-20,Mar-2020  (R),gemstrategy_data/raw/import/71011020/71011020_2020_03.html
import,2020-03-01,2020,3,March,71012100,Cultured Pearls,Cultured pearls - unworked,CANADA,PARTNER,0.0,R,KGS,2026-08-20,Mar-2020  (R),gemstrategy_data/raw/import/71012100/71012100_2020_03.html
import,2020-03-01,2020,3,March,71012100,Cultured Pearls,Cultured pearls - unworked,CHINA P RP,PARTNER,0.27,R,KGS,2026-08-20,Mar-2020  (R),gemstrategy_data/raw/import/71012100/71012100_2020_03.html
import,2020-03-01,2020,3,March,71012100,Cultured Pearls,Cultured pearls - unworked,GERMANY,PARTNER,0.0,R,KGS,2026-08-20,Mar-2020  (R),gemstrategy_data/raw/import/71012100/71012100_2020_03.html
import,2020-03-01,2020,3,March,71012100,Cultured Pearls,Cultured pearls - unworked,HONG KONG,PARTNER,0.04,R,KGS,2026-08-20,Mar-2020  (R),gemstrategy_data/raw/import/71012100/71012100_2020_03.html
import,2020-03-01,2020,3,March,71012100,Cultured Pearls,Cultured pearls - unworked,INDONESIA,PARTNER,0.0,R,KGS,2026-08-20,Mar-2020  (R),gemstrategy_data/raw/import/71012100/71012100_2020_03.html
import,2020-03-01,2020,3,March,71012100,Cultured Pearls,Cultured pearls - unworked,ITALY,PARTNER,0.0,R,KGS,2026-08-20,Mar-2020  (R),gemstrategy_data/raw/import/71012100/71012100_2020_03.html
import,2020-03-01,2020,3,March,71012100,Cultured Pearls,Cultured pearls - unworked,JAPAN,PARTNER,0.0,R,KGS,2026-08-20,Mar-2020  (R),gemstrategy_data/raw/import/71012100/71012100_2020_03.html
import,2020-03-01,2020,3,March,71012100,Cultured Pearls,Cultured pearls - unworked,KOREA RP,PARTNER,0.0,R,KGS,2026-08-20,Mar-2020  (R),gemstrategy_data/raw/import/71012100/71012100_2020_03.html
import,2020-03-01,2020,3,March,71012100,Cultured Pearls,Cultured pearls - unworked,MEXICO,PARTNER,0.0,R,KGS,2026-08-20,Mar-2020  (R),gemstrategy_data/raw/import/71012100/71012100_2020_03.html
import,2020-03-01,2020,3,March,71012100,Cultured Pearls,Cultured pearls - unworked,SINGAPORE,PARTNER,0.0,R,KGS,2026-08-20,Mar-2020  (R),gemstrategy_data/raw/import/71012100/71012100_2020_03.html
import,2020-03-01,2020,3,March,71012100,Cultured Pearls,Cultured pearls - unworked,SPAIN,PARTNER,0.0,R,KGS,2026-08-20,Mar-2020  (R),gemstrategy_data/raw/import/71012100/71012100_2020_03.html
import,2020-03-01,2020,3,March,71012100,Cultured Pearls,Cultured pearls - unworked,THAILAND,PARTNER,0.02,R,KGS,2026-08-20,Mar-2020  (R),gemstrategy_data/raw/import/71012100/71012100_2020_03.html
import,2020-03-01,2020,3,March,71012100,Cultured Pearls,Cultured pearls - unworked,U ARAB EMTS,PARTNER,0.0,R,KGS,2026-08-20,Mar-2020  (R),gemstrategy_data/raw/import/71012100/71012100_2020_03.html
import,2020-03-01,2020,3,March,71012100,Cultured Pearls,Cultured pearls - unworked,U S A,PARTNER,0.0,R,KGS,2026-08-20,Mar-2020  (R),gemstrategy_data/raw/import/71012100/71012100_2020_03.html
import,2020-03-01,2020,3,March,71012100,Cultured Pearls,Cultured pearls - unworked,UNSPECIFIED,PARTNER,0.0,R,KGS,2026-08-20,Mar-2020  (R),gemstrategy_data/raw/import/71012100/71012100_2020_03.html
import,2020-03-01,2020,3,March,71012100,Cultured Pearls,Cultured pearls - unworked,Total,TOTAL,0.33,R,KGS,2026-08-20,Mar-2020  (R),gemstrategy_data/raw/import/71012100/71012100_2020_03.html
import,2020-03-01,2020,3,March,71012200,Cultured Pearls,Cultured pearls - worked,AUSTRALIA,PARTNER,0.0,R,KGS,2026-08-20,Mar-2020  (R),gemstrategy_data/raw/import/71012200/71012200_2020_03.html
import,2020-03-01,2020,3,March,71012200,Cultured Pearls,Cultured pearls - worked,BAHARAIN IS,PARTNER,0.0,R,KGS,2026-08-20,Mar-2020  (R),gemstrategy_data/raw/import/71012200/71012200_2020_03.html
import,2020-03-01,2020,3,March,71012200,Cultured Pearls,Cultured pearls - worked,CANADA,PARTNER,0.0,R,KGS,2026-08-20,Mar-2020  (R),gemstrategy_data/raw/import/71012200/71012200_2020_03.html
import,2020-03-01,2020,3,March,71012200,Cultured Pearls,Cultured pearls - worked,CHINA P RP,PARTNER,0.02,R,KGS,2026-08-20,Mar-2020  (R),gemstrategy_data/raw/import/71012200/71012200_2020_03.html
import,2020-03-01,2020,3,March,71012200,Cultured Pearls,Cultured pearls - worked,FRANCE,PARTNER,0.0,R,KGS,2026-08-20,Mar-2020  (R),gemstrategy_data/raw/import/71012200/71012200_2020_03.html
import,2020-03-01,2020,3,March,71012200,Cultured Pearls,Cultured pearls - worked,GERMANY,PARTNER,0.0,R,KGS,2026-08-20,Mar-2020  (R),gemstrategy_data/raw/import/71012200/71012200_2020_03.html
import,2020-03-01,2020,3,March,71012200,Cultured Pearls,Cultured pearls - worked,HONG KONG,PARTNER,0.56,R,KGS,2026-08-20,Mar-2020  (R),gemstrategy_data/raw/import/71012200/71012200_2020_03.html
import,2020-03-01,2020,3,March,71012200,Cultured Pearls,Cultured pearls - worked,INDONESIA,PARTNER,0.0,R,KGS,2026-08-20,Mar-2020  (R),gemstrategy_data/raw/import/71012200/71012200_2020_03.html
import,2020-03-01,2020,3,March,71012200,Cultured Pearls,Cultured pearls - worked,ITALY,PARTNER,0.0,R,KGS,2026-08-20,Mar-2020  (R),gemstrategy_data/raw/import/71012200/71012200_2020_03.html
import,2020-03-01,2020,3,March,71012200,Cultured Pearls,Cultured pearls - worked,JAPAN,PARTNER,0.0,R,KGS,2026-08-20,Mar-2020  (R),gemstrategy_data/raw/import/71012200/71012200_2020_03.html
import,2020-03-01,2020,3,March,71012200,Cultured Pearls,Cultured pearls - worked,KOREA RP,PARTNER,0.0,R,KGS,2026-08-20,Mar-2020  (R),gemstrategy_data/raw/import/71012200/71012200_2020_03.html
import,2020-03-01,2020,3,March,71012200,Cultured Pearls,Cultured pearls - worked,SPAIN,PARTNER,0.0,R,KGS,2026-08-20,Mar-2020  (R),gemstrategy_data/raw/import/71012200/71012200_2020_03.html
import,2020-03-01,2020,3,March,71012200,Cultured Pearls,Cultured pearls - worked,SRI LANKA DSR,PARTNER,0.0,R,KGS,2026-08-20,Mar-2020  (R),gemstrategy_data/raw/import/71012200/71012200_2020_03.html
import,2020-03-01,2020,3,March,71012200,Cultured Pearls,Cultured pearls - worked,SWITZERLAND,PARTNER,0.0,R,KGS,2026-08-20,Mar-2020  (R),gemstrategy_data/raw/import/71012200/71012200_2020_03.html
import,2020-03-01,2020,3,March,71012200,Cultured Pearls,Cultured pearls - worked,THAILAND,PARTNER,0.0,R,KGS,2026-08-20,Mar-2020  (R),gemstrategy_data/raw/import/71012200/71012200_2020_03.html
import,2020-03-01,2020,3,March,71012200,Cultured Pearls,Cultured pearls - worked,U ARAB EMTS,PARTNER,0.0,R,KGS,2026-08-20,Mar-2020  (R),gemstrategy_data/raw/import/71012200/71012200_2020_03.html
import,2020-03-01,2020,3,March,71012200,Cultured Pearls,Cultured pearls - worked,U K,PARTNER,0.0,R,KGS,2026-08-20,Mar-2020  (R),gemstrategy_data/raw/import/71012200/71012200_2020_03.html
import,2020-03-01,2020,3,March,71012200,Cultured Pearls,Cultured pearls - worked,U S A,PARTNER,0.0,R,KGS,2026-08-20,Mar-2020  (R),gemstrategy_data/raw/import/71012200/71012200_2020_03.html
import,2020-03-01,2020,3,March,71012200,Cultured Pearls,Cultured pearls - worked,Total,TOTAL,0.58,R,KGS,2026-08-20,Mar-2020  (R),gemstrategy_data/raw/import/71012200/71012200_2020_03.html
import,2020-04-01,2020,4,April,71011010,Natural Pearls,Natural (real) pearls - unworked,HONG KONG,PARTNER,0.0,R,KGS,2026-08-20,Apr-2020  (R),gemstrategy_data/raw/import/71011010/71011010_2020_04.html
import,2020-04-01,2020,4,April,71011010,Natural Pearls,Natural (real) pearls - unworked,JAPAN,PARTNER,0.0,R,KGS,2026-08-20,Apr-2020  (R),gemstrategy_data/raw/import/71011010/71011010_2020_04.html
import,2020-04-01,2020,4,April,71011010,Natural Pearls,Natural (real) pearls - unworked,Total,TOTAL,0.0,R,KGS,2026-08-20,Apr-2020  (R),gemstrategy_data/raw/import/71011010/71011010_2020_04.html
import,2020-04-01,2020,4,April,71011020,Natural Pearls,Natural (real) pearls - worked,SWITZERLAND,PARTNER,0.0,R,KGS,2026-08-20,Apr-2020  (R),gemstrategy_data/raw/import/71011020/71011020_2020_04.html
import,2020-04-01,2020,4,April,71011020,Natural Pearls,Natural (real) pearls - worked,U S A,PARTNER,0.0,R,KGS,2026-08-20,Apr-2020  (R),gemstrategy_data/raw/import/71011020/71011020_2020_04.html
import,2020-04-01,2020,4,April,71011020,Natural Pearls,Natural (real) pearls - worked,Total,TOTAL,0.0,R,KGS,2026-08-20,Apr-2020  (R),gemstrategy_data/raw/import/71011020/71011020_2020_04.html
import,2020-04-01,2020,4,April,71012100,Cultured Pearls,Cultured pearls - unworked,CHINA P RP,PARTNER,0.0,R,KGS,2026-08-20,Apr-2020  (R),gemstrategy_data/raw/import/71012100/71012100_2020_04.html
import,2020-04-01,2020,4,April,71012100,Cultured Pearls,Cultured pearls - unworked,HONG KONG,PARTNER,0.0,R,KGS,2026-08-20,Apr-2020  (R),gemstrategy_data/raw/import/71012100/71012100_2020_04.html
import,2020-04-01,2020,4,April,71012100,Cultured Pearls,Cultured pearls - unworked,JAPAN,PARTNER,0.0,R,KGS,2026-08-20,Apr-2020  (R),gemstrategy_data/raw/import/71012100/71012100_2020_04.html
import,2020-04-01,2020,4,April,71012100,Cultured Pearls,Cultured pearls - unworked,U S A,PARTNER,0.0,R,KGS,2026-08-20,Apr-2020  (R),gemstrategy_data/raw/import/71012100/71012100_2020_04.html
import,2020-04-01,2020,4,April,71012100,Cultured Pearls,Cultured pearls - unworked,Total,TOTAL,0.0,R,KGS,2026-08-20,Apr-2020  (R),gemstrategy_data/raw/import/71012100/71012100_2020_04.html
import,2020-04-01,2020,4,April,71012200,Cultured Pearls,Cultured pearls - worked,HONG KONG,PARTNER,0.0,R,KGS,2026-08-20,Apr-2020  (R),gemstrategy_data/raw/import/71012200/71012200_2020_04.html
import,2020-04-01,2020,4,April,71012200,Cultured Pearls,Cultured pearls - worked,SPAIN,PARTNER,0.0,R,KGS,2026-08-20,Apr-2020  (R),gemstrategy_data/raw/import/71012200/71012200_2020_04.html
import,2020-04-01,2020,4,April,71012200,Cultured Pearls,Cultured pearls - worked,U S A,PARTNER,0.0,R,KGS,2026-08-20,Apr-2020  (R),gemstrategy_data/raw/import/71012200/71012200_2020_04.html
import,2020-04-01,2020,4,April,71012200,Cultured Pearls,Cultured pearls - worked,Total,TOTAL,0.0,R,KGS,2026-08-20,Apr-2020  (R),gemstrategy_data/raw/import/71012200/71012200_2020_04.html
import,2020-05-01,2020,5,May,71011010,Natural Pearls,Natural (real) pearls - unworked,HONG KONG,PARTNER,0.0,R,KGS,2026-08-20,May-2020  (R),gemstrategy_data/raw/import/71011010/71011010_2020_05.html
import,2020-05-01,2020,5,May,71011010,Natural Pearls,Natural (real) pearls - unworked,INDONESIA,PARTNER,0.0,R,KGS,2026-08-20,May-2020  (R),gemstrategy_data/raw/import/71011010/71011010_2020_05.html
import,2020-05-01,2020,5,May,71011010,Natural Pearls,Natural (real) pearls - unworked,JAPAN,PARTNER,0.0,R,KGS,2026-08-20,May-2020  (R),gemstrategy_data/raw/import/71011010/71011010_2020_05.html
import,2020-05-01,2020,5,May,71011010,Natural Pearls,Natural (real) pearls - unworked,U S A,PARTNER,0.0,R,KGS,2026-08-20,May-2020  (R),gemstrategy_data/raw/import/71011010/71011010_2020_05.html
import,2020-05-01,2020,5,May,71011010,Natural Pearls,Natural (real) pearls - unworked,Total,TOTAL,0.0,R,KGS,2026-08-20,May-2020  (R),gemstrategy_data/raw/import/71011010/71011010_2020_05.html
import,2020-05-01,2020,5,May,71011020,Natural Pearls,Natural (real) pearls - worked,BAHARAIN IS,PARTNER,0.0,R,KGS,2026-08-20,May-2020  (R),gemstrategy_data/raw/import/71011020/71011020_2020_05.html
import,2020-05-01,2020,5,May,71011020,Natural Pearls,Natural (real) pearls - worked,HONG KONG,PARTNER,0.0,R,KGS,2026-08-20,May-2020  (R),gemstrategy_data/raw/import/71011020/71011020_2020_05.html
import,2020-05-01,2020,5,May,71011020,Natural Pearls,Natural (real) pearls - worked,JAPAN,PARTNER,0.0,R,KGS,2026-08-20,May-2020  (R),gemstrategy_data/raw/import/71011020/71011020_2020_05.html
import,2020-05-01,2020,5,May,71011020,Natural Pearls,Natural (real) pearls - worked,SWITZERLAND,PARTNER,0.0,R,KGS,2026-08-20,May-2020  (R),gemstrategy_data/raw/import/71011020/71011020_2020_05.html
import,2020-05-01,2020,5,May,71011020,Natural Pearls,Natural (real) pearls - worked,THAILAND,PARTNER,0.0,R,KGS,2026-08-20,May-2020  (R),gemstrategy_data/raw/import/71011020/71011020_2020_05.html
import,2020-05-01,2020,5,May,71011020,Natural Pearls,Natural (real) pearls - worked,U S A,PARTNER,0.0,R,KGS,2026-08-20,May-2020  (R),gemstrategy_data/raw/import/71011020/71011020_2020_05.html
import,2020-05-01,2020,5,May,71011020,Natural Pearls,Natural (real) pearls - worked,Total,TOTAL,0.0,R,KGS,2026-08-20,May-2020  (R),gemstrategy_data/raw/import/71011020/71011020_2020_05.html
import,2020-05-01,2020,5,May,71012100,Cultured Pearls,Cultured pearls - unworked,CHINA P RP,PARTNER,0.04,R,KGS,2026-08-20,May-2020  (R),gemstrategy_data/raw/import/71012100/71012100_2020_05.html
import,2020-05-01,2020,5,May,71012100,Cultured Pearls,Cultured pearls - unworked,HONG KONG,PARTNER,0.2,R,KGS,2026-08-20,May-2020  (R),gemstrategy_data/raw/import/71012100/71012100_2020_05.html
import,2020-05-01,2020,5,May,71012100,Cultured Pearls,Cultured pearls - unworked,JAPAN,PARTNER,0.02,R,KGS,2026-08-20,May-2020  (R),gemstrategy_data/raw/import/71012100/71012100_2020_05.html
import,2020-05-01,2020,5,May,71012100,Cultured Pearls,Cultured pearls - unworked,U S A,PARTNER,0.0,R,KGS,2026-08-20,May-2020  (R),gemstrategy_data/raw/import/71012100/71012100_2020_05.html
import,2020-05-01,2020,5,May,71012100,Cultured Pearls,Cultured pearls - unworked,Total,TOTAL,0.27,R,KGS,2026-08-20,May-2020  (R),gemstrategy_data/raw/import/71012100/71012100_2020_05.html
import,2020-05-01,2020,5,May,71012200,Cultured Pearls,Cultured pearls - worked,CHINA P RP,PARTNER,0.04,R,KGS,2026-08-20,May-2020  (R),gemstrategy_data/raw/import/71012200/71012200_2020_05.html
import,2020-05-01,2020,5,May,71012200,Cultured Pearls,Cultured pearls - worked,HONG KONG,PARTNER,0.03,R,KGS,2026-08-20,May-2020  (R),gemstrategy_data/raw/import/71012200/71012200_2020_05.html
import,2020-05-01,2020,5,May,71012200,Cultured Pearls,Cultured pearls - worked,JAPAN,PARTNER,0.04,R,KGS,2026-08-20,May-2020  (R),gemstrategy_data/raw/import/71012200/71012200_2020_05.html
import,2020-05-01,2020,5,May,71012200,Cultured Pearls,Cultured pearls - worked,SPAIN,PARTNER,0.0,R,KGS,2026-08-20,May-2020  (R),gemstrategy_data/raw/import/71012200/71012200_2020_05.html
import,2020-05-01,2020,5,May,71012200,Cultured Pearls,Cultured pearls - worked,SWITZERLAND,PARTNER,0.0,R,KGS,2026-08-20,May-2020  (R),gemstrategy_data/raw/import/71012200/71012200_2020_05.html
import,2020-05-01,2020,5,May,71012200,Cultured Pearls,Cultured pearls - worked,THAILAND,PARTNER,0.02,R,KGS,2026-08-20,May-2020  (R),gemstrategy_data/raw/import/71012200/71012200_2020_05.html
import,2020-05-01,2020,5,May,71012200,Cultured Pearls,Cultured pearls - worked,U S A,PARTNER,0.0,R,KGS,2026-08-20,May-2020  (R),gemstrategy_data/raw/import/71012200/71012200_2020_05.html
import,2020-05-01,2020,5,May,71012200,Cultured Pearls,Cultured pearls - worked,Total,TOTAL,0.13,R,KGS,2026-08-20,May-2020  (R),gemstrategy_data/raw/import/71012200/71012200_2020_05.html
import,2020-06-01,2020,6,June,71011010,Natural Pearls,Natural (real) pearls - unworked,GREECE,PARTNER,0.0,R,KGS,2026-08-20,Jun-2020  (R),gemstrategy_data/raw/import/71011010/71011010_2020_06.html
import,2020-06-01,2020,6,June,71011010,Natural Pearls,Natural (real) pearls - unworked,HONG KONG,PARTNER,0.0,R,KGS,2026-08-20,Jun-2020  (R),gemstrategy_data/raw/import/71011010/71011010_2020_06.html
import,2020-06-01,2020,6,June,71011010,Natural Pearls,Natural (real) pearls - unworked,INDONESIA,PARTNER,0.0,R,KGS,2026-08-20,Jun-2020  (R),gemstrategy_data/raw/import/71011010/71011010_2020_06.html
import,2020-06-01,2020,6,June,71011010,Natural Pearls,Natural (real) pearls - unworked,JAPAN,PARTNER,0.0,R,KGS,2026-08-20,Jun-2020  (R),gemstrategy_data/raw/import/71011010/71011010_2020_06.html
import,2020-06-01,2020,6,June,71011010,Natural Pearls,Natural (real) pearls - unworked,U S A,PARTNER,0.0,R,KGS,2026-08-20,Jun-2020  (R),gemstrategy_data/raw/import/71011010/71011010_2020_06.html
import,2020-06-01,2020,6,June,71011010,Natural Pearls,Natural (real) pearls - unworked,Total,TOTAL,0.0,R,KGS,2026-08-20,Jun-2020  (R),gemstrategy_data/raw/import/71011010/71011010_2020_06.html
import,2020-06-01,2020,6,June,71011020,Natural Pearls,Natural (real) pearls - worked,BAHARAIN IS,PARTNER,0.0,R,KGS,2026-08-20,Jun-2020  (R),gemstrategy_data/raw/import/71011020/71011020_2020_06.html
import,2020-06-01,2020,6,June,71011020,Natural Pearls,Natural (real) pearls - worked,CHINA P RP,PARTNER,0.0,R,KGS,2026-08-20,Jun-2020  (R),gemstrategy_data/raw/import/71011020/71011020_2020_06.html
import,2020-06-01,2020,6,June,71011020,Natural Pearls,Natural (real) pearls - worked,FRANCE,PARTNER,0.0,R,KGS,2026-08-20,Jun-2020  (R),gemstrategy_data/raw/import/71011020/71011020_2020_06.html
import,2020-06-01,2020,6,June,71011020,Natural Pearls,Natural (real) pearls - worked,HONG KONG,PARTNER,0.0,R,KGS,2026-08-20,Jun-2020  (R),gemstrategy_data/raw/import/71011020/71011020_2020_06.html
import,2020-06-01,2020,6,June,71011020,Natural Pearls,Natural (real) pearls - worked,JAPAN,PARTNER,0.0,R,KGS,2026-08-20,Jun-2020  (R),gemstrategy_data/raw/import/71011020/71011020_2020_06.html
import,2020-06-01,2020,6,June,71011020,Natural Pearls,Natural (real) pearls - worked,SWITZERLAND,PARTNER,0.0,R,KGS,2026-08-20,Jun-2020  (R),gemstrategy_data/raw/import/71011020/71011020_2020_06.html
import,2020-06-01,2020,6,June,71011020,Natural Pearls,Natural (real) pearls - worked,THAILAND,PARTNER,0.0,R,KGS,2026-08-20,Jun-2020  (R),gemstrategy_data/raw/import/71011020/71011020_2020_06.html
import,2020-06-01,2020,6,June,71011020,Natural Pearls,Natural (real) pearls - worked,U S A,PARTNER,0.0,R,KGS,2026-08-20,Jun-2020  (R),gemstrategy_data/raw/import/71011020/71011020_2020_06.html
import,2020-06-01,2020,6,June,71011020,Natural Pearls,Natural (real) pearls - worked,Total,TOTAL,0.0,R,KGS,2026-08-20,Jun-2020  (R),gemstrategy_data/raw/import/71011020/71011020_2020_06.html
import,2020-06-01,2020,6,June,71012100,Cultured Pearls,Cultured pearls - unworked,CHINA P RP,PARTNER,0.01,R,KGS,2026-08-20,Jun-2020  (R),gemstrategy_data/raw/import/71012100/71012100_2020_06.html
import,2020-06-01,2020,6,June,71012100,Cultured Pearls,Cultured pearls - unworked,HONG KONG,PARTNER,0.02,R,KGS,2026-08-20,Jun-2020  (R),gemstrategy_data/raw/import/71012100/71012100_2020_06.html
import,2020-06-01,2020,6,June,71012100,Cultured Pearls,Cultured pearls - unworked,ITALY,PARTNER,0.0,R,KGS,2026-08-20,Jun-2020  (R),gemstrategy_data/raw/import/71012100/71012100_2020_06.html
import,2020-06-01,2020,6,June,71012100,Cultured Pearls,Cultured pearls - unworked,JAPAN,PARTNER,0.03,R,KGS,2026-08-20,Jun-2020  (R),gemstrategy_data/raw/import/71012100/71012100_2020_06.html
import,2020-06-01,2020,6,June,71012100,Cultured Pearls,Cultured pearls - unworked,U S A,PARTNER,0.0,R,KGS,2026-08-20,Jun-2020  (R),gemstrategy_data/raw/import/71012100/71012100_2020_06.html
import,2020-06-01,2020,6,June,71012100,Cultured Pearls,Cultured pearls - unworked,Total,TOTAL,0.05,R,KGS,2026-08-20,Jun-2020  (R),gemstrategy_data/raw/import/71012100/71012100_2020_06.html
import,2020-06-01,2020,6,June,71012200,Cultured Pearls,Cultured pearls - worked,CHINA P RP,PARTNER,0.0,R,KGS,2026-08-20,Jun-2020  (R),gemstrategy_data/raw/import/71012200/71012200_2020_06.html
import,2020-06-01,2020,6,June,71012200,Cultured Pearls,Cultured pearls - worked,FRANCE,PARTNER,0.0,R,KGS,2026-08-20,Jun-2020  (R),gemstrategy_data/raw/import/71012200/71012200_2020_06.html
import,2020-06-01,2020,6,June,71012200,Cultured Pearls,Cultured pearls - worked,HONG KONG,PARTNER,0.0,R,KGS,2026-08-20,Jun-2020  (R),gemstrategy_data/raw/import/71012200/71012200_2020_06.html
import,2020-06-01,2020,6,June,71012200,Cultured Pearls,Cultured pearls - worked,INDONESIA,PARTNER,0.0,R,KGS,2026-08-20,Jun-2020  (R),gemstrategy_data/raw/import/71012200/71012200_2020_06.html
import,2020-06-01,2020,6,June,71012200,Cultured Pearls,Cultured pearls - worked,JAPAN,PARTNER,0.0,R,KGS,2026-08-20,Jun-2020  (R),gemstrategy_data/raw/import/71012200/71012200_2020_06.html
import,2020-06-01,2020,6,June,71012200,Cultured Pearls,Cultured pearls - worked,KOREA RP,PARTNER,0.0,R,KGS,2026-08-20,Jun-2020  (R),gemstrategy_data/raw/import/71012200/71012200_2020_06.html
import,2020-06-01,2020,6,June,71012200,Cultured Pearls,Cultured pearls - worked,SPAIN,PARTNER,0.0,R,KGS,2026-08-20,Jun-2020  (R),gemstrategy_data/raw/import/71012200/71012200_2020_06.html
import,2020-06-01,2020,6,June,71012200,Cultured Pearls,Cultured pearls - worked,SWITZERLAND,PARTNER,0.0,R,KGS,2026-08-20,Jun-2020  (R),gemstrategy_data/raw/import/71012200/71012200_2020_06.html
import,2020-06-01,2020,6,June,71012200,Cultured Pearls,Cultured pearls - worked,THAILAND,PARTNER,0.0,R,KGS,2026-08-20,Jun-2020  (R),gemstrategy_data/raw/import/71012200/71012200_2020_06.html
import,2020-06-01,2020,6,June,71012200,Cultured Pearls,Cultured pearls - worked,U S A,PARTNER,0.01,R,KGS,2026-08-20,Jun-2020  (R),gemstrategy_data/raw/import/71012200/71012200_2020_06.html
import,2020-06-01,2020,6,June,71012200,Cultured Pearls,Cultured pearls - worked,Total,TOTAL,0.03,R,KGS,2026-08-20,Jun-2020  (R),gemstrategy_data/raw/import/71012200/71012200_2020_06.html
import,2020-07-01,2020,7,July,71011010,Natural Pearls,Natural (real) pearls - unworked,GREECE,PARTNER,0.0,R,KGS,2026-08-20,Jul-2020  (R),gemstrategy_data/raw/import/71011010/71011010_2020_07.html
import,2020-07-01,2020,7,July,71011010,Natural Pearls,Natural (real) pearls - unworked,HONG KONG,PARTNER,0.0,R,KGS,2026-08-20,Jul-2020  (R),gemstrategy_data/raw/import/71011010/71011010_2020_07.html
import,2020-07-01,2020,7,July,71011010,Natural Pearls,Natural (real) pearls - unworked,INDONESIA,PARTNER,0.0,R,KGS,2026-08-20,Jul-2020  (R),gemstrategy_data/raw/import/71011010/71011010_2020_07.html
import,2020-07-01,2020,7,July,71011010,Natural Pearls,Natural (real) pearls - unworked,JAPAN,PARTNER,0.01,R,KGS,2026-08-20,Jul-2020  (R),gemstrategy_data/raw/import/71011010/71011010_2020_07.html
import,2020-07-01,2020,7,July,71011010,Natural Pearls,Natural (real) pearls - unworked,SINGAPORE,PARTNER,0.0,R,KGS,2026-08-20,Jul-2020  (R),gemstrategy_data/raw/import/71011010/71011010_2020_07.html
import,2020-07-01,2020,7,July,71011010,Natural Pearls,Natural (real) pearls - unworked,U ARAB EMTS,PARTNER,0.0,R,KGS,2026-08-20,Jul-2020  (R),gemstrategy_data/raw/import/71011010/71011010_2020_07.html
import,2020-07-01,2020,7,July,71011010,Natural Pearls,Natural (real) pearls - unworked,U S A,PARTNER,0.0,R,KGS,2026-08-20,Jul-2020  (R),gemstrategy_data/raw/import/71011010/71011010_2020_07.html
import,2020-07-01,2020,7,July,71011010,Natural Pearls,Natural (real) pearls - unworked,Total,TOTAL,0.01,R,KGS,2026-08-20,Jul-2020  (R),gemstrategy_data/raw/import/71011010/71011010_2020_07.html
import,2020-07-01,2020,7,July,71011020,Natural Pearls,Natural (real) pearls - worked,BAHARAIN IS,PARTNER,0.0,R,KGS,2026-08-20,Jul-2020  (R),gemstrategy_data/raw/import/71011020/71011020_2020_07.html
import,2020-07-01,2020,7,July,71011020,Natural Pearls,Natural (real) pearls - worked,CHINA P RP,PARTNER,0.0,R,KGS,2026-08-20,Jul-2020  (R),gemstrategy_data/raw/import/71011020/71011020_2020_07.html
import,2020-07-01,2020,7,July,71011020,Natural Pearls,Natural (real) pearls - worked,FRANCE,PARTNER,0.0,R,KGS,2026-08-20,Jul-2020  (R),gemstrategy_data/raw/import/71011020/71011020_2020_07.html
import,2020-07-01,2020,7,July,71011020,Natural Pearls,Natural (real) pearls - worked,HONG KONG,PARTNER,0.0,R,KGS,2026-08-20,Jul-2020  (R),gemstrategy_data/raw/import/71011020/71011020_2020_07.html
import,2020-07-01,2020,7,July,71011020,Natural Pearls,Natural (real) pearls - worked,JAPAN,PARTNER,0.0,R,KGS,2026-08-20,Jul-2020  (R),gemstrategy_data/raw/import/71011020/71011020_2020_07.html
import,2020-07-01,2020,7,July,71011020,Natural Pearls,Natural (real) pearls - worked,SINGAPORE,PARTNER,0.0,R,KGS,2026-08-20,Jul-2020  (R),gemstrategy_data/raw/import/71011020/71011020_2020_07.html
import,2020-07-01,2020,7,July,71011020,Natural Pearls,Natural (real) pearls - worked,SWITZERLAND,PARTNER,0.0,R,KGS,2026-08-20,Jul-2020  (R),gemstrategy_data/raw/import/71011020/71011020_2020_07.html
import,2020-07-01,2020,7,July,71011020,Natural Pearls,Natural (real) pearls - worked,THAILAND,PARTNER,0.03,R,KGS,2026-08-20,Jul-2020  (R),gemstrategy_data/raw/import/71011020/71011020_2020_07.html
import,2020-07-01,2020,7,July,71011020,Natural Pearls,Natural (real) pearls - worked,U S A,PARTNER,0.0,R,KGS,2026-08-20,Jul-2020  (R),gemstrategy_data/raw/import/71011020/71011020_2020_07.html
import,2020-07-01,2020,7,July,71011020,Natural Pearls,Natural (real) pearls - worked,Total,TOTAL,0.03,R,KGS,2026-08-20,Jul-2020  (R),gemstrategy_data/raw/import/71011020/71011020_2020_07.html
import,2020-07-01,2020,7,July,71012100,Cultured Pearls,Cultured pearls - unworked,CHINA P RP,PARTNER,0.01,R,KGS,2026-08-20,Jul-2020  (R),gemstrategy_data/raw/import/71012100/71012100_2020_07.html
import,2020-07-01,2020,7,July,71012100,Cultured Pearls,Cultured pearls - unworked,HONG KONG,PARTNER,0.01,R,KGS,2026-08-20,Jul-2020  (R),gemstrategy_data/raw/import/71012100/71012100_2020_07.html
import,2020-07-01,2020,7,July,71012100,Cultured Pearls,Cultured pearls - unworked,ITALY,PARTNER,0.0,R,KGS,2026-08-20,Jul-2020  (R),gemstrategy_data/raw/import/71012100/71012100_2020_07.html
import,2020-07-01,2020,7,July,71012100,Cultured Pearls,Cultured pearls - unworked,JAPAN,PARTNER,0.05,R,KGS,2026-08-20,Jul-2020  (R),gemstrategy_data/raw/import/71012100/71012100_2020_07.html
import,2020-07-01,2020,7,July,71012100,Cultured Pearls,Cultured pearls - unworked,THAILAND,PARTNER,0.0,R,KGS,2026-08-20,Jul-2020  (R),gemstrategy_data/raw/import/71012100/71012100_2020_07.html
import,2020-07-01,2020,7,July,71012100,Cultured Pearls,Cultured pearls - unworked,U S A,PARTNER,0.0,R,KGS,2026-08-20,Jul-2020  (R),gemstrategy_data/raw/import/71012100/71012100_2020_07.html
import,2020-07-01,2020,7,July,71012100,Cultured Pearls,Cultured pearls - unworked,Total,TOTAL,0.07,R,KGS,2026-08-20,Jul-2020  (R),gemstrategy_data/raw/import/71012100/71012100_2020_07.html
import,2020-07-01,2020,7,July,71012200,Cultured Pearls,Cultured pearls - worked,CHINA P RP,PARTNER,0.0,R,KGS,2026-08-20,Jul-2020  (R),gemstrategy_data/raw/import/71012200/71012200_2020_07.html
import,2020-07-01,2020,7,July,71012200,Cultured Pearls,Cultured pearls - worked,FRANCE,PARTNER,0.0,R,KGS,2026-08-20,Jul-2020  (R),gemstrategy_data/raw/import/71012200/71012200_2020_07.html
import,2020-07-01,2020,7,July,71012200,Cultured Pearls,Cultured pearls - worked,HONG KONG,PARTNER,0.01,R,KGS,2026-08-20,Jul-2020  (R),gemstrategy_data/raw/import/71012200/71012200_2020_07.html
import,2020-07-01,2020,7,July,71012200,Cultured Pearls,Cultured pearls - worked,INDONESIA,PARTNER,0.0,R,KGS,2026-08-20,Jul-2020  (R),gemstrategy_data/raw/import/71012200/71012200_2020_07.html
import,2020-07-01,2020,7,July,71012200,Cultured Pearls,Cultured pearls - worked,ITALY,PARTNER,0.0,R,KGS,2026-08-20,Jul-2020  (R),gemstrategy_data/raw/import/71012200/71012200_2020_07.html
import,2020-07-01,2020,7,July,71012200,Cultured Pearls,Cultured pearls - worked,JAPAN,PARTNER,0.04,R,KGS,2026-08-20,Jul-2020  (R),gemstrategy_data/raw/import/71012200/71012200_2020_07.html
import,2020-07-01,2020,7,July,71012200,Cultured Pearls,Cultured pearls - worked,KOREA RP,PARTNER,0.0,R,KGS,2026-08-20,Jul-2020  (R),gemstrategy_data/raw/import/71012200/71012200_2020_07.html
import,2020-07-01,2020,7,July,71012200,Cultured Pearls,Cultured pearls - worked,SPAIN,PARTNER,0.0,R,KGS,2026-08-20,Jul-2020  (R),gemstrategy_data/raw/import/71012200/71012200_2020_07.html
import,2020-07-01,2020,7,July,71012200,Cultured Pearls,Cultured pearls - worked,SWITZERLAND,PARTNER,0.0,R,KGS,2026-08-20,Jul-2020  (R),gemstrategy_data/raw/import/71012200/71012200_2020_07.html
import,2020-07-01,2020,7,July,71012200,Cultured Pearls,Cultured pearls - worked,THAILAND,PARTNER,0.06,R,KGS,2026-08-20,Jul-2020  (R),gemstrategy_data/raw/import/71012200/71012200_2020_07.html
import,2020-07-01,2020,7,July,71012200,Cultured Pearls,Cultured pearls - worked,U S A,PARTNER,0.03,R,KGS,2026-08-20,Jul-2020  (R),gemstrategy_data/raw/import/71012200/71012200_2020_07.html
import,2020-07-01,2020,7,July,71012200,Cultured Pearls,Cultured pearls - worked,Total,TOTAL,0.13,R,KGS,2026-08-20,Jul-2020  (R),gemstrategy_data/raw/import/71012200/71012200_2020_07.html
import,2020-08-01,2020,8,August,71011010,Natural Pearls,Natural (real) pearls - unworked,GREECE,PARTNER,0.0,R,KGS,2026-08-20,Aug-2020  (R),gemstrategy_data/raw/import/71011010/71011010_2020_08.html
import,2020-08-01,2020,8,August,71011010,Natural Pearls,Natural (real) pearls - unworked,HONG KONG,PARTNER,0.0,R,KGS,2026-08-20,Aug-2020  (R),gemstrategy_data/raw/import/71011010/71011010_2020_08.html
import,2020-08-01,2020,8,August,71011010,Natural Pearls,Natural (real) pearls - unworked,INDONESIA,PARTNER,0.0,R,KGS,2026-08-20,Aug-2020  (R),gemstrategy_data/raw/import/71011010/71011010_2020_08.html
import,2020-08-01,2020,8,August,71011010,Natural Pearls,Natural (real) pearls - unworked,JAPAN,PARTNER,0.09,R,KGS,2026-08-20,Aug-2020  (R),gemstrategy_data/raw/import/71011010/71011010_2020_08.html
import,2020-08-01,2020,8,August,71011010,Natural Pearls,Natural (real) pearls - unworked,SINGAPORE,PARTNER,0.0,R,KGS,2026-08-20,Aug-2020  (R),gemstrategy_data/raw/import/71011010/71011010_2020_08.html
import,2020-08-01,2020,8,August,71011010,Natural Pearls,Natural (real) pearls - unworked,U ARAB EMTS,PARTNER,0.0,R,KGS,2026-08-20,Aug-2020  (R),gemstrategy_data/raw/import/71011010/71011010_2020_08.html
import,2020-08-01,2020,8,August,71011010,Natural Pearls,Natural (real) pearls - unworked,U S A,PARTNER,0.0,R,KGS,2026-08-20,Aug-2020  (R),gemstrategy_data/raw/import/71011010/71011010_2020_08.html
import,2020-08-01,2020,8,August,71011010,Natural Pearls,Natural (real) pearls - unworked,Total,TOTAL,0.09,R,KGS,2026-08-20,Aug-2020  (R),gemstrategy_data/raw/import/71011010/71011010_2020_08.html
import,2020-08-01,2020,8,August,71011020,Natural Pearls,Natural (real) pearls - worked,BAHARAIN IS,PARTNER,0.0,R,KGS,2026-08-20,Aug-2020  (R),gemstrategy_data/raw/import/71011020/71011020_2020_08.html
import,2020-08-01,2020,8,August,71011020,Natural Pearls,Natural (real) pearls - worked,CHINA P RP,PARTNER,0.0,R,KGS,2026-08-20,Aug-2020  (R),gemstrategy_data/raw/import/71011020/71011020_2020_08.html
import,2020-08-01,2020,8,August,71011020,Natural Pearls,Natural (real) pearls - worked,FRANCE,PARTNER,0.0,R,KGS,2026-08-20,Aug-2020  (R),gemstrategy_data/raw/import/71011020/71011020_2020_08.html
import,2020-08-01,2020,8,August,71011020,Natural Pearls,Natural (real) pearls - worked,HONG KONG,PARTNER,0.0,R,KGS,2026-08-20,Aug-2020  (R),gemstrategy_data/raw/import/71011020/71011020_2020_08.html
import,2020-08-01,2020,8,August,71011020,Natural Pearls,Natural (real) pearls - worked,JAPAN,PARTNER,0.0,R,KGS,2026-08-20,Aug-2020  (R),gemstrategy_data/raw/import/71011020/71011020_2020_08.html
import,2020-08-01,2020,8,August,71011020,Natural Pearls,Natural (real) pearls - worked,SINGAPORE,PARTNER,0.0,R,KGS,2026-08-20,Aug-2020  (R),gemstrategy_data/raw/import/71011020/71011020_2020_08.html
import,2020-08-01,2020,8,August,71011020,Natural Pearls,Natural (real) pearls - worked,SWITZERLAND,PARTNER,0.0,R,KGS,2026-08-20,Aug-2020  (R),gemstrategy_data/raw/import/71011020/71011020_2020_08.html
import,2020-08-01,2020,8,August,71011020,Natural Pearls,Natural (real) pearls - worked,THAILAND,PARTNER,0.0,R,KGS,2026-08-20,Aug-2020  (R),gemstrategy_data/raw/import/71011020/71011020_2020_08.html
import,2020-08-01,2020,8,August,71011020,Natural Pearls,Natural (real) pearls - worked,U S A,PARTNER,0.0,R,KGS,2026-08-20,Aug-2020  (R),gemstrategy_data/raw/import/71011020/71011020_2020_08.html
import,2020-08-01,2020,8,August,71011020,Natural Pearls,Natural (real) pearls - worked,Total,TOTAL,0.0,R,KGS,2026-08-20,Aug-2020  (R),gemstrategy_data/raw/import/71011020/71011020_2020_08.html
import,2020-08-01,2020,8,August,71012100,Cultured Pearls,Cultured pearls - unworked,CHINA P RP,PARTNER,0.23,R,KGS,2026-08-20,Aug-2020  (R),gemstrategy_data/raw/import/71012100/71012100_2020_08.html
import,2020-08-01,2020,8,August,71012100,Cultured Pearls,Cultured pearls - unworked,HONG KONG,PARTNER,0.05,R,KGS,2026-08-20,Aug-2020  (R),gemstrategy_data/raw/import/71012100/71012100_2020_08.html
import,2020-08-01,2020,8,August,71012100,Cultured Pearls,Cultured pearls - unworked,INDONESIA,PARTNER,0.0,R,KGS,2026-08-20,Aug-2020  (R),gemstrategy_data/raw/import/71012100/71012100_2020_08.html
import,2020-08-01,2020,8,August,71012100,Cultured Pearls,Cultured pearls - unworked,ITALY,PARTNER,0.0,R,KGS,2026-08-20,Aug-2020  (R),gemstrategy_data/raw/import/71012100/71012100_2020_08.html
import,2020-08-01,2020,8,August,71012100,Cultured Pearls,Cultured pearls - unworked,JAPAN,PARTNER,0.0,R,KGS,2026-08-20,Aug-2020  (R),gemstrategy_data/raw/import/71012100/71012100_2020_08.html
import,2020-08-01,2020,8,August,71012100,Cultured Pearls,Cultured pearls - unworked,THAILAND,PARTNER,0.0,R,KGS,2026-08-20,Aug-2020  (R),gemstrategy_data/raw/import/71012100/71012100_2020_08.html
import,2020-08-01,2020,8,August,71012100,Cultured Pearls,Cultured pearls - unworked,U S A,PARTNER,0.0,R,KGS,2026-08-20,Aug-2020  (R),gemstrategy_data/raw/import/71012100/71012100_2020_08.html
import,2020-08-01,2020,8,August,71012100,Cultured Pearls,Cultured pearls - unworked,Total,TOTAL,0.27,R,KGS,2026-08-20,Aug-2020  (R),gemstrategy_data/raw/import/71012100/71012100_2020_08.html
import,2020-08-01,2020,8,August,71012200,Cultured Pearls,Cultured pearls - worked,CHINA P RP,PARTNER,0.0,R,KGS,2026-08-20,Aug-2020  (R),gemstrategy_data/raw/import/71012200/71012200_2020_08.html
import,2020-08-01,2020,8,August,71012200,Cultured Pearls,Cultured pearls - worked,DENMARK,PARTNER,0.0,R,KGS,2026-08-20,Aug-2020  (R),gemstrategy_data/raw/import/71012200/71012200_2020_08.html
import,2020-08-01,2020,8,August,71012200,Cultured Pearls,Cultured pearls - worked,FRANCE,PARTNER,0.0,R,KGS,2026-08-20,Aug-2020  (R),gemstrategy_data/raw/import/71012200/71012200_2020_08.html
import,2020-08-01,2020,8,August,71012200,Cultured Pearls,Cultured pearls - worked,HONG KONG,PARTNER,0.07,R,KGS,2026-08-20,Aug-2020  (R),gemstrategy_data/raw/import/71012200/71012200_2020_08.html
import,2020-08-01,2020,8,August,71012200,Cultured Pearls,Cultured pearls - worked,INDONESIA,PARTNER,0.0,R,KGS,2026-08-20,Aug-2020  (R),gemstrategy_data/raw/import/71012200/71012200_2020_08.html
import,2020-08-01,2020,8,August,71012200,Cultured Pearls,Cultured pearls - worked,ITALY,PARTNER,0.0,R,KGS,2026-08-20,Aug-2020  (R),gemstrategy_data/raw/import/71012200/71012200_2020_08.html
import,2020-08-01,2020,8,August,71012200,Cultured Pearls,Cultured pearls - worked,JAPAN,PARTNER,0.0,R,KGS,2026-08-20,Aug-2020  (R),gemstrategy_data/raw/import/71012200/71012200_2020_08.html
import,2020-08-01,2020,8,August,71012200,Cultured Pearls,Cultured pearls - worked,KOREA RP,PARTNER,0.0,R,KGS,2026-08-20,Aug-2020  (R),gemstrategy_data/raw/import/71012200/71012200_2020_08.html
import,2020-08-01,2020,8,August,71012200,Cultured Pearls,Cultured pearls - worked,SPAIN,PARTNER,0.0,R,KGS,2026-08-20,Aug-2020  (R),gemstrategy_data/raw/import/71012200/71012200_2020_08.html
import,2020-08-01,2020,8,August,71012200,Cultured Pearls,Cultured pearls - worked,SWITZERLAND,PARTNER,0.0,R,KGS,2026-08-20,Aug-2020  (R),gemstrategy_data/raw/import/71012200/71012200_2020_08.html
import,2020-08-01,2020,8,August,71012200,Cultured Pearls,Cultured pearls - worked,THAILAND,PARTNER,0.0,R,KGS,2026-08-20,Aug-2020  (R),gemstrategy_data/raw/import/71012200/71012200_2020_08.html
import,2020-08-01,2020,8,August,71012200,Cultured Pearls,Cultured pearls - worked,U S A,PARTNER,0.01,R,KGS,2026-08-20,Aug-2020  (R),gemstrategy_data/raw/import/71012200/71012200_2020_08.html
import,2020-08-01,2020,8,August,71012200,Cultured Pearls,Cultured pearls - worked,Total,TOTAL,0.08,R,KGS,2026-08-20,Aug-2020  (R),gemstrategy_data/raw/import/71012200/71012200_2020_08.html
import,2020-09-01,2020,9,September,71011010,Natural Pearls,Natural (real) pearls - unworked,GREECE,PARTNER,0.0,R,KGS,2026-08-20,Sep-2020  (R),gemstrategy_data/raw/import/71011010/71011010_2020_09.html
import,2020-09-01,2020,9,September,71011010,Natural Pearls,Natural (real) pearls - unworked,HONG KONG,PARTNER,0.0,R,KGS,2026-08-20,Sep-2020  (R),gemstrategy_data/raw/import/71011010/71011010_2020_09.html
import,2020-09-01,2020,9,September,71011010,Natural Pearls,Natural (real) pearls - unworked,INDONESIA,PARTNER,0.0,R,KGS,2026-08-20,Sep-2020  (R),gemstrategy_data/raw/import/71011010/71011010_2020_09.html
import,2020-09-01,2020,9,September,71011010,Natural Pearls,Natural (real) pearls - unworked,JAPAN,PARTNER,0.09,R,KGS,2026-08-20,Sep-2020  (R),gemstrategy_data/raw/import/71011010/71011010_2020_09.html
import,2020-09-01,2020,9,September,71011010,Natural Pearls,Natural (real) pearls - unworked,SINGAPORE,PARTNER,0.0,R,KGS,2026-08-20,Sep-2020  (R),gemstrategy_data/raw/import/71011010/71011010_2020_09.html
import,2020-09-01,2020,9,September,71011010,Natural Pearls,Natural (real) pearls - unworked,SWITZERLAND,PARTNER,0.0,R,KGS,2026-08-20,Sep-2020  (R),gemstrategy_data/raw/import/71011010/71011010_2020_09.html
import,2020-09-01,2020,9,September,71011010,Natural Pearls,Natural (real) pearls - unworked,U ARAB EMTS,PARTNER,0.0,R,KGS,2026-08-20,Sep-2020  (R),gemstrategy_data/raw/import/71011010/71011010_2020_09.html
import,2020-09-01,2020,9,September,71011010,Natural Pearls,Natural (real) pearls - unworked,U S A,PARTNER,0.0,R,KGS,2026-08-20,Sep-2020  (R),gemstrategy_data/raw/import/71011010/71011010_2020_09.html
import,2020-09-01,2020,9,September,71011010,Natural Pearls,Natural (real) pearls - unworked,Total,TOTAL,0.09,R,KGS,2026-08-20,Sep-2020  (R),gemstrategy_data/raw/import/71011010/71011010_2020_09.html
import,2020-09-01,2020,9,September,71011020,Natural Pearls,Natural (real) pearls - worked,BAHARAIN IS,PARTNER,0.0,R,KGS,2026-08-20,Sep-2020  (R),gemstrategy_data/raw/import/71011020/71011020_2020_09.html
import,2020-09-01,2020,9,September,71011020,Natural Pearls,Natural (real) pearls - worked,CHINA P RP,PARTNER,0.0,R,KGS,2026-08-20,Sep-2020  (R),gemstrategy_data/raw/import/71011020/71011020_2020_09.html
import,2020-09-01,2020,9,September,71011020,Natural Pearls,Natural (real) pearls - worked,FRANCE,PARTNER,0.0,R,KGS,2026-08-20,Sep-2020  (R),gemstrategy_data/raw/import/71011020/71011020_2020_09.html
import,2020-09-01,2020,9,September,71011020,Natural Pearls,Natural (real) pearls - worked,HONG KONG,PARTNER,0.0,R,KGS,2026-08-20,Sep-2020  (R),gemstrategy_data/raw/import/71011020/71011020_2020_09.html
import,2020-09-01,2020,9,September,71011020,Natural Pearls,Natural (real) pearls - worked,INDONESIA,PARTNER,0.0,R,KGS,2026-08-20,Sep-2020  (R),gemstrategy_data/raw/import/71011020/71011020_2020_09.html
import,2020-09-01,2020,9,September,71011020,Natural Pearls,Natural (real) pearls - worked,JAPAN,PARTNER,0.0,R,KGS,2026-08-20,Sep-2020  (R),gemstrategy_data/raw/import/71011020/71011020_2020_09.html
import,2020-09-01,2020,9,September,71011020,Natural Pearls,Natural (real) pearls - worked,SINGAPORE,PARTNER,0.0,R,KGS,2026-08-20,Sep-2020  (R),gemstrategy_data/raw/import/71011020/71011020_2020_09.html
import,2020-09-01,2020,9,September,71011020,Natural Pearls,Natural (real) pearls - worked,SWITZERLAND,PARTNER,0.0,R,KGS,2026-08-20,Sep-2020  (R),gemstrategy_data/raw/import/71011020/71011020_2020_09.html
import,2020-09-01,2020,9,September,71011020,Natural Pearls,Natural (real) pearls - worked,THAILAND,PARTNER,0.0,R,KGS,2026-08-20,Sep-2020  (R),gemstrategy_data/raw/import/71011020/71011020_2020_09.html
import,2020-09-01,2020,9,September,71011020,Natural Pearls,Natural (real) pearls - worked,U K,PARTNER,0.0,R,KGS,2026-08-20,Sep-2020  (R),gemstrategy_data/raw/import/71011020/71011020_2020_09.html
import,2020-09-01,2020,9,September,71011020,Natural Pearls,Natural (real) pearls - worked,U S A,PARTNER,0.0,R,KGS,2026-08-20,Sep-2020  (R),gemstrategy_data/raw/import/71011020/71011020_2020_09.html
import,2020-09-01,2020,9,September,71011020,Natural Pearls,Natural (real) pearls - worked,Total,TOTAL,0.0,R,KGS,2026-08-20,Sep-2020  (R),gemstrategy_data/raw/import/71011020/71011020_2020_09.html
import,2020-09-01,2020,9,September,71012100,Cultured Pearls,Cultured pearls - unworked,CHINA P RP,PARTNER,0.02,R,KGS,2026-08-20,Sep-2020  (R),gemstrategy_data/raw/import/71012100/71012100_2020_09.html
import,2020-09-01,2020,9,September,71012100,Cultured Pearls,Cultured pearls - unworked,HONG KONG,PARTNER,0.0,R,KGS,2026-08-20,Sep-2020  (R),gemstrategy_data/raw/import/71012100/71012100_2020_09.html
import,2020-09-01,2020,9,September,71012100,Cultured Pearls,Cultured pearls - unworked,INDONESIA,PARTNER,0.0,R,KGS,2026-08-20,Sep-2020  (R),gemstrategy_data/raw/import/71012100/71012100_2020_09.html
import,2020-09-01,2020,9,September,71012100,Cultured Pearls,Cultured pearls - unworked,ITALY,PARTNER,0.0,R,KGS,2026-08-20,Sep-2020  (R),gemstrategy_data/raw/import/71012100/71012100_2020_09.html
import,2020-09-01,2020,9,September,71012100,Cultured Pearls,Cultured pearls - unworked,JAPAN,PARTNER,0.0,R,KGS,2026-08-20,Sep-2020  (R),gemstrategy_data/raw/import/71012100/71012100_2020_09.html
import,2020-09-01,2020,9,September,71012100,Cultured Pearls,Cultured pearls - unworked,THAILAND,PARTNER,0.0,R,KGS,2026-08-20,Sep-2020  (R),gemstrategy_data/raw/import/71012100/71012100_2020_09.html
import,2020-09-01,2020,9,September,71012100,Cultured Pearls,Cultured pearls - unworked,U S A,PARTNER,0.0,R,KGS,2026-08-20,Sep-2020  (R),gemstrategy_data/raw/import/71012100/71012100_2020_09.html
import,2020-09-01,2020,9,September,71012100,Cultured Pearls,Cultured pearls - unworked,Total,TOTAL,0.02,R,KGS,2026-08-20,Sep-2020  (R),gemstrategy_data/raw/import/71012100/71012100_2020_09.html
import,2020-09-01,2020,9,September,71012200,Cultured Pearls,Cultured pearls - worked,CHINA P RP,PARTNER,0.0,R,KGS,2026-08-20,Sep-2020  (R),gemstrategy_data/raw/import/71012200/71012200_2020_09.html
import,2020-09-01,2020,9,September,71012200,Cultured Pearls,Cultured pearls - worked,DENMARK,PARTNER,0.0,R,KGS,2026-08-20,Sep-2020  (R),gemstrategy_data/raw/import/71012200/71012200_2020_09.html
import,2020-09-01,2020,9,September,71012200,Cultured Pearls,Cultured pearls - worked,FRANCE,PARTNER,0.0,R,KGS,2026-08-20,Sep-2020  (R),gemstrategy_data/raw/import/71012200/71012200_2020_09.html
import,2020-09-01,2020,9,September,71012200,Cultured Pearls,Cultured pearls - worked,HONG KONG,PARTNER,0.04,R,KGS,2026-08-20,Sep-2020  (R),gemstrategy_data/raw/import/71012200/71012200_2020_09.html
import,2020-09-01,2020,9,September,71012200,Cultured Pearls,Cultured pearls - worked,INDONESIA,PARTNER,0.0,R,KGS,2026-08-20,Sep-2020  (R),gemstrategy_data/raw/import/71012200/71012200_2020_09.html
import,2020-09-01,2020,9,September,71012200,Cultured Pearls,Cultured pearls - worked,ITALY,PARTNER,0.0,R,KGS,2026-08-20,Sep-2020  (R),gemstrategy_data/raw/import/71012200/71012200_2020_09.html
import,2020-09-01,2020,9,September,71012200,Cultured Pearls,Cultured pearls - worked,JAPAN,PARTNER,0.0,R,KGS,2026-08-20,Sep-2020  (R),gemstrategy_data/raw/import/71012200/71012200_2020_09.html
import,2020-09-01,2020,9,September,71012200,Cultured Pearls,Cultured pearls - worked,KOREA RP,PARTNER,0.0,R,KGS,2026-08-20,Sep-2020  (R),gemstrategy_data/raw/import/71012200/71012200_2020_09.html
import,2020-09-01,2020,9,September,71012200,Cultured Pearls,Cultured pearls - worked,SPAIN,PARTNER,0.0,R,KGS,2026-08-20,Sep-2020  (R),gemstrategy_data/raw/import/71012200/71012200_2020_09.html
import,2020-09-01,2020,9,September,71012200,Cultured Pearls,Cultured pearls - worked,SRI LANKA DSR,PARTNER,0.0,R,KGS,2026-08-20,Sep-2020  (R),gemstrategy_data/raw/import/71012200/71012200_2020_09.html
import,2020-09-01,2020,9,September,71012200,Cultured Pearls,Cultured pearls - worked,SWITZERLAND,PARTNER,0.0,R,KGS,2026-08-20,Sep-2020  (R),gemstrategy_data/raw/import/71012200/71012200_2020_09.html
import,2020-09-01,2020,9,September,71012200,Cultured Pearls,Cultured pearls - worked,THAILAND,PARTNER,0.0,R,KGS,2026-08-20,Sep-2020  (R),gemstrategy_data/raw/import/71012200/71012200_2020_09.html
import,2020-09-01,2020,9,September,71012200,Cultured Pearls,Cultured pearls - worked,U S A,PARTNER,0.02,R,KGS,2026-08-20,Sep-2020  (R),gemstrategy_data/raw/import/71012200/71012200_2020_09.html
import,2020-09-01,2020,9,September,71012200,Cultured Pearls,Cultured pearls - worked,Total,TOTAL,0.07,R,KGS,2026-08-20,Sep-2020  (R),gemstrategy_data/raw/import/71012200/71012200_2020_09.html
import,2020-10-01,2020,10,October,71011010,Natural Pearls,Natural (real) pearls - unworked,GREECE,PARTNER,0.0,R,KGS,2026-08-20,Oct-2020  (R),gemstrategy_data/raw/import/71011010/71011010_2020_10.html
import,2020-10-01,2020,10,October,71011010,Natural Pearls,Natural (real) pearls - unworked,HONG KONG,PARTNER,0.0,R,KGS,2026-08-20,Oct-2020  (R),gemstrategy_data/raw/import/71011010/71011010_2020_10.html
import,2020-10-01,2020,10,October,71011010,Natural Pearls,Natural (real) pearls - unworked,INDONESIA,PARTNER,0.01,R,KGS,2026-08-20,Oct-2020  (R),gemstrategy_data/raw/import/71011010/71011010_2020_10.html
import,2020-10-01,2020,10,October,71011010,Natural Pearls,Natural (real) pearls - unworked,JAPAN,PARTNER,0.0,R,KGS,2026-08-20,Oct-2020  (R),gemstrategy_data/raw/import/71011010/71011010_2020_10.html
import,2020-10-01,2020,10,October,71011010,Natural Pearls,Natural (real) pearls - unworked,SINGAPORE,PARTNER,0.0,R,KGS,2026-08-20,Oct-2020  (R),gemstrategy_data/raw/import/71011010/71011010_2020_10.html
import,2020-10-01,2020,10,October,71011010,Natural Pearls,Natural (real) pearls - unworked,SWITZERLAND,PARTNER,0.0,R,KGS,2026-08-20,Oct-2020  (R),gemstrategy_data/raw/import/71011010/71011010_2020_10.html
import,2020-10-01,2020,10,October,71011010,Natural Pearls,Natural (real) pearls - unworked,U ARAB EMTS,PARTNER,0.0,R,KGS,2026-08-20,Oct-2020  (R),gemstrategy_data/raw/import/71011010/71011010_2020_10.html
import,2020-10-01,2020,10,October,71011010,Natural Pearls,Natural (real) pearls - unworked,U S A,PARTNER,0.0,R,KGS,2026-08-20,Oct-2020  (R),gemstrategy_data/raw/import/71011010/71011010_2020_10.html
import,2020-10-01,2020,10,October,71011010,Natural Pearls,Natural (real) pearls - unworked,Total,TOTAL,0.01,R,KGS,2026-08-20,Oct-2020  (R),gemstrategy_data/raw/import/71011010/71011010_2020_10.html
import,2020-10-01,2020,10,October,71011020,Natural Pearls,Natural (real) pearls - worked,BAHARAIN IS,PARTNER,0.0,R,KGS,2026-08-20,Oct-2020  (R),gemstrategy_data/raw/import/71011020/71011020_2020_10.html
import,2020-10-01,2020,10,October,71011020,Natural Pearls,Natural (real) pearls - worked,CHINA P RP,PARTNER,0.0,R,KGS,2026-08-20,Oct-2020  (R),gemstrategy_data/raw/import/71011020/71011020_2020_10.html
import,2020-10-01,2020,10,October,71011020,Natural Pearls,Natural (real) pearls - worked,FRANCE,PARTNER,0.0,R,KGS,2026-08-20,Oct-2020  (R),gemstrategy_data/raw/import/71011020/71011020_2020_10.html
import,2020-10-01,2020,10,October,71011020,Natural Pearls,Natural (real) pearls - worked,HONG KONG,PARTNER,0.0,R,KGS,2026-08-20,Oct-2020  (R),gemstrategy_data/raw/import/71011020/71011020_2020_10.html
import,2020-10-01,2020,10,October,71011020,Natural Pearls,Natural (real) pearls - worked,INDONESIA,PARTNER,0.0,R,KGS,2026-08-20,Oct-2020  (R),gemstrategy_data/raw/import/71011020/71011020_2020_10.html
import,2020-10-01,2020,10,October,71011020,Natural Pearls,Natural (real) pearls - worked,JAPAN,PARTNER,0.0,R,KGS,2026-08-20,Oct-2020  (R),gemstrategy_data/raw/import/71011020/71011020_2020_10.html
import,2020-10-01,2020,10,October,71011020,Natural Pearls,Natural (real) pearls - worked,SINGAPORE,PARTNER,0.0,R,KGS,2026-08-20,Oct-2020  (R),gemstrategy_data/raw/import/71011020/71011020_2020_10.html
import,2020-10-01,2020,10,October,71011020,Natural Pearls,Natural (real) pearls - worked,SWITZERLAND,PARTNER,0.0,R,KGS,2026-08-20,Oct-2020  (R),gemstrategy_data/raw/import/71011020/71011020_2020_10.html
import,2020-10-01,2020,10,October,71011020,Natural Pearls,Natural (real) pearls - worked,THAILAND,PARTNER,0.0,R,KGS,2026-08-20,Oct-2020  (R),gemstrategy_data/raw/import/71011020/71011020_2020_10.html
import,2020-10-01,2020,10,October,71011020,Natural Pearls,Natural (real) pearls - worked,U K,PARTNER,0.0,R,KGS,2026-08-20,Oct-2020  (R),gemstrategy_data/raw/import/71011020/71011020_2020_10.html
import,2020-10-01,2020,10,October,71011020,Natural Pearls,Natural (real) pearls - worked,U S A,PARTNER,0.0,R,KGS,2026-08-20,Oct-2020  (R),gemstrategy_data/raw/import/71011020/71011020_2020_10.html
import,2020-10-01,2020,10,October,71011020,Natural Pearls,Natural (real) pearls - worked,Total,TOTAL,0.0,R,KGS,2026-08-20,Oct-2020  (R),gemstrategy_data/raw/import/71011020/71011020_2020_10.html
import,2020-10-01,2020,10,October,71012100,Cultured Pearls,Cultured pearls - unworked,CHINA P RP,PARTNER,0.04,R,KGS,2026-08-20,Oct-2020  (R),gemstrategy_data/raw/import/71012100/71012100_2020_10.html
import,2020-10-01,2020,10,October,71012100,Cultured Pearls,Cultured pearls - unworked,HONG KONG,PARTNER,0.03,R,KGS,2026-08-20,Oct-2020  (R),gemstrategy_data/raw/import/71012100/71012100_2020_10.html
import,2020-10-01,2020,10,October,71012100,Cultured Pearls,Cultured pearls - unworked,INDONESIA,PARTNER,0.0,R,KGS,2026-08-20,Oct-2020  (R),gemstrategy_data/raw/import/71012100/71012100_2020_10.html
import,2020-10-01,2020,10,October,71012100,Cultured Pearls,Cultured pearls - unworked,ITALY,PARTNER,0.0,R,KGS,2026-08-20,Oct-2020  (R),gemstrategy_data/raw/import/71012100/71012100_2020_10.html
import,2020-10-01,2020,10,October,71012100,Cultured Pearls,Cultured pearls - unworked,JAPAN,PARTNER,0.05,R,KGS,2026-08-20,Oct-2020  (R),gemstrategy_data/raw/import/71012100/71012100_2020_10.html
import,2020-10-01,2020,10,October,71012100,Cultured Pearls,Cultured pearls - unworked,THAILAND,PARTNER,0.0,R,KGS,2026-08-20,Oct-2020  (R),gemstrategy_data/raw/import/71012100/71012100_2020_10.html
import,2020-10-01,2020,10,October,71012100,Cultured Pearls,Cultured pearls - unworked,U S A,PARTNER,0.0,R,KGS,2026-08-20,Oct-2020  (R),gemstrategy_data/raw/import/71012100/71012100_2020_10.html
import,2020-10-01,2020,10,October,71012100,Cultured Pearls,Cultured pearls - unworked,Total,TOTAL,0.11,R,KGS,2026-08-20,Oct-2020  (R),gemstrategy_data/raw/import/71012100/71012100_2020_10.html
import,2020-10-01,2020,10,October,71012200,Cultured Pearls,Cultured pearls - worked,AUSTRALIA,PARTNER,0.0,R,KGS,2026-08-20,Oct-2020  (R),gemstrategy_data/raw/import/71012200/71012200_2020_10.html
import,2020-10-01,2020,10,October,71012200,Cultured Pearls,Cultured pearls - worked,CHINA P RP,PARTNER,0.0,R,KGS,2026-08-20,Oct-2020  (R),gemstrategy_data/raw/import/71012200/71012200_2020_10.html
import,2020-10-01,2020,10,October,71012200,Cultured Pearls,Cultured pearls - worked,DENMARK,PARTNER,0.0,R,KGS,2026-08-20,Oct-2020  (R),gemstrategy_data/raw/import/71012200/71012200_2020_10.html
import,2020-10-01,2020,10,October,71012200,Cultured Pearls,Cultured pearls - worked,FRANCE,PARTNER,0.0,R,KGS,2026-08-20,Oct-2020  (R),gemstrategy_data/raw/import/71012200/71012200_2020_10.html
import,2020-10-01,2020,10,October,71012200,Cultured Pearls,Cultured pearls - worked,HONG KONG,PARTNER,0.17,R,KGS,2026-08-20,Oct-2020  (R),gemstrategy_data/raw/import/71012200/71012200_2020_10.html
import,2020-10-01,2020,10,October,71012200,Cultured Pearls,Cultured pearls - worked,INDONESIA,PARTNER,0.0,R,KGS,2026-08-20,Oct-2020  (R),gemstrategy_data/raw/import/71012200/71012200_2020_10.html
import,2020-10-01,2020,10,October,71012200,Cultured Pearls,Cultured pearls - worked,ITALY,PARTNER,0.0,R,KGS,2026-08-20,Oct-2020  (R),gemstrategy_data/raw/import/71012200/71012200_2020_10.html
import,2020-10-01,2020,10,October,71012200,Cultured Pearls,Cultured pearls - worked,JAPAN,PARTNER,0.45,R,KGS,2026-08-20,Oct-2020  (R),gemstrategy_data/raw/import/71012200/71012200_2020_10.html
import,2020-10-01,2020,10,October,71012200,Cultured Pearls,Cultured pearls - worked,KOREA RP,PARTNER,0.0,R,KGS,2026-08-20,Oct-2020  (R),gemstrategy_data/raw/import/71012200/71012200_2020_10.html
import,2020-10-01,2020,10,October,71012200,Cultured Pearls,Cultured pearls - worked,SPAIN,PARTNER,0.0,R,KGS,2026-08-20,Oct-2020  (R),gemstrategy_data/raw/import/71012200/71012200_2020_10.html
import,2020-10-01,2020,10,October,71012200,Cultured Pearls,Cultured pearls - worked,SRI LANKA DSR,PARTNER,0.0,R,KGS,2026-08-20,Oct-2020  (R),gemstrategy_data/raw/import/71012200/71012200_2020_10.html
import,2020-10-01,2020,10,October,71012200,Cultured Pearls,Cultured pearls - worked,SWITZERLAND,PARTNER,0.0,R,KGS,2026-08-20,Oct-2020  (R),gemstrategy_data/raw/import/71012200/71012200_2020_10.html
import,2020-10-01,2020,10,October,71012200,Cultured Pearls,Cultured pearls - worked,THAILAND,PARTNER,0.05,R,KGS,2026-08-20,Oct-2020  (R),gemstrategy_data/raw/import/71012200/71012200_2020_10.html
import,2020-10-01,2020,10,October,71012200,Cultured Pearls,Cultured pearls - worked,U ARAB EMTS,PARTNER,0.0,R,KGS,2026-08-20,Oct-2020  (R),gemstrategy_data/raw/import/71012200/71012200_2020_10.html
import,2020-10-01,2020,10,October,71012200,Cultured Pearls,Cultured pearls - worked,U S A,PARTNER,0.04,R,KGS,2026-08-20,Oct-2020  (R),gemstrategy_data/raw/import/71012200/71012200_2020_10.html
import,2020-10-01,2020,10,October,71012200,Cultured Pearls,Cultured pearls - worked,Total,TOTAL,0.72,R,KGS,2026-08-20,Oct-2020  (R),gemstrategy_data/raw/import/71012200/71012200_2020_10.html
import,2020-11-01,2020,11,November,71011010,Natural Pearls,Natural (real) pearls - unworked,GREECE,PARTNER,0.0,R,KGS,2026-08-20,Nov-2020  (R),gemstrategy_data/raw/import/71011010/71011010_2020_11.html
import,2020-11-01,2020,11,November,71011010,Natural Pearls,Natural (real) pearls - unworked,HONG KONG,PARTNER,0.01,R,KGS,2026-08-20,Nov-2020  (R),gemstrategy_data/raw/import/71011010/71011010_2020_11.html
import,2020-11-01,2020,11,November,71011010,Natural Pearls,Natural (real) pearls - unworked,INDONESIA,PARTNER,0.01,R,KGS,2026-08-20,Nov-2020  (R),gemstrategy_data/raw/import/71011010/71011010_2020_11.html
import,2020-11-01,2020,11,November,71011010,Natural Pearls,Natural (real) pearls - unworked,JAPAN,PARTNER,0.0,R,KGS,2026-08-20,Nov-2020  (R),gemstrategy_data/raw/import/71011010/71011010_2020_11.html
import,2020-11-01,2020,11,November,71011010,Natural Pearls,Natural (real) pearls - unworked,SINGAPORE,PARTNER,0.0,R,KGS,2026-08-20,Nov-2020  (R),gemstrategy_data/raw/import/71011010/71011010_2020_11.html
import,2020-11-01,2020,11,November,71011010,Natural Pearls,Natural (real) pearls - unworked,SWITZERLAND,PARTNER,0.0,R,KGS,2026-08-20,Nov-2020  (R),gemstrategy_data/raw/import/71011010/71011010_2020_11.html
import,2020-11-01,2020,11,November,71011010,Natural Pearls,Natural (real) pearls - unworked,THAILAND,PARTNER,0.0,R,KGS,2026-08-20,Nov-2020  (R),gemstrategy_data/raw/import/71011010/71011010_2020_11.html
import,2020-11-01,2020,11,November,71011010,Natural Pearls,Natural (real) pearls - unworked,U ARAB EMTS,PARTNER,0.0,R,KGS,2026-08-20,Nov-2020  (R),gemstrategy_data/raw/import/71011010/71011010_2020_11.html
import,2020-11-01,2020,11,November,71011010,Natural Pearls,Natural (real) pearls - unworked,U S A,PARTNER,0.0,R,KGS,2026-08-20,Nov-2020  (R),gemstrategy_data/raw/import/71011010/71011010_2020_11.html
import,2020-11-01,2020,11,November,71011010,Natural Pearls,Natural (real) pearls - unworked,Total,TOTAL,0.02,R,KGS,2026-08-20,Nov-2020  (R),gemstrategy_data/raw/import/71011010/71011010_2020_11.html
import,2020-11-01,2020,11,November,71011020,Natural Pearls,Natural (real) pearls - worked,BAHARAIN IS,PARTNER,0.0,R,KGS,2026-08-20,Nov-2020  (R),gemstrategy_data/raw/import/71011020/71011020_2020_11.html
import,2020-11-01,2020,11,November,71011020,Natural Pearls,Natural (real) pearls - worked,CHINA P RP,PARTNER,0.0,R,KGS,2026-08-20,Nov-2020  (R),gemstrategy_data/raw/import/71011020/71011020_2020_11.html
import,2020-11-01,2020,11,November,71011020,Natural Pearls,Natural (real) pearls - worked,FRANCE,PARTNER,0.0,R,KGS,2026-08-20,Nov-2020  (R),gemstrategy_data/raw/import/71011020/71011020_2020_11.html
import,2020-11-01,2020,11,November,71011020,Natural Pearls,Natural (real) pearls - worked,HONG KONG,PARTNER,0.0,R,KGS,2026-08-20,Nov-2020  (R),gemstrategy_data/raw/import/71011020/71011020_2020_11.html
import,2020-11-01,2020,11,November,71011020,Natural Pearls,Natural (real) pearls - worked,INDONESIA,PARTNER,0.0,R,KGS,2026-08-20,Nov-2020  (R),gemstrategy_data/raw/import/71011020/71011020_2020_11.html
import,2020-11-01,2020,11,November,71011020,Natural Pearls,Natural (real) pearls - worked,JAPAN,PARTNER,0.0,R,KGS,2026-08-20,Nov-2020  (R),gemstrategy_data/raw/import/71011020/71011020_2020_11.html
import,2020-11-01,2020,11,November,71011020,Natural Pearls,Natural (real) pearls - worked,SINGAPORE,PARTNER,0.0,R,KGS,2026-08-20,Nov-2020  (R),gemstrategy_data/raw/import/71011020/71011020_2020_11.html
import,2020-11-01,2020,11,November,71011020,Natural Pearls,Natural (real) pearls - worked,SWITZERLAND,PARTNER,0.0,R,KGS,2026-08-20,Nov-2020  (R),gemstrategy_data/raw/import/71011020/71011020_2020_11.html
import,2020-11-01,2020,11,November,71011020,Natural Pearls,Natural (real) pearls - worked,THAILAND,PARTNER,0.0,R,KGS,2026-08-20,Nov-2020  (R),gemstrategy_data/raw/import/71011020/71011020_2020_11.html
import,2020-11-01,2020,11,November,71011020,Natural Pearls,Natural (real) pearls - worked,U K,PARTNER,0.0,R,KGS,2026-08-20,Nov-2020  (R),gemstrategy_data/raw/import/71011020/71011020_2020_11.html
import,2020-11-01,2020,11,November,71011020,Natural Pearls,Natural (real) pearls - worked,U S A,PARTNER,0.0,R,KGS,2026-08-20,Nov-2020  (R),gemstrategy_data/raw/import/71011020/71011020_2020_11.html
import,2020-11-01,2020,11,November,71011020,Natural Pearls,Natural (real) pearls - worked,Total,TOTAL,0.0,R,KGS,2026-08-20,Nov-2020  (R),gemstrategy_data/raw/import/71011020/71011020_2020_11.html
import,2020-11-01,2020,11,November,71012100,Cultured Pearls,Cultured pearls - unworked,CHINA P RP,PARTNER,0.0,R,KGS,2026-08-20,Nov-2020  (R),gemstrategy_data/raw/import/71012100/71012100_2020_11.html
import,2020-11-01,2020,11,November,71012100,Cultured Pearls,Cultured pearls - unworked,HONG KONG,PARTNER,0.15,R,KGS,2026-08-20,Nov-2020  (R),gemstrategy_data/raw/import/71012100/71012100_2020_11.html
import,2020-11-01,2020,11,November,71012100,Cultured Pearls,Cultured pearls - unworked,INDONESIA,PARTNER,0.0,R,KGS,2026-08-20,Nov-2020  (R),gemstrategy_data/raw/import/71012100/71012100_2020_11.html
import,2020-11-01,2020,11,November,71012100,Cultured Pearls,Cultured pearls - unworked,ITALY,PARTNER,0.0,R,KGS,2026-08-20,Nov-2020  (R),gemstrategy_data/raw/import/71012100/71012100_2020_11.html
import,2020-11-01,2020,11,November,71012100,Cultured Pearls,Cultured pearls - unworked,JAPAN,PARTNER,0.0,R,KGS,2026-08-20,Nov-2020  (R),gemstrategy_data/raw/import/71012100/71012100_2020_11.html
import,2020-11-01,2020,11,November,71012100,Cultured Pearls,Cultured pearls - unworked,THAILAND,PARTNER,0.0,R,KGS,2026-08-20,Nov-2020  (R),gemstrategy_data/raw/import/71012100/71012100_2020_11.html
import,2020-11-01,2020,11,November,71012100,Cultured Pearls,Cultured pearls - unworked,U S A,PARTNER,0.0,R,KGS,2026-08-20,Nov-2020  (R),gemstrategy_data/raw/import/71012100/71012100_2020_11.html
import,2020-11-01,2020,11,November,71012100,Cultured Pearls,Cultured pearls - unworked,Total,TOTAL,0.16,R,KGS,2026-08-20,Nov-2020  (R),gemstrategy_data/raw/import/71012100/71012100_2020_11.html
import,2020-11-01,2020,11,November,71012200,Cultured Pearls,Cultured pearls - worked,AUSTRALIA,PARTNER,0.0,R,KGS,2026-08-20,Nov-2020  (R),gemstrategy_data/raw/import/71012200/71012200_2020_11.html
import,2020-11-01,2020,11,November,71012200,Cultured Pearls,Cultured pearls - worked,CANADA,PARTNER,0.0,R,KGS,2026-08-20,Nov-2020  (R),gemstrategy_data/raw/import/71012200/71012200_2020_11.html
import,2020-11-01,2020,11,November,71012200,Cultured Pearls,Cultured pearls - worked,CHINA P RP,PARTNER,0.02,R,KGS,2026-08-20,Nov-2020  (R),gemstrategy_data/raw/import/71012200/71012200_2020_11.html
import,2020-11-01,2020,11,November,71012200,Cultured Pearls,Cultured pearls - worked,DENMARK,PARTNER,0.0,R,KGS,2026-08-20,Nov-2020  (R),gemstrategy_data/raw/import/71012200/71012200_2020_11.html
import,2020-11-01,2020,11,November,71012200,Cultured Pearls,Cultured pearls - worked,FRANCE,PARTNER,0.01,R,KGS,2026-08-20,Nov-2020  (R),gemstrategy_data/raw/import/71012200/71012200_2020_11.html
import,2020-11-01,2020,11,November,71012200,Cultured Pearls,Cultured pearls - worked,GERMANY,PARTNER,0.0,R,KGS,2026-08-20,Nov-2020  (R),gemstrategy_data/raw/import/71012200/71012200_2020_11.html
import,2020-11-01,2020,11,November,71012200,Cultured Pearls,Cultured pearls - worked,HONG KONG,PARTNER,0.04,R,KGS,2026-08-20,Nov-2020  (R),gemstrategy_data/raw/import/71012200/71012200_2020_11.html
import,2020-11-01,2020,11,November,71012200,Cultured Pearls,Cultured pearls - worked,INDONESIA,PARTNER,0.0,R,KGS,2026-08-20,Nov-2020  (R),gemstrategy_data/raw/import/71012200/71012200_2020_11.html
import,2020-11-01,2020,11,November,71012200,Cultured Pearls,Cultured pearls - worked,ITALY,PARTNER,0.0,R,KGS,2026-08-20,Nov-2020  (R),gemstrategy_data/raw/import/71012200/71012200_2020_11.html
import,2020-11-01,2020,11,November,71012200,Cultured Pearls,Cultured pearls - worked,JAPAN,PARTNER,0.03,R,KGS,2026-08-20,Nov-2020  (R),gemstrategy_data/raw/import/71012200/71012200_2020_11.html
import,2020-11-01,2020,11,November,71012200,Cultured Pearls,Cultured pearls - worked,KOREA RP,PARTNER,0.0,R,KGS,2026-08-20,Nov-2020  (R),gemstrategy_data/raw/import/71012200/71012200_2020_11.html
import,2020-11-01,2020,11,November,71012200,Cultured Pearls,Cultured pearls - worked,SPAIN,PARTNER,0.0,R,KGS,2026-08-20,Nov-2020  (R),gemstrategy_data/raw/import/71012200/71012200_2020_11.html
import,2020-11-01,2020,11,November,71012200,Cultured Pearls,Cultured pearls - worked,SRI LANKA DSR,PARTNER,0.0,R,KGS,2026-08-20,Nov-2020  (R),gemstrategy_data/raw/import/71012200/71012200_2020_11.html
import,2020-11-01,2020,11,November,71012200,Cultured Pearls,Cultured pearls - worked,SWITZERLAND,PARTNER,0.0,R,KGS,2026-08-20,Nov-2020  (R),gemstrategy_data/raw/import/71012200/71012200_2020_11.html
import,2020-11-01,2020,11,November,71012200,Cultured Pearls,Cultured pearls - worked,THAILAND,PARTNER,0.0,R,KGS,2026-08-20,Nov-2020  (R),gemstrategy_data/raw/import/71012200/71012200_2020_11.html
import,2020-11-01,2020,11,November,71012200,Cultured Pearls,Cultured pearls - worked,U ARAB EMTS,PARTNER,0.0,R,KGS,2026-08-20,Nov-2020  (R),gemstrategy_data/raw/import/71012200/71012200_2020_11.html
import,2020-11-01,2020,11,November,71012200,Cultured Pearls,Cultured pearls - worked,U S A,PARTNER,0.1,R,KGS,2026-08-20,Nov-2020  (R),gemstrategy_data/raw/import/71012200/71012200_2020_11.html
import,2020-11-01,2020,11,November,71012200,Cultured Pearls,Cultured pearls - worked,Total,TOTAL,0.2,R,KGS,2026-08-20,Nov-2020  (R),gemstrategy_data/raw/import/71012200/71012200_2020_11.html
import,2020-12-01,2020,12,December,71011010,Natural Pearls,Natural (real) pearls - unworked,GREECE,PARTNER,0.0,R,KGS,2026-08-20,Dec-2020  (R),gemstrategy_data/raw/import/71011010/71011010_2020_12.html
import,2020-12-01,2020,12,December,71011010,Natural Pearls,Natural (real) pearls - unworked,HONG KONG,PARTNER,0.07,R,KGS,2026-08-20,Dec-2020  (R),gemstrategy_data/raw/import/71011010/71011010_2020_12.html
import,2020-12-01,2020,12,December,71011010,Natural Pearls,Natural (real) pearls - unworked,INDONESIA,PARTNER,0.0,R,KGS,2026-08-20,Dec-2020  (R),gemstrategy_data/raw/import/71011010/71011010_2020_12.html
import,2020-12-01,2020,12,December,71011010,Natural Pearls,Natural (real) pearls - unworked,JAPAN,PARTNER,0.03,R,KGS,2026-08-20,Dec-2020  (R),gemstrategy_data/raw/import/71011010/71011010_2020_12.html
import,2020-12-01,2020,12,December,71011010,Natural Pearls,Natural (real) pearls - unworked,SINGAPORE,PARTNER,0.0,R,KGS,2026-08-20,Dec-2020  (R),gemstrategy_data/raw/import/71011010/71011010_2020_12.html
import,2020-12-01,2020,12,December,71011010,Natural Pearls,Natural (real) pearls - unworked,SWITZERLAND,PARTNER,0.0,R,KGS,2026-08-20,Dec-2020  (R),gemstrategy_data/raw/import/71011010/71011010_2020_12.html
import,2020-12-01,2020,12,December,71011010,Natural Pearls,Natural (real) pearls - unworked,THAILAND,PARTNER,0.0,R,KGS,2026-08-20,Dec-2020  (R),gemstrategy_data/raw/import/71011010/71011010_2020_12.html
import,2020-12-01,2020,12,December,71011010,Natural Pearls,Natural (real) pearls - unworked,U ARAB EMTS,PARTNER,0.0,R,KGS,2026-08-20,Dec-2020  (R),gemstrategy_data/raw/import/71011010/71011010_2020_12.html
import,2020-12-01,2020,12,December,71011010,Natural Pearls,Natural (real) pearls - unworked,U S A,PARTNER,0.0,R,KGS,2026-08-20,Dec-2020  (R),gemstrategy_data/raw/import/71011010/71011010_2020_12.html
import,2020-12-01,2020,12,December,71011010,Natural Pearls,Natural (real) pearls - unworked,Total,TOTAL,0.1,R,KGS,2026-08-20,Dec-2020  (R),gemstrategy_data/raw/import/71011010/71011010_2020_12.html
import,2020-12-01,2020,12,December,71011020,Natural Pearls,Natural (real) pearls - worked,BAHARAIN IS,PARTNER,0.0,R,KGS,2026-08-20,Dec-2020  (R),gemstrategy_data/raw/import/71011020/71011020_2020_12.html
import,2020-12-01,2020,12,December,71011020,Natural Pearls,Natural (real) pearls - worked,CHINA P RP,PARTNER,0.0,R,KGS,2026-08-20,Dec-2020  (R),gemstrategy_data/raw/import/71011020/71011020_2020_12.html
import,2020-12-01,2020,12,December,71011020,Natural Pearls,Natural (real) pearls - worked,FRANCE,PARTNER,0.0,R,KGS,2026-08-20,Dec-2020  (R),gemstrategy_data/raw/import/71011020/71011020_2020_12.html
import,2020-12-01,2020,12,December,71011020,Natural Pearls,Natural (real) pearls - worked,HONG KONG,PARTNER,0.01,R,KGS,2026-08-20,Dec-2020  (R),gemstrategy_data/raw/import/71011020/71011020_2020_12.html
import,2020-12-01,2020,12,December,71011020,Natural Pearls,Natural (real) pearls - worked,INDONESIA,PARTNER,0.0,R,KGS,2026-08-20,Dec-2020  (R),gemstrategy_data/raw/import/71011020/71011020_2020_12.html
import,2020-12-01,2020,12,December,71011020,Natural Pearls,Natural (real) pearls - worked,JAPAN,PARTNER,0.0,R,KGS,2026-08-20,Dec-2020  (R),gemstrategy_data/raw/import/71011020/71011020_2020_12.html
import,2020-12-01,2020,12,December,71011020,Natural Pearls,Natural (real) pearls - worked,SINGAPORE,PARTNER,0.0,R,KGS,2026-08-20,Dec-2020  (R),gemstrategy_data/raw/import/71011020/71011020_2020_12.html
import,2020-12-01,2020,12,December,71011020,Natural Pearls,Natural (real) pearls - worked,SWITZERLAND,PARTNER,0.0,R,KGS,2026-08-20,Dec-2020  (R),gemstrategy_data/raw/import/71011020/71011020_2020_12.html
import,2020-12-01,2020,12,December,71011020,Natural Pearls,Natural (real) pearls - worked,THAILAND,PARTNER,0.0,R,KGS,2026-08-20,Dec-2020  (R),gemstrategy_data/raw/import/71011020/71011020_2020_12.html
import,2020-12-01,2020,12,December,71011020,Natural Pearls,Natural (real) pearls - worked,U K,PARTNER,0.0,R,KGS,2026-08-20,Dec-2020  (R),gemstrategy_data/raw/import/71011020/71011020_2020_12.html
import,2020-12-01,2020,12,December,71011020,Natural Pearls,Natural (real) pearls - worked,U S A,PARTNER,0.0,R,KGS,2026-08-20,Dec-2020  (R),gemstrategy_data/raw/import/71011020/71011020_2020_12.html
import,2020-12-01,2020,12,December,71011020,Natural Pearls,Natural (real) pearls - worked,Total,TOTAL,0.01,R,KGS,2026-08-20,Dec-2020  (R),gemstrategy_data/raw/import/71011020/71011020_2020_12.html
import,2020-12-01,2020,12,December,71012100,Cultured Pearls,Cultured pearls - unworked,CHINA P RP,PARTNER,0.21,R,KGS,2026-08-20,Dec-2020  (R),gemstrategy_data/raw/import/71012100/71012100_2020_12.html
import,2020-12-01,2020,12,December,71012100,Cultured Pearls,Cultured pearls - unworked,HONG KONG,PARTNER,0.07,R,KGS,2026-08-20,Dec-2020  (R),gemstrategy_data/raw/import/71012100/71012100_2020_12.html
import,2020-12-01,2020,12,December,71012100,Cultured Pearls,Cultured pearls - unworked,INDONESIA,PARTNER,0.0,R,KGS,2026-08-20,Dec-2020  (R),gemstrategy_data/raw/import/71012100/71012100_2020_12.html
import,2020-12-01,2020,12,December,71012100,Cultured Pearls,Cultured pearls - unworked,ITALY,PARTNER,0.0,R,KGS,2026-08-20,Dec-2020  (R),gemstrategy_data/raw/import/71012100/71012100_2020_12.html
import,2020-12-01,2020,12,December,71012100,Cultured Pearls,Cultured pearls - unworked,JAPAN,PARTNER,0.05,R,KGS,2026-08-20,Dec-2020  (R),gemstrategy_data/raw/import/71012100/71012100_2020_12.html
import,2020-12-01,2020,12,December,71012100,Cultured Pearls,Cultured pearls - unworked,THAILAND,PARTNER,0.0,R,KGS,2026-08-20,Dec-2020  (R),gemstrategy_data/raw/import/71012100/71012100_2020_12.html
import,2020-12-01,2020,12,December,71012100,Cultured Pearls,Cultured pearls - unworked,U S A,PARTNER,0.0,R,KGS,2026-08-20,Dec-2020  (R),gemstrategy_data/raw/import/71012100/71012100_2020_12.html
import,2020-12-01,2020,12,December,71012100,Cultured Pearls,Cultured pearls - unworked,Total,TOTAL,0.34,R,KGS,2026-08-20,Dec-2020  (R),gemstrategy_data/raw/import/71012100/71012100_2020_12.html
import,2020-12-01,2020,12,December,71012200,Cultured Pearls,Cultured pearls - worked,AUSTRALIA,PARTNER,0.0,R,KGS,2026-08-20,Dec-2020  (R),gemstrategy_data/raw/import/71012200/71012200_2020_12.html
import,2020-12-01,2020,12,December,71012200,Cultured Pearls,Cultured pearls - worked,CANADA,PARTNER,0.0,R,KGS,2026-08-20,Dec-2020  (R),gemstrategy_data/raw/import/71012200/71012200_2020_12.html
import,2020-12-01,2020,12,December,71012200,Cultured Pearls,Cultured pearls - worked,CHINA P RP,PARTNER,0.02,R,KGS,2026-08-20,Dec-2020  (R),gemstrategy_data/raw/import/71012200/71012200_2020_12.html
import,2020-12-01,2020,12,December,71012200,Cultured Pearls,Cultured pearls - worked,DENMARK,PARTNER,0.0,R,KGS,2026-08-20,Dec-2020  (R),gemstrategy_data/raw/import/71012200/71012200_2020_12.html
import,2020-12-01,2020,12,December,71012200,Cultured Pearls,Cultured pearls - worked,FRANCE,PARTNER,0.0,R,KGS,2026-08-20,Dec-2020  (R),gemstrategy_data/raw/import/71012200/71012200_2020_12.html
import,2020-12-01,2020,12,December,71012200,Cultured Pearls,Cultured pearls - worked,GERMANY,PARTNER,0.0,R,KGS,2026-08-20,Dec-2020  (R),gemstrategy_data/raw/import/71012200/71012200_2020_12.html
import,2020-12-01,2020,12,December,71012200,Cultured Pearls,Cultured pearls - worked,HONG KONG,PARTNER,0.18,R,KGS,2026-08-20,Dec-2020  (R),gemstrategy_data/raw/import/71012200/71012200_2020_12.html
import,2020-12-01,2020,12,December,71012200,Cultured Pearls,Cultured pearls - worked,INDONESIA,PARTNER,0.03,R,KGS,2026-08-20,Dec-2020  (R),gemstrategy_data/raw/import/71012200/71012200_2020_12.html
import,2020-12-01,2020,12,December,71012200,Cultured Pearls,Cultured pearls - worked,ITALY,PARTNER,0.0,R,KGS,2026-08-20,Dec-2020  (R),gemstrategy_data/raw/import/71012200/71012200_2020_12.html
import,2020-12-01,2020,12,December,71012200,Cultured Pearls,Cultured pearls - worked,JAPAN,PARTNER,0.05,R,KGS,2026-08-20,Dec-2020  (R),gemstrategy_data/raw/import/71012200/71012200_2020_12.html
import,2020-12-01,2020,12,December,71012200,Cultured Pearls,Cultured pearls - worked,KOREA RP,PARTNER,0.0,R,KGS,2026-08-20,Dec-2020  (R),gemstrategy_data/raw/import/71012200/71012200_2020_12.html
import,2020-12-01,2020,12,December,71012200,Cultured Pearls,Cultured pearls - worked,SPAIN,PARTNER,0.0,R,KGS,2026-08-20,Dec-2020  (R),gemstrategy_data/raw/import/71012200/71012200_2020_12.html
import,2020-12-01,2020,12,December,71012200,Cultured Pearls,Cultured pearls - worked,SRI LANKA DSR,PARTNER,0.0,R,KGS,2026-08-20,Dec-2020  (R),gemstrategy_data/raw/import/71012200/71012200_2020_12.html
import,2020-12-01,2020,12,December,71012200,Cultured Pearls,Cultured pearls - worked,SWITZERLAND,PARTNER,0.0,R,KGS,2026-08-20,Dec-2020  (R),gemstrategy_data/raw/import/71012200/71012200_2020_12.html
import,2020-12-01,2020,12,December,71012200,Cultured Pearls,Cultured pearls - worked,THAILAND,PARTNER,0.0,R,KGS,2026-08-20,Dec-2020  (R),gemstrategy_data/raw/import/71012200/71012200_2020_12.html
import,2020-12-01,2020,12,December,71012200,Cultured Pearls,Cultured pearls - worked,U ARAB EMTS,PARTNER,0.0,R,KGS,2026-08-20,Dec-2020  (R),gemstrategy_data/raw/import/71012200/71012200_2020_12.html
import,2020-12-01,2020,12,December,71012200,Cultured Pearls,Cultured pearls - worked,U S A,PARTNER,0.0,R,KGS,2026-08-20,Dec-2020  (R),gemstrategy_data/raw/import/71012200/71012200_2020_12.html
import,2020-12-01,2020,12,December,71012200,Cultured Pearls,Cultured pearls - worked,Total,TOTAL,0.28,R,KGS,2026-08-20,Dec-2020  (R),gemstrategy_data/raw/import/71012200/71012200_2020_12.html
import,2021-01-01,2021,1,January,71011010,Natural Pearls,Natural (real) pearls - unworked,GREECE,PARTNER,0.0,R,KGS,2026-08-20,Jan-2021  (R),gemstrategy_data/raw/import/71011010/71011010_2021_01.html
import,2021-01-01,2021,1,January,71011010,Natural Pearls,Natural (real) pearls - unworked,HONG KONG,PARTNER,0.05,R,KGS,2026-08-20,Jan-2021  (R),gemstrategy_data/raw/import/71011010/71011010_2021_01.html
import,2021-01-01,2021,1,January,71011010,Natural Pearls,Natural (real) pearls - unworked,INDONESIA,PARTNER,0.01,R,KGS,2026-08-20,Jan-2021  (R),gemstrategy_data/raw/import/71011010/71011010_2021_01.html
import,2021-01-01,2021,1,January,71011010,Natural Pearls,Natural (real) pearls - unworked,JAPAN,PARTNER,0.03,R,KGS,2026-08-20,Jan-2021  (R),gemstrategy_data/raw/import/71011010/71011010_2021_01.html
import,2021-01-01,2021,1,January,71011010,Natural Pearls,Natural (real) pearls - unworked,SINGAPORE,PARTNER,0.0,R,KGS,2026-08-20,Jan-2021  (R),gemstrategy_data/raw/import/71011010/71011010_2021_01.html
import,2021-01-01,2021,1,January,71011010,Natural Pearls,Natural (real) pearls - unworked,SWITZERLAND,PARTNER,0.0,R,KGS,2026-08-20,Jan-2021  (R),gemstrategy_data/raw/import/71011010/71011010_2021_01.html
import,2021-01-01,2021,1,January,71011010,Natural Pearls,Natural (real) pearls - unworked,THAILAND,PARTNER,0.0,R,KGS,2026-08-20,Jan-2021  (R),gemstrategy_data/raw/import/71011010/71011010_2021_01.html
import,2021-01-01,2021,1,January,71011010,Natural Pearls,Natural (real) pearls - unworked,U ARAB EMTS,PARTNER,0.0,R,KGS,2026-08-20,Jan-2021  (R),gemstrategy_data/raw/import/71011010/71011010_2021_01.html
import,2021-01-01,2021,1,January,71011010,Natural Pearls,Natural (real) pearls - unworked,U S A,PARTNER,0.0,R,KGS,2026-08-20,Jan-2021  (R),gemstrategy_data/raw/import/71011010/71011010_2021_01.html
import,2021-01-01,2021,1,January,71011010,Natural Pearls,Natural (real) pearls - unworked,Total,TOTAL,0.1,R,KGS,2026-08-20,Jan-2021  (R),gemstrategy_data/raw/import/71011010/71011010_2021_01.html
import,2021-01-01,2021,1,January,71011020,Natural Pearls,Natural (real) pearls - worked,BAHARAIN IS,PARTNER,0.0,R,KGS,2026-08-20,Jan-2021  (R),gemstrategy_data/raw/import/71011020/71011020_2021_01.html
import,2021-01-01,2021,1,January,71011020,Natural Pearls,Natural (real) pearls - worked,CHINA P RP,PARTNER,0.0,R,KGS,2026-08-20,Jan-2021  (R),gemstrategy_data/raw/import/71011020/71011020_2021_01.html
import,2021-01-01,2021,1,January,71011020,Natural Pearls,Natural (real) pearls - worked,FRANCE,PARTNER,0.0,R,KGS,2026-08-20,Jan-2021  (R),gemstrategy_data/raw/import/71011020/71011020_2021_01.html
import,2021-01-01,2021,1,January,71011020,Natural Pearls,Natural (real) pearls - worked,HONG KONG,PARTNER,0.0,R,KGS,2026-08-20,Jan-2021  (R),gemstrategy_data/raw/import/71011020/71011020_2021_01.html
import,2021-01-01,2021,1,January,71011020,Natural Pearls,Natural (real) pearls - worked,INDONESIA,PARTNER,0.0,R,KGS,2026-08-20,Jan-2021  (R),gemstrategy_data/raw/import/71011020/71011020_2021_01.html
import,2021-01-01,2021,1,January,71011020,Natural Pearls,Natural (real) pearls - worked,JAPAN,PARTNER,0.0,R,KGS,2026-08-20,Jan-2021  (R),gemstrategy_data/raw/import/71011020/71011020_2021_01.html
import,2021-01-01,2021,1,January,71011020,Natural Pearls,Natural (real) pearls - worked,SINGAPORE,PARTNER,0.0,R,KGS,2026-08-20,Jan-2021  (R),gemstrategy_data/raw/import/71011020/71011020_2021_01.html
import,2021-01-01,2021,1,January,71011020,Natural Pearls,Natural (real) pearls - worked,SWITZERLAND,PARTNER,0.0,R,KGS,2026-08-20,Jan-2021  (R),gemstrategy_data/raw/import/71011020/71011020_2021_01.html
import,2021-01-01,2021,1,January,71011020,Natural Pearls,Natural (real) pearls - worked,THAILAND,PARTNER,0.0,R,KGS,2026-08-20,Jan-2021  (R),gemstrategy_data/raw/import/71011020/71011020_2021_01.html
import,2021-01-01,2021,1,January,71011020,Natural Pearls,Natural (real) pearls - worked,U K,PARTNER,0.0,R,KGS,2026-08-20,Jan-2021  (R),gemstrategy_data/raw/import/71011020/71011020_2021_01.html
import,2021-01-01,2021,1,January,71011020,Natural Pearls,Natural (real) pearls - worked,U S A,PARTNER,0.0,R,KGS,2026-08-20,Jan-2021  (R),gemstrategy_data/raw/import/71011020/71011020_2021_01.html
import,2021-01-01,2021,1,January,71011020,Natural Pearls,Natural (real) pearls - worked,Total,TOTAL,0.0,R,KGS,2026-08-20,Jan-2021  (R),gemstrategy_data/raw/import/71011020/71011020_2021_01.html
import,2021-01-01,2021,1,January,71012100,Cultured Pearls,Cultured pearls - unworked,CHINA P RP,PARTNER,0.03,R,KGS,2026-08-20,Jan-2021  (R),gemstrategy_data/raw/import/71012100/71012100_2021_01.html
import,2021-01-01,2021,1,January,71012100,Cultured Pearls,Cultured pearls - unworked,HONG KONG,PARTNER,0.02,R,KGS,2026-08-20,Jan-2021  (R),gemstrategy_data/raw/import/71012100/71012100_2021_01.html
import,2021-01-01,2021,1,January,71012100,Cultured Pearls,Cultured pearls - unworked,INDONESIA,PARTNER,0.0,R,KGS,2026-08-20,Jan-2021  (R),gemstrategy_data/raw/import/71012100/71012100_2021_01.html
import,2021-01-01,2021,1,January,71012100,Cultured Pearls,Cultured pearls - unworked,ITALY,PARTNER,0.0,R,KGS,2026-08-20,Jan-2021  (R),gemstrategy_data/raw/import/71012100/71012100_2021_01.html
import,2021-01-01,2021,1,January,71012100,Cultured Pearls,Cultured pearls - unworked,JAPAN,PARTNER,0.02,R,KGS,2026-08-20,Jan-2021  (R),gemstrategy_data/raw/import/71012100/71012100_2021_01.html
import,2021-01-01,2021,1,January,71012100,Cultured Pearls,Cultured pearls - unworked,THAILAND,PARTNER,0.0,R,KGS,2026-08-20,Jan-2021  (R),gemstrategy_data/raw/import/71012100/71012100_2021_01.html
import,2021-01-01,2021,1,January,71012100,Cultured Pearls,Cultured pearls - unworked,U S A,PARTNER,0.0,R,KGS,2026-08-20,Jan-2021  (R),gemstrategy_data/raw/import/71012100/71012100_2021_01.html
import,2021-01-01,2021,1,January,71012100,Cultured Pearls,Cultured pearls - unworked,Total,TOTAL,0.07,R,KGS,2026-08-20,Jan-2021  (R),gemstrategy_data/raw/import/71012100/71012100_2021_01.html
import,2021-01-01,2021,1,January,71012200,Cultured Pearls,Cultured pearls - worked,AUSTRALIA,PARTNER,0.0,R,KGS,2026-08-20,Jan-2021  (R),gemstrategy_data/raw/import/71012200/71012200_2021_01.html
import,2021-01-01,2021,1,January,71012200,Cultured Pearls,Cultured pearls - worked,CANADA,PARTNER,0.0,R,KGS,2026-08-20,Jan-2021  (R),gemstrategy_data/raw/import/71012200/71012200_2021_01.html
import,2021-01-01,2021,1,January,71012200,Cultured Pearls,Cultured pearls - worked,CHINA P RP,PARTNER,0.01,R,KGS,2026-08-20,Jan-2021  (R),gemstrategy_data/raw/import/71012200/71012200_2021_01.html
import,2021-01-01,2021,1,January,71012200,Cultured Pearls,Cultured pearls - worked,DENMARK,PARTNER,0.0,R,KGS,2026-08-20,Jan-2021  (R),gemstrategy_data/raw/import/71012200/71012200_2021_01.html
import,2021-01-01,2021,1,January,71012200,Cultured Pearls,Cultured pearls - worked,FRANCE,PARTNER,0.0,R,KGS,2026-08-20,Jan-2021  (R),gemstrategy_data/raw/import/71012200/71012200_2021_01.html
import,2021-01-01,2021,1,January,71012200,Cultured Pearls,Cultured pearls - worked,GERMANY,PARTNER,0.0,R,KGS,2026-08-20,Jan-2021  (R),gemstrategy_data/raw/import/71012200/71012200_2021_01.html
import,2021-01-01,2021,1,January,71012200,Cultured Pearls,Cultured pearls - worked,HONG KONG,PARTNER,0.03,R,KGS,2026-08-20,Jan-2021  (R),gemstrategy_data/raw/import/71012200/71012200_2021_01.html
import,2021-01-01,2021,1,January,71012200,Cultured Pearls,Cultured pearls - worked,INDONESIA,PARTNER,0.0,R,KGS,2026-08-20,Jan-2021  (R),gemstrategy_data/raw/import/71012200/71012200_2021_01.html
import,2021-01-01,2021,1,January,71012200,Cultured Pearls,Cultured pearls - worked,ITALY,PARTNER,0.0,R,KGS,2026-08-20,Jan-2021  (R),gemstrategy_data/raw/import/71012200/71012200_2021_01.html
import,2021-01-01,2021,1,January,71012200,Cultured Pearls,Cultured pearls - worked,JAPAN,PARTNER,0.0,R,KGS,2026-08-20,Jan-2021  (R),gemstrategy_data/raw/import/71012200/71012200_2021_01.html
import,2021-01-01,2021,1,January,71012200,Cultured Pearls,Cultured pearls - worked,KOREA RP,PARTNER,0.0,R,KGS,2026-08-20,Jan-2021  (R),gemstrategy_data/raw/import/71012200/71012200_2021_01.html
import,2021-01-01,2021,1,January,71012200,Cultured Pearls,Cultured pearls - worked,SPAIN,PARTNER,0.0,R,KGS,2026-08-20,Jan-2021  (R),gemstrategy_data/raw/import/71012200/71012200_2021_01.html
import,2021-01-01,2021,1,January,71012200,Cultured Pearls,Cultured pearls - worked,SRI LANKA DSR,PARTNER,0.0,R,KGS,2026-08-20,Jan-2021  (R),gemstrategy_data/raw/import/71012200/71012200_2021_01.html
import,2021-01-01,2021,1,January,71012200,Cultured Pearls,Cultured pearls - worked,SWITZERLAND,PARTNER,0.0,R,KGS,2026-08-20,Jan-2021  (R),gemstrategy_data/raw/import/71012200/71012200_2021_01.html
import,2021-01-01,2021,1,January,71012200,Cultured Pearls,Cultured pearls - worked,THAILAND,PARTNER,0.0,R,KGS,2026-08-20,Jan-2021  (R),gemstrategy_data/raw/import/71012200/71012200_2021_01.html
import,2021-01-01,2021,1,January,71012200,Cultured Pearls,Cultured pearls - worked,U ARAB EMTS,PARTNER,0.0,R,KGS,2026-08-20,Jan-2021  (R),gemstrategy_data/raw/import/71012200/71012200_2021_01.html
import,2021-01-01,2021,1,January,71012200,Cultured Pearls,Cultured pearls - worked,U S A,PARTNER,0.02,R,KGS,2026-08-20,Jan-2021  (R),gemstrategy_data/raw/import/71012200/71012200_2021_01.html
import,2021-01-01,2021,1,January,71012200,Cultured Pearls,Cultured pearls - worked,Total,TOTAL,0.06,R,KGS,2026-08-20,Jan-2021  (R),gemstrategy_data/raw/import/71012200/71012200_2021_01.html
import,2021-02-01,2021,2,February,71011010,Natural Pearls,Natural (real) pearls - unworked,GREECE,PARTNER,0.0,R,KGS,2026-08-20,Feb-2021  (R),gemstrategy_data/raw/import/71011010/71011010_2021_02.html
import,2021-02-01,2021,2,February,71011010,Natural Pearls,Natural (real) pearls - unworked,HONG KONG,PARTNER,0.05,R,KGS,2026-08-20,Feb-2021  (R),gemstrategy_data/raw/import/71011010/71011010_2021_02.html
import,2021-02-01,2021,2,February,71011010,Natural Pearls,Natural (real) pearls - unworked,INDONESIA,PARTNER,0.0,R,KGS,2026-08-20,Feb-2021  (R),gemstrategy_data/raw/import/71011010/71011010_2021_02.html
import,2021-02-01,2021,2,February,71011010,Natural Pearls,Natural (real) pearls - unworked,JAPAN,PARTNER,0.02,R,KGS,2026-08-20,Feb-2021  (R),gemstrategy_data/raw/import/71011010/71011010_2021_02.html
import,2021-02-01,2021,2,February,71011010,Natural Pearls,Natural (real) pearls - unworked,SINGAPORE,PARTNER,0.0,R,KGS,2026-08-20,Feb-2021  (R),gemstrategy_data/raw/import/71011010/71011010_2021_02.html
import,2021-02-01,2021,2,February,71011010,Natural Pearls,Natural (real) pearls - unworked,SWITZERLAND,PARTNER,0.0,R,KGS,2026-08-20,Feb-2021  (R),gemstrategy_data/raw/import/71011010/71011010_2021_02.html
import,2021-02-01,2021,2,February,71011010,Natural Pearls,Natural (real) pearls - unworked,THAILAND,PARTNER,0.0,R,KGS,2026-08-20,Feb-2021  (R),gemstrategy_data/raw/import/71011010/71011010_2021_02.html
import,2021-02-01,2021,2,February,71011010,Natural Pearls,Natural (real) pearls - unworked,U ARAB EMTS,PARTNER,0.0,R,KGS,2026-08-20,Feb-2021  (R),gemstrategy_data/raw/import/71011010/71011010_2021_02.html
import,2021-02-01,2021,2,February,71011010,Natural Pearls,Natural (real) pearls - unworked,U S A,PARTNER,0.0,R,KGS,2026-08-20,Feb-2021  (R),gemstrategy_data/raw/import/71011010/71011010_2021_02.html
import,2021-02-01,2021,2,February,71011010,Natural Pearls,Natural (real) pearls - unworked,Total,TOTAL,0.08,R,KGS,2026-08-20,Feb-2021  (R),gemstrategy_data/raw/import/71011010/71011010_2021_02.html
import,2021-02-01,2021,2,February,71011020,Natural Pearls,Natural (real) pearls - worked,BAHARAIN IS,PARTNER,0.0,R,KGS,2026-08-20,Feb-2021  (R),gemstrategy_data/raw/import/71011020/71011020_2021_02.html
import,2021-02-01,2021,2,February,71011020,Natural Pearls,Natural (real) pearls - worked,CHINA P RP,PARTNER,0.0,R,KGS,2026-08-20,Feb-2021  (R),gemstrategy_data/raw/import/71011020/71011020_2021_02.html
import,2021-02-01,2021,2,February,71011020,Natural Pearls,Natural (real) pearls - worked,FRANCE,PARTNER,0.0,R,KGS,2026-08-20,Feb-2021  (R),gemstrategy_data/raw/import/71011020/71011020_2021_02.html
import,2021-02-01,2021,2,February,71011020,Natural Pearls,Natural (real) pearls - worked,HONG KONG,PARTNER,0.0,R,KGS,2026-08-20,Feb-2021  (R),gemstrategy_data/raw/import/71011020/71011020_2021_02.html
import,2021-02-01,2021,2,February,71011020,Natural Pearls,Natural (real) pearls - worked,INDONESIA,PARTNER,0.0,R,KGS,2026-08-20,Feb-2021  (R),gemstrategy_data/raw/import/71011020/71011020_2021_02.html
import,2021-02-01,2021,2,February,71011020,Natural Pearls,Natural (real) pearls - worked,JAPAN,PARTNER,0.0,R,KGS,2026-08-20,Feb-2021  (R),gemstrategy_data/raw/import/71011020/71011020_2021_02.html
import,2021-02-01,2021,2,February,71011020,Natural Pearls,Natural (real) pearls - worked,SINGAPORE,PARTNER,0.0,R,KGS,2026-08-20,Feb-2021  (R),gemstrategy_data/raw/import/71011020/71011020_2021_02.html
import,2021-02-01,2021,2,February,71011020,Natural Pearls,Natural (real) pearls - worked,SWITZERLAND,PARTNER,0.0,R,KGS,2026-08-20,Feb-2021  (R),gemstrategy_data/raw/import/71011020/71011020_2021_02.html
import,2021-02-01,2021,2,February,71011020,Natural Pearls,Natural (real) pearls - worked,THAILAND,PARTNER,0.0,R,KGS,2026-08-20,Feb-2021  (R),gemstrategy_data/raw/import/71011020/71011020_2021_02.html
import,2021-02-01,2021,2,February,71011020,Natural Pearls,Natural (real) pearls - worked,U K,PARTNER,0.0,R,KGS,2026-08-20,Feb-2021  (R),gemstrategy_data/raw/import/71011020/71011020_2021_02.html
import,2021-02-01,2021,2,February,71011020,Natural Pearls,Natural (real) pearls - worked,U S A,PARTNER,0.0,R,KGS,2026-08-20,Feb-2021  (R),gemstrategy_data/raw/import/71011020/71011020_2021_02.html
import,2021-02-01,2021,2,February,71011020,Natural Pearls,Natural (real) pearls - worked,Total,TOTAL,0.0,R,KGS,2026-08-20,Feb-2021  (R),gemstrategy_data/raw/import/71011020/71011020_2021_02.html
import,2021-02-01,2021,2,February,71012100,Cultured Pearls,Cultured pearls - unworked,CHINA P RP,PARTNER,0.37,R,KGS,2026-08-20,Feb-2021  (R),gemstrategy_data/raw/import/71012100/71012100_2021_02.html
import,2021-02-01,2021,2,February,71012100,Cultured Pearls,Cultured pearls - unworked,HONG KONG,PARTNER,0.38,R,KGS,2026-08-20,Feb-2021  (R),gemstrategy_data/raw/import/71012100/71012100_2021_02.html
import,2021-02-01,2021,2,February,71012100,Cultured Pearls,Cultured pearls - unworked,INDONESIA,PARTNER,0.0,R,KGS,2026-08-20,Feb-2021  (R),gemstrategy_data/raw/import/71012100/71012100_2021_02.html
import,2021-02-01,2021,2,February,71012100,Cultured Pearls,Cultured pearls - unworked,ITALY,PARTNER,0.0,R,KGS,2026-08-20,Feb-2021  (R),gemstrategy_data/raw/import/71012100/71012100_2021_02.html
import,2021-02-01,2021,2,February,71012100,Cultured Pearls,Cultured pearls - unworked,JAPAN,PARTNER,0.1,R,KGS,2026-08-20,Feb-2021  (R),gemstrategy_data/raw/import/71012100/71012100_2021_02.html
import,2021-02-01,2021,2,February,71012100,Cultured Pearls,Cultured pearls - unworked,THAILAND,PARTNER,0.0,R,KGS,2026-08-20,Feb-2021  (R),gemstrategy_data/raw/import/71012100/71012100_2021_02.html
import,2021-02-01,2021,2,February,71012100,Cultured Pearls,Cultured pearls - unworked,U S A,PARTNER,0.0,R,KGS,2026-08-20,Feb-2021  (R),gemstrategy_data/raw/import/71012100/71012100_2021_02.html
import,2021-02-01,2021,2,February,71012100,Cultured Pearls,Cultured pearls - unworked,Total,TOTAL,0.85,R,KGS,2026-08-20,Feb-2021  (R),gemstrategy_data/raw/import/71012100/71012100_2021_02.html
import,2021-02-01,2021,2,February,71012200,Cultured Pearls,Cultured pearls - worked,AUSTRALIA,PARTNER,0.0,R,KGS,2026-08-20,Feb-2021  (R),gemstrategy_data/raw/import/71012200/71012200_2021_02.html
import,2021-02-01,2021,2,February,71012200,Cultured Pearls,Cultured pearls - worked,CANADA,PARTNER,0.0,R,KGS,2026-08-20,Feb-2021  (R),gemstrategy_data/raw/import/71012200/71012200_2021_02.html
import,2021-02-01,2021,2,February,71012200,Cultured Pearls,Cultured pearls - worked,CHINA P RP,PARTNER,0.01,R,KGS,2026-08-20,Feb-2021  (R),gemstrategy_data/raw/import/71012200/71012200_2021_02.html
import,2021-02-01,2021,2,February,71012200,Cultured Pearls,Cultured pearls - worked,DENMARK,PARTNER,0.0,R,KGS,2026-08-20,Feb-2021  (R),gemstrategy_data/raw/import/71012200/71012200_2021_02.html
import,2021-02-01,2021,2,February,71012200,Cultured Pearls,Cultured pearls - worked,FRANCE,PARTNER,0.0,R,KGS,2026-08-20,Feb-2021  (R),gemstrategy_data/raw/import/71012200/71012200_2021_02.html
import,2021-02-01,2021,2,February,71012200,Cultured Pearls,Cultured pearls - worked,GERMANY,PARTNER,0.0,R,KGS,2026-08-20,Feb-2021  (R),gemstrategy_data/raw/import/71012200/71012200_2021_02.html
import,2021-02-01,2021,2,February,71012200,Cultured Pearls,Cultured pearls - worked,HONG KONG,PARTNER,0.2,R,KGS,2026-08-20,Feb-2021  (R),gemstrategy_data/raw/import/71012200/71012200_2021_02.html
import,2021-02-01,2021,2,February,71012200,Cultured Pearls,Cultured pearls - worked,INDONESIA,PARTNER,0.0,R,KGS,2026-08-20,Feb-2021  (R),gemstrategy_data/raw/import/71012200/71012200_2021_02.html
import,2021-02-01,2021,2,February,71012200,Cultured Pearls,Cultured pearls - worked,ITALY,PARTNER,0.0,R,KGS,2026-08-20,Feb-2021  (R),gemstrategy_data/raw/import/71012200/71012200_2021_02.html
import,2021-02-01,2021,2,February,71012200,Cultured Pearls,Cultured pearls - worked,JAPAN,PARTNER,0.0,R,KGS,2026-08-20,Feb-2021  (R),gemstrategy_data/raw/import/71012200/71012200_2021_02.html
import,2021-02-01,2021,2,February,71012200,Cultured Pearls,Cultured pearls - worked,KOREA RP,PARTNER,0.0,R,KGS,2026-08-20,Feb-2021  (R),gemstrategy_data/raw/import/71012200/71012200_2021_02.html
import,2021-02-01,2021,2,February,71012200,Cultured Pearls,Cultured pearls - worked,SPAIN,PARTNER,0.0,R,KGS,2026-08-20,Feb-2021  (R),gemstrategy_data/raw/import/71012200/71012200_2021_02.html
import,2021-02-01,2021,2,February,71012200,Cultured Pearls,Cultured pearls - worked,SRI LANKA DSR,PARTNER,0.0,R,KGS,2026-08-20,Feb-2021  (R),gemstrategy_data/raw/import/71012200/71012200_2021_02.html
import,2021-02-01,2021,2,February,71012200,Cultured Pearls,Cultured pearls - worked,SWITZERLAND,PARTNER,0.0,R,KGS,2026-08-20,Feb-2021  (R),gemstrategy_data/raw/import/71012200/71012200_2021_02.html
import,2021-02-01,2021,2,February,71012200,Cultured Pearls,Cultured pearls - worked,THAILAND,PARTNER,0.06,R,KGS,2026-08-20,Feb-2021  (R),gemstrategy_data/raw/import/71012200/71012200_2021_02.html
import,2021-02-01,2021,2,February,71012200,Cultured Pearls,Cultured pearls - worked,U ARAB EMTS,PARTNER,0.0,R,KGS,2026-08-20,Feb-2021  (R),gemstrategy_data/raw/import/71012200/71012200_2021_02.html
import,2021-02-01,2021,2,February,71012200,Cultured Pearls,Cultured pearls - worked,U K,PARTNER,0.0,R,KGS,2026-08-20,Feb-2021  (R),gemstrategy_data/raw/import/71012200/71012200_2021_02.html
import,2021-02-01,2021,2,February,71012200,Cultured Pearls,Cultured pearls - worked,U S A,PARTNER,0.1,R,KGS,2026-08-20,Feb-2021  (R),gemstrategy_data/raw/import/71012200/71012200_2021_02.html
import,2021-02-01,2021,2,February,71012200,Cultured Pearls,Cultured pearls - worked,Total,TOTAL,0.36,R,KGS,2026-08-20,Feb-2021  (R),gemstrategy_data/raw/import/71012200/71012200_2021_02.html
import,2021-03-01,2021,3,March,71011010,Natural Pearls,Natural (real) pearls - unworked,GREECE,PARTNER,0.0,R,KGS,2026-08-20,Mar-2021  (R),gemstrategy_data/raw/import/71011010/71011010_2021_03.html
import,2021-03-01,2021,3,March,71011010,Natural Pearls,Natural (real) pearls - unworked,HONG KONG,PARTNER,0.01,R,KGS,2026-08-20,Mar-2021  (R),gemstrategy_data/raw/import/71011010/71011010_2021_03.html
import,2021-03-01,2021,3,March,71011010,Natural Pearls,Natural (real) pearls - unworked,INDONESIA,PARTNER,0.0,R,KGS,2026-08-20,Mar-2021  (R),gemstrategy_data/raw/import/71011010/71011010_2021_03.html
import,2021-03-01,2021,3,March,71011010,Natural Pearls,Natural (real) pearls - unworked,JAPAN,PARTNER,0.02,R,KGS,2026-08-20,Mar-2021  (R),gemstrategy_data/raw/import/71011010/71011010_2021_03.html
import,2021-03-01,2021,3,March,71011010,Natural Pearls,Natural (real) pearls - unworked,SINGAPORE,PARTNER,0.0,R,KGS,2026-08-20,Mar-2021  (R),gemstrategy_data/raw/import/71011010/71011010_2021_03.html
import,2021-03-01,2021,3,March,71011010,Natural Pearls,Natural (real) pearls - unworked,SWITZERLAND,PARTNER,0.0,R,KGS,2026-08-20,Mar-2021  (R),gemstrategy_data/raw/import/71011010/71011010_2021_03.html
import,2021-03-01,2021,3,March,71011010,Natural Pearls,Natural (real) pearls - unworked,THAILAND,PARTNER,0.0,R,KGS,2026-08-20,Mar-2021  (R),gemstrategy_data/raw/import/71011010/71011010_2021_03.html
import,2021-03-01,2021,3,March,71011010,Natural Pearls,Natural (real) pearls - unworked,U ARAB EMTS,PARTNER,0.0,R,KGS,2026-08-20,Mar-2021  (R),gemstrategy_data/raw/import/71011010/71011010_2021_03.html
import,2021-03-01,2021,3,March,71011010,Natural Pearls,Natural (real) pearls - unworked,U S A,PARTNER,0.0,R,KGS,2026-08-20,Mar-2021  (R),gemstrategy_data/raw/import/71011010/71011010_2021_03.html
import,2021-03-01,2021,3,March,71011010,Natural Pearls,Natural (real) pearls - unworked,Total,TOTAL,0.03,R,KGS,2026-08-20,Mar-2021  (R),gemstrategy_data/raw/import/71011010/71011010_2021_03.html
import,2021-03-01,2021,3,March,71011020,Natural Pearls,Natural (real) pearls - worked,BAHARAIN IS,PARTNER,0.0,R,KGS,2026-08-20,Mar-2021  (R),gemstrategy_data/raw/import/71011020/71011020_2021_03.html
import,2021-03-01,2021,3,March,71011020,Natural Pearls,Natural (real) pearls - worked,CHINA P RP,PARTNER,0.0,R,KGS,2026-08-20,Mar-2021  (R),gemstrategy_data/raw/import/71011020/71011020_2021_03.html
import,2021-03-01,2021,3,March,71011020,Natural Pearls,Natural (real) pearls - worked,FRANCE,PARTNER,0.0,R,KGS,2026-08-20,Mar-2021  (R),gemstrategy_data/raw/import/71011020/71011020_2021_03.html
import,2021-03-01,2021,3,March,71011020,Natural Pearls,Natural (real) pearls - worked,HONG KONG,PARTNER,0.0,R,KGS,2026-08-20,Mar-2021  (R),gemstrategy_data/raw/import/71011020/71011020_2021_03.html
import,2021-03-01,2021,3,March,71011020,Natural Pearls,Natural (real) pearls - worked,INDONESIA,PARTNER,0.0,R,KGS,2026-08-20,Mar-2021  (R),gemstrategy_data/raw/import/71011020/71011020_2021_03.html
import,2021-03-01,2021,3,March,71011020,Natural Pearls,Natural (real) pearls - worked,JAPAN,PARTNER,0.0,R,KGS,2026-08-20,Mar-2021  (R),gemstrategy_data/raw/import/71011020/71011020_2021_03.html
import,2021-03-01,2021,3,March,71011020,Natural Pearls,Natural (real) pearls - worked,QATAR,PARTNER,0.0,R,KGS,2026-08-20,Mar-2021  (R),gemstrategy_data/raw/import/71011020/71011020_2021_03.html
import,2021-03-01,2021,3,March,71011020,Natural Pearls,Natural (real) pearls - worked,SINGAPORE,PARTNER,0.0,R,KGS,2026-08-20,Mar-2021  (R),gemstrategy_data/raw/import/71011020/71011020_2021_03.html
import,2021-03-01,2021,3,March,71011020,Natural Pearls,Natural (real) pearls - worked,SWITZERLAND,PARTNER,0.0,R,KGS,2026-08-20,Mar-2021  (R),gemstrategy_data/raw/import/71011020/71011020_2021_03.html
import,2021-03-01,2021,3,March,71011020,Natural Pearls,Natural (real) pearls - worked,THAILAND,PARTNER,0.0,R,KGS,2026-08-20,Mar-2021  (R),gemstrategy_data/raw/import/71011020/71011020_2021_03.html
import,2021-03-01,2021,3,March,71011020,Natural Pearls,Natural (real) pearls - worked,U K,PARTNER,0.0,R,KGS,2026-08-20,Mar-2021  (R),gemstrategy_data/raw/import/71011020/71011020_2021_03.html
import,2021-03-01,2021,3,March,71011020,Natural Pearls,Natural (real) pearls - worked,U S A,PARTNER,0.0,R,KGS,2026-08-20,Mar-2021  (R),gemstrategy_data/raw/import/71011020/71011020_2021_03.html
import,2021-03-01,2021,3,March,71011020,Natural Pearls,Natural (real) pearls - worked,Total,TOTAL,0.0,R,KGS,2026-08-20,Mar-2021  (R),gemstrategy_data/raw/import/71011020/71011020_2021_03.html
import,2021-03-01,2021,3,March,71012100,Cultured Pearls,Cultured pearls - unworked,CHINA P RP,PARTNER,0.17,R,KGS,2026-08-20,Mar-2021  (R),gemstrategy_data/raw/import/71012100/71012100_2021_03.html
import,2021-03-01,2021,3,March,71012100,Cultured Pearls,Cultured pearls - unworked,DENMARK,PARTNER,0.0,R,KGS,2026-08-20,Mar-2021  (R),gemstrategy_data/raw/import/71012100/71012100_2021_03.html
import,2021-03-01,2021,3,March,71012100,Cultured Pearls,Cultured pearls - unworked,HONG KONG,PARTNER,0.32,R,KGS,2026-08-20,Mar-2021  (R),gemstrategy_data/raw/import/71012100/71012100_2021_03.html
import,2021-03-01,2021,3,March,71012100,Cultured Pearls,Cultured pearls - unworked,INDONESIA,PARTNER,0.0,R,KGS,2026-08-20,Mar-2021  (R),gemstrategy_data/raw/import/71012100/71012100_2021_03.html
import,2021-03-01,2021,3,March,71012100,Cultured Pearls,Cultured pearls - unworked,ITALY,PARTNER,0.0,R,KGS,2026-08-20,Mar-2021  (R),gemstrategy_data/raw/import/71012100/71012100_2021_03.html
import,2021-03-01,2021,3,March,71012100,Cultured Pearls,Cultured pearls - unworked,JAPAN,PARTNER,0.13,R,KGS,2026-08-20,Mar-2021  (R),gemstrategy_data/raw/import/71012100/71012100_2021_03.html
import,2021-03-01,2021,3,March,71012100,Cultured Pearls,Cultured pearls - unworked,THAILAND,PARTNER,0.01,R,KGS,2026-08-20,Mar-2021  (R),gemstrategy_data/raw/import/71012100/71012100_2021_03.html
import,2021-03-01,2021,3,March,71012100,Cultured Pearls,Cultured pearls - unworked,U S A,PARTNER,0.0,R,KGS,2026-08-20,Mar-2021  (R),gemstrategy_data/raw/import/71012100/71012100_2021_03.html
import,2021-03-01,2021,3,March,71012100,Cultured Pearls,Cultured pearls - unworked,Total,TOTAL,0.62,R,KGS,2026-08-20,Mar-2021  (R),gemstrategy_data/raw/import/71012100/71012100_2021_03.html
import,2021-03-01,2021,3,March,71012200,Cultured Pearls,Cultured pearls - worked,AUSTRALIA,PARTNER,0.0,R,KGS,2026-08-20,Mar-2021  (R),gemstrategy_data/raw/import/71012200/71012200_2021_03.html
import,2021-03-01,2021,3,March,71012200,Cultured Pearls,Cultured pearls - worked,CANADA,PARTNER,0.0,R,KGS,2026-08-20,Mar-2021  (R),gemstrategy_data/raw/import/71012200/71012200_2021_03.html
import,2021-03-01,2021,3,March,71012200,Cultured Pearls,Cultured pearls - worked,CHINA P RP,PARTNER,0.08,R,KGS,2026-08-20,Mar-2021  (R),gemstrategy_data/raw/import/71012200/71012200_2021_03.html
import,2021-03-01,2021,3,March,71012200,Cultured Pearls,Cultured pearls - worked,DENMARK,PARTNER,0.0,R,KGS,2026-08-20,Mar-2021  (R),gemstrategy_data/raw/import/71012200/71012200_2021_03.html
import,2021-03-01,2021,3,March,71012200,Cultured Pearls,Cultured pearls - worked,FRANCE,PARTNER,0.0,R,KGS,2026-08-20,Mar-2021  (R),gemstrategy_data/raw/import/71012200/71012200_2021_03.html
import,2021-03-01,2021,3,March,71012200,Cultured Pearls,Cultured pearls - worked,GERMANY,PARTNER,0.0,R,KGS,2026-08-20,Mar-2021  (R),gemstrategy_data/raw/import/71012200/71012200_2021_03.html
import,2021-03-01,2021,3,March,71012200,Cultured Pearls,Cultured pearls - worked,HONG KONG,PARTNER,0.03,R,KGS,2026-08-20,Mar-2021  (R),gemstrategy_data/raw/import/71012200/71012200_2021_03.html
import,2021-03-01,2021,3,March,71012200,Cultured Pearls,Cultured pearls - worked,INDONESIA,PARTNER,0.01,R,KGS,2026-08-20,Mar-2021  (R),gemstrategy_data/raw/import/71012200/71012200_2021_03.html
import,2021-03-01,2021,3,March,71012200,Cultured Pearls,Cultured pearls - worked,ITALY,PARTNER,0.0,R,KGS,2026-08-20,Mar-2021  (R),gemstrategy_data/raw/import/71012200/71012200_2021_03.html
import,2021-03-01,2021,3,March,71012200,Cultured Pearls,Cultured pearls - worked,JAPAN,PARTNER,0.05,R,KGS,2026-08-20,Mar-2021  (R),gemstrategy_data/raw/import/71012200/71012200_2021_03.html
import,2021-03-01,2021,3,March,71012200,Cultured Pearls,Cultured pearls - worked,KOREA RP,PARTNER,0.0,R,KGS,2026-08-20,Mar-2021  (R),gemstrategy_data/raw/import/71012200/71012200_2021_03.html
import,2021-03-01,2021,3,March,71012200,Cultured Pearls,Cultured pearls - worked,SPAIN,PARTNER,0.0,R,KGS,2026-08-20,Mar-2021  (R),gemstrategy_data/raw/import/71012200/71012200_2021_03.html
import,2021-03-01,2021,3,March,71012200,Cultured Pearls,Cultured pearls - worked,SRI LANKA DSR,PARTNER,0.0,R,KGS,2026-08-20,Mar-2021  (R),gemstrategy_data/raw/import/71012200/71012200_2021_03.html
import,2021-03-01,2021,3,March,71012200,Cultured Pearls,Cultured pearls - worked,SWITZERLAND,PARTNER,0.0,R,KGS,2026-08-20,Mar-2021  (R),gemstrategy_data/raw/import/71012200/71012200_2021_03.html
import,2021-03-01,2021,3,March,71012200,Cultured Pearls,Cultured pearls - worked,THAILAND,PARTNER,0.0,R,KGS,2026-08-20,Mar-2021  (R),gemstrategy_data/raw/import/71012200/71012200_2021_03.html
import,2021-03-01,2021,3,March,71012200,Cultured Pearls,Cultured pearls - worked,U ARAB EMTS,PARTNER,0.0,R,KGS,2026-08-20,Mar-2021  (R),gemstrategy_data/raw/import/71012200/71012200_2021_03.html
import,2021-03-01,2021,3,March,71012200,Cultured Pearls,Cultured pearls - worked,U K,PARTNER,0.0,R,KGS,2026-08-20,Mar-2021  (R),gemstrategy_data/raw/import/71012200/71012200_2021_03.html
import,2021-03-01,2021,3,March,71012200,Cultured Pearls,Cultured pearls - worked,U S A,PARTNER,0.04,R,KGS,2026-08-20,Mar-2021  (R),gemstrategy_data/raw/import/71012200/71012200_2021_03.html
import,2021-03-01,2021,3,March,71012200,Cultured Pearls,Cultured pearls - worked,Total,TOTAL,0.22,R,KGS,2026-08-20,Mar-2021  (R),gemstrategy_data/raw/import/71012200/71012200_2021_03.html
import,2021-04-01,2021,4,April,71011010,Natural Pearls,Natural (real) pearls - unworked,HONG KONG,PARTNER,0.05,R,KGS,2026-08-20,Apr-2021  (R),gemstrategy_data/raw/import/71011010/71011010_2021_04.html
import,2021-04-01,2021,4,April,71011010,Natural Pearls,Natural (real) pearls - unworked,JAPAN,PARTNER,0.09,R,KGS,2026-08-20,Apr-2021  (R),gemstrategy_data/raw/import/71011010/71011010_2021_04.html
import,2021-04-01,2021,4,April,71011010,Natural Pearls,Natural (real) pearls - unworked,SWITZERLAND,PARTNER,0.03,R,KGS,2026-08-20,Apr-2021  (R),gemstrategy_data/raw/import/71011010/71011010_2021_04.html
import,2021-04-01,2021,4,April,71011010,Natural Pearls,Natural (real) pearls - unworked,Total,TOTAL,0.17,R,KGS,2026-08-20,Apr-2021  (R),gemstrategy_data/raw/import/71011010/71011010_2021_04.html
import,2021-04-01,2021,4,April,71011020,Natural Pearls,Natural (real) pearls - worked,SWITZERLAND,PARTNER,0.02,R,KGS,2026-08-20,Apr-2021  (R),gemstrategy_data/raw/import/71011020/71011020_2021_04.html
import,2021-04-01,2021,4,April,71011020,Natural Pearls,Natural (real) pearls - worked,U S A,PARTNER,0.02,R,KGS,2026-08-20,Apr-2021  (R),gemstrategy_data/raw/import/71011020/71011020_2021_04.html
import,2021-04-01,2021,4,April,71011020,Natural Pearls,Natural (real) pearls - worked,Total,TOTAL,0.04,R,KGS,2026-08-20,Apr-2021  (R),gemstrategy_data/raw/import/71011020/71011020_2021_04.html
import,2021-04-01,2021,4,April,71012100,Cultured Pearls,Cultured pearls - unworked,CHINA P RP,PARTNER,0.33,R,KGS,2026-08-20,Apr-2021  (R),gemstrategy_data/raw/import/71012100/71012100_2021_04.html
import,2021-04-01,2021,4,April,71012100,Cultured Pearls,Cultured pearls - unworked,HONG KONG,PARTNER,0.56,R,KGS,2026-08-20,Apr-2021  (R),gemstrategy_data/raw/import/71012100/71012100_2021_04.html
import,2021-04-01,2021,4,April,71012100,Cultured Pearls,Cultured pearls - unworked,Total,TOTAL,0.89,R,KGS,2026-08-20,Apr-2021  (R),gemstrategy_data/raw/import/71012100/71012100_2021_04.html
import,2021-04-01,2021,4,April,71012200,Cultured Pearls,Cultured pearls - worked,CHINA P RP,PARTNER,0.02,R,KGS,2026-08-20,Apr-2021  (R),gemstrategy_data/raw/import/71012200/71012200_2021_04.html
import,2021-04-01,2021,4,April,71012200,Cultured Pearls,Cultured pearls - worked,HONG KONG,PARTNER,0.15,R,KGS,2026-08-20,Apr-2021  (R),gemstrategy_data/raw/import/71012200/71012200_2021_04.html
import,2021-04-01,2021,4,April,71012200,Cultured Pearls,Cultured pearls - worked,JAPAN,PARTNER,0.09,R,KGS,2026-08-20,Apr-2021  (R),gemstrategy_data/raw/import/71012200/71012200_2021_04.html
import,2021-04-01,2021,4,April,71012200,Cultured Pearls,Cultured pearls - worked,SPAIN,PARTNER,0.0,R,KGS,2026-08-20,Apr-2021  (R),gemstrategy_data/raw/import/71012200/71012200_2021_04.html
import,2021-04-01,2021,4,April,71012200,Cultured Pearls,Cultured pearls - worked,THAILAND,PARTNER,0.0,R,KGS,2026-08-20,Apr-2021  (R),gemstrategy_data/raw/import/71012200/71012200_2021_04.html
import,2021-04-01,2021,4,April,71012200,Cultured Pearls,Cultured pearls - worked,U ARAB EMTS,PARTNER,0.0,R,KGS,2026-08-20,Apr-2021  (R),gemstrategy_data/raw/import/71012200/71012200_2021_04.html
import,2021-04-01,2021,4,April,71012200,Cultured Pearls,Cultured pearls - worked,U S A,PARTNER,0.12,R,KGS,2026-08-20,Apr-2021  (R),gemstrategy_data/raw/import/71012200/71012200_2021_04.html
import,2021-04-01,2021,4,April,71012200,Cultured Pearls,Cultured pearls - worked,Total,TOTAL,0.37,R,KGS,2026-08-20,Apr-2021  (R),gemstrategy_data/raw/import/71012200/71012200_2021_04.html
import,2021-05-01,2021,5,May,71011010,Natural Pearls,Natural (real) pearls - unworked,HONG KONG,PARTNER,0.08,R,KGS,2026-08-20,May-2021  (R),gemstrategy_data/raw/import/71011010/71011010_2021_05.html
import,2021-05-01,2021,5,May,71011010,Natural Pearls,Natural (real) pearls - unworked,JAPAN,PARTNER,0.06,R,KGS,2026-08-20,May-2021  (R),gemstrategy_data/raw/import/71011010/71011010_2021_05.html
import,2021-05-01,2021,5,May,71011010,Natural Pearls,Natural (real) pearls - unworked,SWITZERLAND,PARTNER,0.0,R,KGS,2026-08-20,May-2021  (R),gemstrategy_data/raw/import/71011010/71011010_2021_05.html
import,2021-05-01,2021,5,May,71011010,Natural Pearls,Natural (real) pearls - unworked,U S A,PARTNER,0.0,R,KGS,2026-08-20,May-2021  (R),gemstrategy_data/raw/import/71011010/71011010_2021_05.html
import,2021-05-01,2021,5,May,71011010,Natural Pearls,Natural (real) pearls - unworked,Total,TOTAL,0.14,R,KGS,2026-08-20,May-2021  (R),gemstrategy_data/raw/import/71011010/71011010_2021_05.html
import,2021-05-01,2021,5,May,71011020,Natural Pearls,Natural (real) pearls - worked,CHINA P RP,PARTNER,0.01,R,KGS,2026-08-20,May-2021  (R),gemstrategy_data/raw/import/71011020/71011020_2021_05.html
import,2021-05-01,2021,5,May,71011020,Natural Pearls,Natural (real) pearls - worked,SWITZERLAND,PARTNER,0.0,R,KGS,2026-08-20,May-2021  (R),gemstrategy_data/raw/import/71011020/71011020_2021_05.html
import,2021-05-01,2021,5,May,71011020,Natural Pearls,Natural (real) pearls - worked,U S A,PARTNER,0.0,R,KGS,2026-08-20,May-2021  (R),gemstrategy_data/raw/import/71011020/71011020_2021_05.html
import,2021-05-01,2021,5,May,71011020,Natural Pearls,Natural (real) pearls - worked,Total,TOTAL,0.01,R,KGS,2026-08-20,May-2021  (R),gemstrategy_data/raw/import/71011020/71011020_2021_05.html
import,2021-05-01,2021,5,May,71012100,Cultured Pearls,Cultured pearls - unworked,CHINA P RP,PARTNER,0.07,R,KGS,2026-08-20,May-2021  (R),gemstrategy_data/raw/import/71012100/71012100_2021_05.html
import,2021-05-01,2021,5,May,71012100,Cultured Pearls,Cultured pearls - unworked,HONG KONG,PARTNER,0.62,R,KGS,2026-08-20,May-2021  (R),gemstrategy_data/raw/import/71012100/71012100_2021_05.html
import,2021-05-01,2021,5,May,71012100,Cultured Pearls,Cultured pearls - unworked,INDONESIA,PARTNER,0.01,R,KGS,2026-08-20,May-2021  (R),gemstrategy_data/raw/import/71012100/71012100_2021_05.html
import,2021-05-01,2021,5,May,71012100,Cultured Pearls,Cultured pearls - unworked,JAPAN,PARTNER,0.03,R,KGS,2026-08-20,May-2021  (R),gemstrategy_data/raw/import/71012100/71012100_2021_05.html
import,2021-05-01,2021,5,May,71012100,Cultured Pearls,Cultured pearls - unworked,Total,TOTAL,0.73,R,KGS,2026-08-20,May-2021  (R),gemstrategy_data/raw/import/71012100/71012100_2021_05.html
import,2021-05-01,2021,5,May,71012200,Cultured Pearls,Cultured pearls - worked,CHINA P RP,PARTNER,0.0,R,KGS,2026-08-20,May-2021  (R),gemstrategy_data/raw/import/71012200/71012200_2021_05.html
import,2021-05-01,2021,5,May,71012200,Cultured Pearls,Cultured pearls - worked,HONG KONG,PARTNER,0.01,R,KGS,2026-08-20,May-2021  (R),gemstrategy_data/raw/import/71012200/71012200_2021_05.html
import,2021-05-01,2021,5,May,71012200,Cultured Pearls,Cultured pearls - worked,JAPAN,PARTNER,0.09,R,KGS,2026-08-20,May-2021  (R),gemstrategy_data/raw/import/71012200/71012200_2021_05.html
import,2021-05-01,2021,5,May,71012200,Cultured Pearls,Cultured pearls - worked,SPAIN,PARTNER,0.0,R,KGS,2026-08-20,May-2021  (R),gemstrategy_data/raw/import/71012200/71012200_2021_05.html
import,2021-05-01,2021,5,May,71012200,Cultured Pearls,Cultured pearls - worked,THAILAND,PARTNER,0.0,R,KGS,2026-08-20,May-2021  (R),gemstrategy_data/raw/import/71012200/71012200_2021_05.html
import,2021-05-01,2021,5,May,71012200,Cultured Pearls,Cultured pearls - worked,U ARAB EMTS,PARTNER,0.0,R,KGS,2026-08-20,May-2021  (R),gemstrategy_data/raw/import/71012200/71012200_2021_05.html
import,2021-05-01,2021,5,May,71012200,Cultured Pearls,Cultured pearls - worked,U S A,PARTNER,0.01,R,KGS,2026-08-20,May-2021  (R),gemstrategy_data/raw/import/71012200/71012200_2021_05.html
import,2021-05-01,2021,5,May,71012200,Cultured Pearls,Cultured pearls - worked,Total,TOTAL,0.12,R,KGS,2026-08-20,May-2021  (R),gemstrategy_data/raw/import/71012200/71012200_2021_05.html
import,2021-06-01,2021,6,June,71011010,Natural Pearls,Natural (real) pearls - unworked,GREECE,PARTNER,0.0,R,KGS,2026-08-20,Jun-2021  (R),gemstrategy_data/raw/import/71011010/71011010_2021_06.html
import,2021-06-01,2021,6,June,71011010,Natural Pearls,Natural (real) pearls - unworked,HONG KONG,PARTNER,0.1,R,KGS,2026-08-20,Jun-2021  (R),gemstrategy_data/raw/import/71011010/71011010_2021_06.html
import,2021-06-01,2021,6,June,71011010,Natural Pearls,Natural (real) pearls - unworked,JAPAN,PARTNER,0.01,R,KGS,2026-08-20,Jun-2021  (R),gemstrategy_data/raw/import/71011010/71011010_2021_06.html
import,2021-06-01,2021,6,June,71011010,Natural Pearls,Natural (real) pearls - unworked,SWITZERLAND,PARTNER,0.0,R,KGS,2026-08-20,Jun-2021  (R),gemstrategy_data/raw/import/71011010/71011010_2021_06.html
import,2021-06-01,2021,6,June,71011010,Natural Pearls,Natural (real) pearls - unworked,U K,PARTNER,0.0,R,KGS,2026-08-20,Jun-2021  (R),gemstrategy_data/raw/import/71011010/71011010_2021_06.html
import,2021-06-01,2021,6,June,71011010,Natural Pearls,Natural (real) pearls - unworked,U S A,PARTNER,0.0,R,KGS,2026-08-20,Jun-2021  (R),gemstrategy_data/raw/import/71011010/71011010_2021_06.html
import,2021-06-01,2021,6,June,71011010,Natural Pearls,Natural (real) pearls - unworked,Total,TOTAL,0.12,R,KGS,2026-08-20,Jun-2021  (R),gemstrategy_data/raw/import/71011010/71011010_2021_06.html
import,2021-06-01,2021,6,June,71011020,Natural Pearls,Natural (real) pearls - worked,CHINA P RP,PARTNER,0.0,R,KGS,2026-08-20,Jun-2021  (R),gemstrategy_data/raw/import/71011020/71011020_2021_06.html
import,2021-06-01,2021,6,June,71011020,Natural Pearls,Natural (real) pearls - worked,FRANCE,PARTNER,0.0,R,KGS,2026-08-20,Jun-2021  (R),gemstrategy_data/raw/import/71011020/71011020_2021_06.html
import,2021-06-01,2021,6,June,71011020,Natural Pearls,Natural (real) pearls - worked,HONG KONG,PARTNER,0.01,R,KGS,2026-08-20,Jun-2021  (R),gemstrategy_data/raw/import/71011020/71011020_2021_06.html
import,2021-06-01,2021,6,June,71011020,Natural Pearls,Natural (real) pearls - worked,SWITZERLAND,PARTNER,0.0,R,KGS,2026-08-20,Jun-2021  (R),gemstrategy_data/raw/import/71011020/71011020_2021_06.html
import,2021-06-01,2021,6,June,71011020,Natural Pearls,Natural (real) pearls - worked,U S A,PARTNER,0.0,R,KGS,2026-08-20,Jun-2021  (R),gemstrategy_data/raw/import/71011020/71011020_2021_06.html
import,2021-06-01,2021,6,June,71011020,Natural Pearls,Natural (real) pearls - worked,Total,TOTAL,0.01,R,KGS,2026-08-20,Jun-2021  (R),gemstrategy_data/raw/import/71011020/71011020_2021_06.html
import,2021-06-01,2021,6,June,71012100,Cultured Pearls,Cultured pearls - unworked,CHINA P RP,PARTNER,0.1,R,KGS,2026-08-20,Jun-2021  (R),gemstrategy_data/raw/import/71012100/71012100_2021_06.html
import,2021-06-01,2021,6,June,71012100,Cultured Pearls,Cultured pearls - unworked,GERMANY,PARTNER,0.0,R,KGS,2026-08-20,Jun-2021  (R),gemstrategy_data/raw/import/71012100/71012100_2021_06.html
import,2021-06-01,2021,6,June,71012100,Cultured Pearls,Cultured pearls - unworked,HONG KONG,PARTNER,0.14,R,KGS,2026-08-20,Jun-2021  (R),gemstrategy_data/raw/import/71012100/71012100_2021_06.html
import,2021-06-01,2021,6,June,71012100,Cultured Pearls,Cultured pearls - unworked,INDONESIA,PARTNER,0.03,R,KGS,2026-08-20,Jun-2021  (R),gemstrategy_data/raw/import/71012100/71012100_2021_06.html
import,2021-06-01,2021,6,June,71012100,Cultured Pearls,Cultured pearls - unworked,JAPAN,PARTNER,0.03,R,KGS,2026-08-20,Jun-2021  (R),gemstrategy_data/raw/import/71012100/71012100_2021_06.html
import,2021-06-01,2021,6,June,71012100,Cultured Pearls,Cultured pearls - unworked,Total,TOTAL,0.3,R,KGS,2026-08-20,Jun-2021  (R),gemstrategy_data/raw/import/71012100/71012100_2021_06.html
import,2021-06-01,2021,6,June,71012200,Cultured Pearls,Cultured pearls - worked,CHINA P RP,PARTNER,0.01,R,KGS,2026-08-20,Jun-2021  (R),gemstrategy_data/raw/import/71012200/71012200_2021_06.html
import,2021-06-01,2021,6,June,71012200,Cultured Pearls,Cultured pearls - worked,FRANCE,PARTNER,0.0,R,KGS,2026-08-20,Jun-2021  (R),gemstrategy_data/raw/import/71012200/71012200_2021_06.html
import,2021-06-01,2021,6,June,71012200,Cultured Pearls,Cultured pearls - worked,HONG KONG,PARTNER,0.13,R,KGS,2026-08-20,Jun-2021  (R),gemstrategy_data/raw/import/71012200/71012200_2021_06.html
import,2021-06-01,2021,6,June,71012200,Cultured Pearls,Cultured pearls - worked,INDONESIA,PARTNER,0.0,R,KGS,2026-08-20,Jun-2021  (R),gemstrategy_data/raw/import/71012200/71012200_2021_06.html
import,2021-06-01,2021,6,June,71012200,Cultured Pearls,Cultured pearls - worked,JAPAN,PARTNER,0.0,R,KGS,2026-08-20,Jun-2021  (R),gemstrategy_data/raw/import/71012200/71012200_2021_06.html
import,2021-06-01,2021,6,June,71012200,Cultured Pearls,Cultured pearls - worked,KOREA RP,PARTNER,0.0,R,KGS,2026-08-20,Jun-2021  (R),gemstrategy_data/raw/import/71012200/71012200_2021_06.html
import,2021-06-01,2021,6,June,71012200,Cultured Pearls,Cultured pearls - worked,SPAIN,PARTNER,0.0,R,KGS,2026-08-20,Jun-2021  (R),gemstrategy_data/raw/import/71012200/71012200_2021_06.html
import,2021-06-01,2021,6,June,71012200,Cultured Pearls,Cultured pearls - worked,THAILAND,PARTNER,0.09,R,KGS,2026-08-20,Jun-2021  (R),gemstrategy_data/raw/import/71012200/71012200_2021_06.html
import,2021-06-01,2021,6,June,71012200,Cultured Pearls,Cultured pearls - worked,U ARAB EMTS,PARTNER,0.0,R,KGS,2026-08-20,Jun-2021  (R),gemstrategy_data/raw/import/71012200/71012200_2021_06.html
import,2021-06-01,2021,6,June,71012200,Cultured Pearls,Cultured pearls - worked,U S A,PARTNER,0.07,R,KGS,2026-08-20,Jun-2021  (R),gemstrategy_data/raw/import/71012200/71012200_2021_06.html
import,2021-06-01,2021,6,June,71012200,Cultured Pearls,Cultured pearls - worked,Total,TOTAL,0.29,R,KGS,2026-08-20,Jun-2021  (R),gemstrategy_data/raw/import/71012200/71012200_2021_06.html
import,2021-07-01,2021,7,July,71011010,Natural Pearls,Natural (real) pearls - unworked,GREECE,PARTNER,0.0,R,KGS,2026-08-20,Jul-2021  (R),gemstrategy_data/raw/import/71011010/71011010_2021_07.html
import,2021-07-01,2021,7,July,71011010,Natural Pearls,Natural (real) pearls - unworked,HONG KONG,PARTNER,0.03,R,KGS,2026-08-20,Jul-2021  (R),gemstrategy_data/raw/import/71011010/71011010_2021_07.html
import,2021-07-01,2021,7,July,71011010,Natural Pearls,Natural (real) pearls - unworked,JAPAN,PARTNER,0.0,R,KGS,2026-08-20,Jul-2021  (R),gemstrategy_data/raw/import/71011010/71011010_2021_07.html
import,2021-07-01,2021,7,July,71011010,Natural Pearls,Natural (real) pearls - unworked,SWITZERLAND,PARTNER,0.0,R,KGS,2026-08-20,Jul-2021  (R),gemstrategy_data/raw/import/71011010/71011010_2021_07.html
import,2021-07-01,2021,7,July,71011010,Natural Pearls,Natural (real) pearls - unworked,U K,PARTNER,0.0,R,KGS,2026-08-20,Jul-2021  (R),gemstrategy_data/raw/import/71011010/71011010_2021_07.html
import,2021-07-01,2021,7,July,71011010,Natural Pearls,Natural (real) pearls - unworked,U S A,PARTNER,0.0,R,KGS,2026-08-20,Jul-2021  (R),gemstrategy_data/raw/import/71011010/71011010_2021_07.html
import,2021-07-01,2021,7,July,71011010,Natural Pearls,Natural (real) pearls - unworked,Total,TOTAL,0.03,R,KGS,2026-08-20,Jul-2021  (R),gemstrategy_data/raw/import/71011010/71011010_2021_07.html
import,2021-07-01,2021,7,July,71011020,Natural Pearls,Natural (real) pearls - worked,CHINA P RP,PARTNER,0.0,R,KGS,2026-08-20,Jul-2021  (R),gemstrategy_data/raw/import/71011020/71011020_2021_07.html
import,2021-07-01,2021,7,July,71011020,Natural Pearls,Natural (real) pearls - worked,FRANCE,PARTNER,0.0,R,KGS,2026-08-20,Jul-2021  (R),gemstrategy_data/raw/import/71011020/71011020_2021_07.html
import,2021-07-01,2021,7,July,71011020,Natural Pearls,Natural (real) pearls - worked,HONG KONG,PARTNER,0.0,R,KGS,2026-08-20,Jul-2021  (R),gemstrategy_data/raw/import/71011020/71011020_2021_07.html
import,2021-07-01,2021,7,July,71011020,Natural Pearls,Natural (real) pearls - worked,SWITZERLAND,PARTNER,0.0,R,KGS,2026-08-20,Jul-2021  (R),gemstrategy_data/raw/import/71011020/71011020_2021_07.html
import,2021-07-01,2021,7,July,71011020,Natural Pearls,Natural (real) pearls - worked,THAILAND,PARTNER,0.0,R,KGS,2026-08-20,Jul-2021  (R),gemstrategy_data/raw/import/71011020/71011020_2021_07.html
import,2021-07-01,2021,7,July,71011020,Natural Pearls,Natural (real) pearls - worked,U S A,PARTNER,0.02,R,KGS,2026-08-20,Jul-2021  (R),gemstrategy_data/raw/import/71011020/71011020_2021_07.html
import,2021-07-01,2021,7,July,71011020,Natural Pearls,Natural (real) pearls - worked,Total,TOTAL,0.02,R,KGS,2026-08-20,Jul-2021  (R),gemstrategy_data/raw/import/71011020/71011020_2021_07.html
import,2021-07-01,2021,7,July,71012100,Cultured Pearls,Cultured pearls - unworked,CHINA P RP,PARTNER,0.25,R,KGS,2026-08-20,Jul-2021  (R),gemstrategy_data/raw/import/71012100/71012100_2021_07.html
import,2021-07-01,2021,7,July,71012100,Cultured Pearls,Cultured pearls - unworked,GERMANY,PARTNER,0.0,R,KGS,2026-08-20,Jul-2021  (R),gemstrategy_data/raw/import/71012100/71012100_2021_07.html
import,2021-07-01,2021,7,July,71012100,Cultured Pearls,Cultured pearls - unworked,HONG KONG,PARTNER,0.7,R,KGS,2026-08-20,Jul-2021  (R),gemstrategy_data/raw/import/71012100/71012100_2021_07.html
import,2021-07-01,2021,7,July,71012100,Cultured Pearls,Cultured pearls - unworked,INDONESIA,PARTNER,0.0,R,KGS,2026-08-20,Jul-2021  (R),gemstrategy_data/raw/import/71012100/71012100_2021_07.html
import,2021-07-01,2021,7,July,71012100,Cultured Pearls,Cultured pearls - unworked,JAPAN,PARTNER,0.0,R,KGS,2026-08-20,Jul-2021  (R),gemstrategy_data/raw/import/71012100/71012100_2021_07.html
import,2021-07-01,2021,7,July,71012100,Cultured Pearls,Cultured pearls - unworked,U S A,PARTNER,0.0,R,KGS,2026-08-20,Jul-2021  (R),gemstrategy_data/raw/import/71012100/71012100_2021_07.html
import,2021-07-01,2021,7,July,71012100,Cultured Pearls,Cultured pearls - unworked,Total,TOTAL,0.95,R,KGS,2026-08-20,Jul-2021  (R),gemstrategy_data/raw/import/71012100/71012100_2021_07.html
import,2021-07-01,2021,7,July,71012200,Cultured Pearls,Cultured pearls - worked,CHINA P RP,PARTNER,0.01,R,KGS,2026-08-20,Jul-2021  (R),gemstrategy_data/raw/import/71012200/71012200_2021_07.html
import,2021-07-01,2021,7,July,71012200,Cultured Pearls,Cultured pearls - worked,FRANCE,PARTNER,0.0,R,KGS,2026-08-20,Jul-2021  (R),gemstrategy_data/raw/import/71012200/71012200_2021_07.html
import,2021-07-01,2021,7,July,71012200,Cultured Pearls,Cultured pearls - worked,HONG KONG,PARTNER,0.0,R,KGS,2026-08-20,Jul-2021  (R),gemstrategy_data/raw/import/71012200/71012200_2021_07.html
import,2021-07-01,2021,7,July,71012200,Cultured Pearls,Cultured pearls - worked,INDONESIA,PARTNER,0.01,R,KGS,2026-08-20,Jul-2021  (R),gemstrategy_data/raw/import/71012200/71012200_2021_07.html
import,2021-07-01,2021,7,July,71012200,Cultured Pearls,Cultured pearls - worked,JAPAN,PARTNER,0.0,R,KGS,2026-08-20,Jul-2021  (R),gemstrategy_data/raw/import/71012200/71012200_2021_07.html
import,2021-07-01,2021,7,July,71012200,Cultured Pearls,Cultured pearls - worked,KOREA RP,PARTNER,0.0,R,KGS,2026-08-20,Jul-2021  (R),gemstrategy_data/raw/import/71012200/71012200_2021_07.html
import,2021-07-01,2021,7,July,71012200,Cultured Pearls,Cultured pearls - worked,SPAIN,PARTNER,0.0,R,KGS,2026-08-20,Jul-2021  (R),gemstrategy_data/raw/import/71012200/71012200_2021_07.html
import,2021-07-01,2021,7,July,71012200,Cultured Pearls,Cultured pearls - worked,THAILAND,PARTNER,0.0,R,KGS,2026-08-20,Jul-2021  (R),gemstrategy_data/raw/import/71012200/71012200_2021_07.html
import,2021-07-01,2021,7,July,71012200,Cultured Pearls,Cultured pearls - worked,U ARAB EMTS,PARTNER,0.0,R,KGS,2026-08-20,Jul-2021  (R),gemstrategy_data/raw/import/71012200/71012200_2021_07.html
import,2021-07-01,2021,7,July,71012200,Cultured Pearls,Cultured pearls - worked,U S A,PARTNER,0.02,R,KGS,2026-08-20,Jul-2021  (R),gemstrategy_data/raw/import/71012200/71012200_2021_07.html
import,2021-07-01,2021,7,July,71012200,Cultured Pearls,Cultured pearls - worked,Total,TOTAL,0.05,R,KGS,2026-08-20,Jul-2021  (R),gemstrategy_data/raw/import/71012200/71012200_2021_07.html
import,2021-08-01,2021,8,August,71011010,Natural Pearls,Natural (real) pearls - unworked,GREECE,PARTNER,0.0,R,KGS,2026-08-20,Aug-2021  (R),gemstrategy_data/raw/import/71011010/71011010_2021_08.html
import,2021-08-01,2021,8,August,71011010,Natural Pearls,Natural (real) pearls - unworked,HONG KONG,PARTNER,0.16,R,KGS,2026-08-20,Aug-2021  (R),gemstrategy_data/raw/import/71011010/71011010_2021_08.html
import,2021-08-01,2021,8,August,71011010,Natural Pearls,Natural (real) pearls - unworked,JAPAN,PARTNER,0.08,R,KGS,2026-08-20,Aug-2021  (R),gemstrategy_data/raw/import/71011010/71011010_2021_08.html
import,2021-08-01,2021,8,August,71011010,Natural Pearls,Natural (real) pearls - unworked,SWITZERLAND,PARTNER,0.0,R,KGS,2026-08-20,Aug-2021  (R),gemstrategy_data/raw/import/71011010/71011010_2021_08.html
import,2021-08-01,2021,8,August,71011010,Natural Pearls,Natural (real) pearls - unworked,THAILAND,PARTNER,0.02,R,KGS,2026-08-20,Aug-2021  (R),gemstrategy_data/raw/import/71011010/71011010_2021_08.html
import,2021-08-01,2021,8,August,71011010,Natural Pearls,Natural (real) pearls - unworked,U K,PARTNER,0.0,R,KGS,2026-08-20,Aug-2021  (R),gemstrategy_data/raw/import/71011010/71011010_2021_08.html
import,2021-08-01,2021,8,August,71011010,Natural Pearls,Natural (real) pearls - unworked,U S A,PARTNER,0.0,R,KGS,2026-08-20,Aug-2021  (R),gemstrategy_data/raw/import/71011010/71011010_2021_08.html
import,2021-08-01,2021,8,August,71011010,Natural Pearls,Natural (real) pearls - unworked,Total,TOTAL,0.25,R,KGS,2026-08-20,Aug-2021  (R),gemstrategy_data/raw/import/71011010/71011010_2021_08.html
import,2021-08-01,2021,8,August,71011020,Natural Pearls,Natural (real) pearls - worked,CHINA P RP,PARTNER,0.0,R,KGS,2026-08-20,Aug-2021  (R),gemstrategy_data/raw/import/71011020/71011020_2021_08.html
import,2021-08-01,2021,8,August,71011020,Natural Pearls,Natural (real) pearls - worked,FRANCE,PARTNER,0.0,R,KGS,2026-08-20,Aug-2021  (R),gemstrategy_data/raw/import/71011020/71011020_2021_08.html
import,2021-08-01,2021,8,August,71011020,Natural Pearls,Natural (real) pearls - worked,HONG KONG,PARTNER,0.0,R,KGS,2026-08-20,Aug-2021  (R),gemstrategy_data/raw/import/71011020/71011020_2021_08.html
import,2021-08-01,2021,8,August,71011020,Natural Pearls,Natural (real) pearls - worked,SWITZERLAND,PARTNER,0.0,R,KGS,2026-08-20,Aug-2021  (R),gemstrategy_data/raw/import/71011020/71011020_2021_08.html
import,2021-08-01,2021,8,August,71011020,Natural Pearls,Natural (real) pearls - worked,THAILAND,PARTNER,0.0,R,KGS,2026-08-20,Aug-2021  (R),gemstrategy_data/raw/import/71011020/71011020_2021_08.html
import,2021-08-01,2021,8,August,71011020,Natural Pearls,Natural (real) pearls - worked,U S A,PARTNER,0.0,R,KGS,2026-08-20,Aug-2021  (R),gemstrategy_data/raw/import/71011020/71011020_2021_08.html
import,2021-08-01,2021,8,August,71011020,Natural Pearls,Natural (real) pearls - worked,Total,TOTAL,0.0,R,KGS,2026-08-20,Aug-2021  (R),gemstrategy_data/raw/import/71011020/71011020_2021_08.html
import,2021-08-01,2021,8,August,71012100,Cultured Pearls,Cultured pearls - unworked,CHINA P RP,PARTNER,0.01,R,KGS,2026-08-20,Aug-2021  (R),gemstrategy_data/raw/import/71012100/71012100_2021_08.html
import,2021-08-01,2021,8,August,71012100,Cultured Pearls,Cultured pearls - unworked,GERMANY,PARTNER,0.0,R,KGS,2026-08-20,Aug-2021  (R),gemstrategy_data/raw/import/71012100/71012100_2021_08.html
import,2021-08-01,2021,8,August,71012100,Cultured Pearls,Cultured pearls - unworked,HONG KONG,PARTNER,0.18,R,KGS,2026-08-20,Aug-2021  (R),gemstrategy_data/raw/import/71012100/71012100_2021_08.html
import,2021-08-01,2021,8,August,71012100,Cultured Pearls,Cultured pearls - unworked,INDONESIA,PARTNER,0.0,R,KGS,2026-08-20,Aug-2021  (R),gemstrategy_data/raw/import/71012100/71012100_2021_08.html
import,2021-08-01,2021,8,August,71012100,Cultured Pearls,Cultured pearls - unworked,JAPAN,PARTNER,0.29,R,KGS,2026-08-20,Aug-2021  (R),gemstrategy_data/raw/import/71012100/71012100_2021_08.html
import,2021-08-01,2021,8,August,71012100,Cultured Pearls,Cultured pearls - unworked,U S A,PARTNER,0.0,R,KGS,2026-08-20,Aug-2021  (R),gemstrategy_data/raw/import/71012100/71012100_2021_08.html
import,2021-08-01,2021,8,August,71012100,Cultured Pearls,Cultured pearls - unworked,Total,TOTAL,0.47,R,KGS,2026-08-20,Aug-2021  (R),gemstrategy_data/raw/import/71012100/71012100_2021_08.html
import,2021-08-01,2021,8,August,71012200,Cultured Pearls,Cultured pearls - worked,CHINA P RP,PARTNER,0.0,R,KGS,2026-08-20,Aug-2021  (R),gemstrategy_data/raw/import/71012200/71012200_2021_08.html
import,2021-08-01,2021,8,August,71012200,Cultured Pearls,Cultured pearls - worked,DENMARK,PARTNER,0.0,R,KGS,2026-08-20,Aug-2021  (R),gemstrategy_data/raw/import/71012200/71012200_2021_08.html
import,2021-08-01,2021,8,August,71012200,Cultured Pearls,Cultured pearls - worked,FRANCE,PARTNER,0.0,R,KGS,2026-08-20,Aug-2021  (R),gemstrategy_data/raw/import/71012200/71012200_2021_08.html
import,2021-08-01,2021,8,August,71012200,Cultured Pearls,Cultured pearls - worked,HONG KONG,PARTNER,0.01,R,KGS,2026-08-20,Aug-2021  (R),gemstrategy_data/raw/import/71012200/71012200_2021_08.html
import,2021-08-01,2021,8,August,71012200,Cultured Pearls,Cultured pearls - worked,INDONESIA,PARTNER,0.0,R,KGS,2026-08-20,Aug-2021  (R),gemstrategy_data/raw/import/71012200/71012200_2021_08.html
import,2021-08-01,2021,8,August,71012200,Cultured Pearls,Cultured pearls - worked,ITALY,PARTNER,0.0,R,KGS,2026-08-20,Aug-2021  (R),gemstrategy_data/raw/import/71012200/71012200_2021_08.html
import,2021-08-01,2021,8,August,71012200,Cultured Pearls,Cultured pearls - worked,JAPAN,PARTNER,0.01,R,KGS,2026-08-20,Aug-2021  (R),gemstrategy_data/raw/import/71012200/71012200_2021_08.html
import,2021-08-01,2021,8,August,71012200,Cultured Pearls,Cultured pearls - worked,KOREA RP,PARTNER,0.0,R,KGS,2026-08-20,Aug-2021  (R),gemstrategy_data/raw/import/71012200/71012200_2021_08.html
import,2021-08-01,2021,8,August,71012200,Cultured Pearls,Cultured pearls - worked,SPAIN,PARTNER,0.0,R,KGS,2026-08-20,Aug-2021  (R),gemstrategy_data/raw/import/71012200/71012200_2021_08.html
import,2021-08-01,2021,8,August,71012200,Cultured Pearls,Cultured pearls - worked,THAILAND,PARTNER,0.01,R,KGS,2026-08-20,Aug-2021  (R),gemstrategy_data/raw/import/71012200/71012200_2021_08.html
import,2021-08-01,2021,8,August,71012200,Cultured Pearls,Cultured pearls - worked,U ARAB EMTS,PARTNER,0.0,R,KGS,2026-08-20,Aug-2021  (R),gemstrategy_data/raw/import/71012200/71012200_2021_08.html
import,2021-08-01,2021,8,August,71012200,Cultured Pearls,Cultured pearls - worked,U S A,PARTNER,0.09,R,KGS,2026-08-20,Aug-2021  (R),gemstrategy_data/raw/import/71012200/71012200_2021_08.html
import,2021-08-01,2021,8,August,71012200,Cultured Pearls,Cultured pearls - worked,Total,TOTAL,0.12,R,KGS,2026-08-20,Aug-2021  (R),gemstrategy_data/raw/import/71012200/71012200_2021_08.html
import,2021-09-01,2021,9,September,71011010,Natural Pearls,Natural (real) pearls - unworked,CHINA P RP,PARTNER,0.04,R,KGS,2026-08-20,Sep-2021  (R),gemstrategy_data/raw/import/71011010/71011010_2021_09.html
import,2021-09-01,2021,9,September,71011010,Natural Pearls,Natural (real) pearls - unworked,GREECE,PARTNER,0.0,R,KGS,2026-08-20,Sep-2021  (R),gemstrategy_data/raw/import/71011010/71011010_2021_09.html
import,2021-09-01,2021,9,September,71011010,Natural Pearls,Natural (real) pearls - unworked,HONG KONG,PARTNER,0.0,R,KGS,2026-08-20,Sep-2021  (R),gemstrategy_data/raw/import/71011010/71011010_2021_09.html
import,2021-09-01,2021,9,September,71011010,Natural Pearls,Natural (real) pearls - unworked,JAPAN,PARTNER,0.17,R,KGS,2026-08-20,Sep-2021  (R),gemstrategy_data/raw/import/71011010/71011010_2021_09.html
import,2021-09-01,2021,9,September,71011010,Natural Pearls,Natural (real) pearls - unworked,SWITZERLAND,PARTNER,0.0,R,KGS,2026-08-20,Sep-2021  (R),gemstrategy_data/raw/import/71011010/71011010_2021_09.html
import,2021-09-01,2021,9,September,71011010,Natural Pearls,Natural (real) pearls - unworked,THAILAND,PARTNER,0.04,R,KGS,2026-08-20,Sep-2021  (R),gemstrategy_data/raw/import/71011010/71011010_2021_09.html
import,2021-09-01,2021,9,September,71011010,Natural Pearls,Natural (real) pearls - unworked,U K,PARTNER,0.0,R,KGS,2026-08-20,Sep-2021  (R),gemstrategy_data/raw/import/71011010/71011010_2021_09.html
import,2021-09-01,2021,9,September,71011010,Natural Pearls,Natural (real) pearls - unworked,U S A,PARTNER,0.0,R,KGS,2026-08-20,Sep-2021  (R),gemstrategy_data/raw/import/71011010/71011010_2021_09.html
import,2021-09-01,2021,9,September,71011010,Natural Pearls,Natural (real) pearls - unworked,Total,TOTAL,0.25,R,KGS,2026-08-20,Sep-2021  (R),gemstrategy_data/raw/import/71011010/71011010_2021_09.html
import,2021-09-01,2021,9,September,71011020,Natural Pearls,Natural (real) pearls - worked,CHINA P RP,PARTNER,0.0,R,KGS,2026-08-20,Sep-2021  (R),gemstrategy_data/raw/import/71011020/71011020_2021_09.html
import,2021-09-01,2021,9,September,71011020,Natural Pearls,Natural (real) pearls - worked,FRANCE,PARTNER,0.0,R,KGS,2026-08-20,Sep-2021  (R),gemstrategy_data/raw/import/71011020/71011020_2021_09.html
import,2021-09-01,2021,9,September,71011020,Natural Pearls,Natural (real) pearls - worked,HONG KONG,PARTNER,0.0,R,KGS,2026-08-20,Sep-2021  (R),gemstrategy_data/raw/import/71011020/71011020_2021_09.html
import,2021-09-01,2021,9,September,71011020,Natural Pearls,Natural (real) pearls - worked,JAPAN,PARTNER,0.02,R,KGS,2026-08-20,Sep-2021  (R),gemstrategy_data/raw/import/71011020/71011020_2021_09.html
import,2021-09-01,2021,9,September,71011020,Natural Pearls,Natural (real) pearls - worked,SWITZERLAND,PARTNER,0.0,R,KGS,2026-08-20,Sep-2021  (R),gemstrategy_data/raw/import/71011020/71011020_2021_09.html
import,2021-09-01,2021,9,September,71011020,Natural Pearls,Natural (real) pearls - worked,THAILAND,PARTNER,0.01,R,KGS,2026-08-20,Sep-2021  (R),gemstrategy_data/raw/import/71011020/71011020_2021_09.html
import,2021-09-01,2021,9,September,71011020,Natural Pearls,Natural (real) pearls - worked,U S A,PARTNER,0.0,R,KGS,2026-08-20,Sep-2021  (R),gemstrategy_data/raw/import/71011020/71011020_2021_09.html
import,2021-09-01,2021,9,September,71011020,Natural Pearls,Natural (real) pearls - worked,Total,TOTAL,0.03,R,KGS,2026-08-20,Sep-2021  (R),gemstrategy_data/raw/import/71011020/71011020_2021_09.html
import,2021-09-01,2021,9,September,71012100,Cultured Pearls,Cultured pearls - unworked,CHINA P RP,PARTNER,0.01,R,KGS,2026-08-20,Sep-2021  (R),gemstrategy_data/raw/import/71012100/71012100_2021_09.html
import,2021-09-01,2021,9,September,71012100,Cultured Pearls,Cultured pearls - unworked,GERMANY,PARTNER,0.0,R,KGS,2026-08-20,Sep-2021  (R),gemstrategy_data/raw/import/71012100/71012100_2021_09.html
import,2021-09-01,2021,9,September,71012100,Cultured Pearls,Cultured pearls - unworked,HONG KONG,PARTNER,0.77,R,KGS,2026-08-20,Sep-2021  (R),gemstrategy_data/raw/import/71012100/71012100_2021_09.html
import,2021-09-01,2021,9,September,71012100,Cultured Pearls,Cultured pearls - unworked,INDONESIA,PARTNER,0.0,R,KGS,2026-08-20,Sep-2021  (R),gemstrategy_data/raw/import/71012100/71012100_2021_09.html
import,2021-09-01,2021,9,September,71012100,Cultured Pearls,Cultured pearls - unworked,JAPAN,PARTNER,0.0,R,KGS,2026-08-20,Sep-2021  (R),gemstrategy_data/raw/import/71012100/71012100_2021_09.html
import,2021-09-01,2021,9,September,71012100,Cultured Pearls,Cultured pearls - unworked,U S A,PARTNER,0.0,R,KGS,2026-08-20,Sep-2021  (R),gemstrategy_data/raw/import/71012100/71012100_2021_09.html
import,2021-09-01,2021,9,September,71012100,Cultured Pearls,Cultured pearls - unworked,Total,TOTAL,0.79,R,KGS,2026-08-20,Sep-2021  (R),gemstrategy_data/raw/import/71012100/71012100_2021_09.html
import,2021-09-01,2021,9,September,71012200,Cultured Pearls,Cultured pearls - worked,CHINA P RP,PARTNER,0.0,R,KGS,2026-08-20,Sep-2021  (R),gemstrategy_data/raw/import/71012200/71012200_2021_09.html
import,2021-09-01,2021,9,September,71012200,Cultured Pearls,Cultured pearls - worked,DENMARK,PARTNER,0.0,R,KGS,2026-08-20,Sep-2021  (R),gemstrategy_data/raw/import/71012200/71012200_2021_09.html
import,2021-09-01,2021,9,September,71012200,Cultured Pearls,Cultured pearls - worked,FRANCE,PARTNER,0.0,R,KGS,2026-08-20,Sep-2021  (R),gemstrategy_data/raw/import/71012200/71012200_2021_09.html
import,2021-09-01,2021,9,September,71012200,Cultured Pearls,Cultured pearls - worked,GERMANY,PARTNER,0.0,R,KGS,2026-08-20,Sep-2021  (R),gemstrategy_data/raw/import/71012200/71012200_2021_09.html
import,2021-09-01,2021,9,September,71012200,Cultured Pearls,Cultured pearls - worked,HONG KONG,PARTNER,0.22,R,KGS,2026-08-20,Sep-2021  (R),gemstrategy_data/raw/import/71012200/71012200_2021_09.html
import,2021-09-01,2021,9,September,71012200,Cultured Pearls,Cultured pearls - worked,INDONESIA,PARTNER,0.0,R,KGS,2026-08-20,Sep-2021  (R),gemstrategy_data/raw/import/71012200/71012200_2021_09.html
import,2021-09-01,2021,9,September,71012200,Cultured Pearls,Cultured pearls - worked,ITALY,PARTNER,0.0,R,KGS,2026-08-20,Sep-2021  (R),gemstrategy_data/raw/import/71012200/71012200_2021_09.html
import,2021-09-01,2021,9,September,71012200,Cultured Pearls,Cultured pearls - worked,JAPAN,PARTNER,0.12,R,KGS,2026-08-20,Sep-2021  (R),gemstrategy_data/raw/import/71012200/71012200_2021_09.html
import,2021-09-01,2021,9,September,71012200,Cultured Pearls,Cultured pearls - worked,KOREA RP,PARTNER,0.0,R,KGS,2026-08-20,Sep-2021  (R),gemstrategy_data/raw/import/71012200/71012200_2021_09.html
import,2021-09-01,2021,9,September,71012200,Cultured Pearls,Cultured pearls - worked,SPAIN,PARTNER,0.0,R,KGS,2026-08-20,Sep-2021  (R),gemstrategy_data/raw/import/71012200/71012200_2021_09.html
import,2021-09-01,2021,9,September,71012200,Cultured Pearls,Cultured pearls - worked,THAILAND,PARTNER,0.02,R,KGS,2026-08-20,Sep-2021  (R),gemstrategy_data/raw/import/71012200/71012200_2021_09.html
import,2021-09-01,2021,9,September,71012200,Cultured Pearls,Cultured pearls - worked,U ARAB EMTS,PARTNER,0.0,R,KGS,2026-08-20,Sep-2021  (R),gemstrategy_data/raw/import/71012200/71012200_2021_09.html
import,2021-09-01,2021,9,September,71012200,Cultured Pearls,Cultured pearls - worked,U S A,PARTNER,0.02,R,KGS,2026-08-20,Sep-2021  (R),gemstrategy_data/raw/import/71012200/71012200_2021_09.html
import,2021-09-01,2021,9,September,71012200,Cultured Pearls,Cultured pearls - worked,Total,TOTAL,0.39,R,KGS,2026-08-20,Sep-2021  (R),gemstrategy_data/raw/import/71012200/71012200_2021_09.html
import,2021-10-01,2021,10,October,71011010,Natural Pearls,Natural (real) pearls - unworked,CHINA P RP,PARTNER,0.0,R,KGS,2026-08-20,Oct-2021  (R),gemstrategy_data/raw/import/71011010/71011010_2021_10.html
import,2021-10-01,2021,10,October,71011010,Natural Pearls,Natural (real) pearls - unworked,GREECE,PARTNER,0.0,R,KGS,2026-08-20,Oct-2021  (R),gemstrategy_data/raw/import/71011010/71011010_2021_10.html
import,2021-10-01,2021,10,October,71011010,Natural Pearls,Natural (real) pearls - unworked,HONG KONG,PARTNER,0.08,R,KGS,2026-08-20,Oct-2021  (R),gemstrategy_data/raw/import/71011010/71011010_2021_10.html
import,2021-10-01,2021,10,October,71011010,Natural Pearls,Natural (real) pearls - unworked,INDONESIA,PARTNER,0.01,R,KGS,2026-08-20,Oct-2021  (R),gemstrategy_data/raw/import/71011010/71011010_2021_10.html
import,2021-10-01,2021,10,October,71011010,Natural Pearls,Natural (real) pearls - unworked,JAPAN,PARTNER,0.07,R,KGS,2026-08-20,Oct-2021  (R),gemstrategy_data/raw/import/71011010/71011010_2021_10.html
import,2021-10-01,2021,10,October,71011010,Natural Pearls,Natural (real) pearls - unworked,SWITZERLAND,PARTNER,0.0,R,KGS,2026-08-20,Oct-2021  (R),gemstrategy_data/raw/import/71011010/71011010_2021_10.html
import,2021-10-01,2021,10,October,71011010,Natural Pearls,Natural (real) pearls - unworked,THAILAND,PARTNER,0.0,R,KGS,2026-08-20,Oct-2021  (R),gemstrategy_data/raw/import/71011010/71011010_2021_10.html
import,2021-10-01,2021,10,October,71011010,Natural Pearls,Natural (real) pearls - unworked,U K,PARTNER,0.0,R,KGS,2026-08-20,Oct-2021  (R),gemstrategy_data/raw/import/71011010/71011010_2021_10.html
import,2021-10-01,2021,10,October,71011010,Natural Pearls,Natural (real) pearls - unworked,U S A,PARTNER,0.0,R,KGS,2026-08-20,Oct-2021  (R),gemstrategy_data/raw/import/71011010/71011010_2021_10.html
import,2021-10-01,2021,10,October,71011010,Natural Pearls,Natural (real) pearls - unworked,Total,TOTAL,0.16,R,KGS,2026-08-20,Oct-2021  (R),gemstrategy_data/raw/import/71011010/71011010_2021_10.html
import,2021-10-01,2021,10,October,71011020,Natural Pearls,Natural (real) pearls - worked,CHINA P RP,PARTNER,0.0,R,KGS,2026-08-20,Oct-2021  (R),gemstrategy_data/raw/import/71011020/71011020_2021_10.html
import,2021-10-01,2021,10,October,71011020,Natural Pearls,Natural (real) pearls - worked,FRANCE,PARTNER,0.0,R,KGS,2026-08-20,Oct-2021  (R),gemstrategy_data/raw/import/71011020/71011020_2021_10.html
import,2021-10-01,2021,10,October,71011020,Natural Pearls,Natural (real) pearls - worked,HONG KONG,PARTNER,0.05,R,KGS,2026-08-20,Oct-2021  (R),gemstrategy_data/raw/import/71011020/71011020_2021_10.html
import,2021-10-01,2021,10,October,71011020,Natural Pearls,Natural (real) pearls - worked,JAPAN,PARTNER,0.0,R,KGS,2026-08-20,Oct-2021  (R),gemstrategy_data/raw/import/71011020/71011020_2021_10.html
import,2021-10-01,2021,10,October,71011020,Natural Pearls,Natural (real) pearls - worked,SWITZERLAND,PARTNER,0.0,R,KGS,2026-08-20,Oct-2021  (R),gemstrategy_data/raw/import/71011020/71011020_2021_10.html
import,2021-10-01,2021,10,October,71011020,Natural Pearls,Natural (real) pearls - worked,THAILAND,PARTNER,0.0,R,KGS,2026-08-20,Oct-2021  (R),gemstrategy_data/raw/import/71011020/71011020_2021_10.html
import,2021-10-01,2021,10,October,71011020,Natural Pearls,Natural (real) pearls - worked,U S A,PARTNER,0.01,R,KGS,2026-08-20,Oct-2021  (R),gemstrategy_data/raw/import/71011020/71011020_2021_10.html
import,2021-10-01,2021,10,October,71011020,Natural Pearls,Natural (real) pearls - worked,Total,TOTAL,0.06,R,KGS,2026-08-20,Oct-2021  (R),gemstrategy_data/raw/import/71011020/71011020_2021_10.html
import,2021-10-01,2021,10,October,71012100,Cultured Pearls,Cultured pearls - unworked,CHINA P RP,PARTNER,0.31,R,KGS,2026-08-20,Oct-2021  (R),gemstrategy_data/raw/import/71012100/71012100_2021_10.html
import,2021-10-01,2021,10,October,71012100,Cultured Pearls,Cultured pearls - unworked,GERMANY,PARTNER,0.0,R,KGS,2026-08-20,Oct-2021  (R),gemstrategy_data/raw/import/71012100/71012100_2021_10.html
import,2021-10-01,2021,10,October,71012100,Cultured Pearls,Cultured pearls - unworked,HONG KONG,PARTNER,1.44,R,KGS,2026-08-20,Oct-2021  (R),gemstrategy_data/raw/import/71012100/71012100_2021_10.html
import,2021-10-01,2021,10,October,71012100,Cultured Pearls,Cultured pearls - unworked,INDONESIA,PARTNER,0.0,R,KGS,2026-08-20,Oct-2021  (R),gemstrategy_data/raw/import/71012100/71012100_2021_10.html
import,2021-10-01,2021,10,October,71012100,Cultured Pearls,Cultured pearls - unworked,JAPAN,PARTNER,0.0,R,KGS,2026-08-20,Oct-2021  (R),gemstrategy_data/raw/import/71012100/71012100_2021_10.html
import,2021-10-01,2021,10,October,71012100,Cultured Pearls,Cultured pearls - unworked,U S A,PARTNER,0.0,R,KGS,2026-08-20,Oct-2021  (R),gemstrategy_data/raw/import/71012100/71012100_2021_10.html
import,2021-10-01,2021,10,October,71012100,Cultured Pearls,Cultured pearls - unworked,Total,TOTAL,1.74,R,KGS,2026-08-20,Oct-2021  (R),gemstrategy_data/raw/import/71012100/71012100_2021_10.html
import,2021-10-01,2021,10,October,71012200,Cultured Pearls,Cultured pearls - worked,CHINA P RP,PARTNER,0.01,R,KGS,2026-08-20,Oct-2021  (R),gemstrategy_data/raw/import/71012200/71012200_2021_10.html
import,2021-10-01,2021,10,October,71012200,Cultured Pearls,Cultured pearls - worked,DENMARK,PARTNER,0.0,R,KGS,2026-08-20,Oct-2021  (R),gemstrategy_data/raw/import/71012200/71012200_2021_10.html
import,2021-10-01,2021,10,October,71012200,Cultured Pearls,Cultured pearls - worked,FRANCE,PARTNER,0.0,R,KGS,2026-08-20,Oct-2021  (R),gemstrategy_data/raw/import/71012200/71012200_2021_10.html
import,2021-10-01,2021,10,October,71012200,Cultured Pearls,Cultured pearls - worked,GERMANY,PARTNER,0.0,R,KGS,2026-08-20,Oct-2021  (R),gemstrategy_data/raw/import/71012200/71012200_2021_10.html
import,2021-10-01,2021,10,October,71012200,Cultured Pearls,Cultured pearls - worked,HONG KONG,PARTNER,0.16,R,KGS,2026-08-20,Oct-2021  (R),gemstrategy_data/raw/import/71012200/71012200_2021_10.html
import,2021-10-01,2021,10,October,71012200,Cultured Pearls,Cultured pearls - worked,INDONESIA,PARTNER,0.0,R,KGS,2026-08-20,Oct-2021  (R),gemstrategy_data/raw/import/71012200/71012200_2021_10.html
import,2021-10-01,2021,10,October,71012200,Cultured Pearls,Cultured pearls - worked,ITALY,PARTNER,0.0,R,KGS,2026-08-20,Oct-2021  (R),gemstrategy_data/raw/import/71012200/71012200_2021_10.html
import,2021-10-01,2021,10,October,71012200,Cultured Pearls,Cultured pearls - worked,JAPAN,PARTNER,0.12,R,KGS,2026-08-20,Oct-2021  (R),gemstrategy_data/raw/import/71012200/71012200_2021_10.html
import,2021-10-01,2021,10,October,71012200,Cultured Pearls,Cultured pearls - worked,KOREA RP,PARTNER,0.0,R,KGS,2026-08-20,Oct-2021  (R),gemstrategy_data/raw/import/71012200/71012200_2021_10.html
import,2021-10-01,2021,10,October,71012200,Cultured Pearls,Cultured pearls - worked,SPAIN,PARTNER,0.0,R,KGS,2026-08-20,Oct-2021  (R),gemstrategy_data/raw/import/71012200/71012200_2021_10.html
import,2021-10-01,2021,10,October,71012200,Cultured Pearls,Cultured pearls - worked,THAILAND,PARTNER,0.0,R,KGS,2026-08-20,Oct-2021  (R),gemstrategy_data/raw/import/71012200/71012200_2021_10.html
import,2021-10-01,2021,10,October,71012200,Cultured Pearls,Cultured pearls - worked,U ARAB EMTS,PARTNER,0.0,R,KGS,2026-08-20,Oct-2021  (R),gemstrategy_data/raw/import/71012200/71012200_2021_10.html
import,2021-10-01,2021,10,October,71012200,Cultured Pearls,Cultured pearls - worked,U S A,PARTNER,0.08,R,KGS,2026-08-20,Oct-2021  (R),gemstrategy_data/raw/import/71012200/71012200_2021_10.html
import,2021-10-01,2021,10,October,71012200,Cultured Pearls,Cultured pearls - worked,Total,TOTAL,0.38,R,KGS,2026-08-20,Oct-2021  (R),gemstrategy_data/raw/import/71012200/71012200_2021_10.html
import,2021-11-01,2021,11,November,71011010,Natural Pearls,Natural (real) pearls - unworked,CHINA P RP,PARTNER,0.0,R,KGS,2026-08-20,Nov-2021  (R),gemstrategy_data/raw/import/71011010/71011010_2021_11.html
import,2021-11-01,2021,11,November,71011010,Natural Pearls,Natural (real) pearls - unworked,GREECE,PARTNER,0.0,R,KGS,2026-08-20,Nov-2021  (R),gemstrategy_data/raw/import/71011010/71011010_2021_11.html
import,2021-11-01,2021,11,November,71011010,Natural Pearls,Natural (real) pearls - unworked,HONG KONG,PARTNER,0.02,R,KGS,2026-08-20,Nov-2021  (R),gemstrategy_data/raw/import/71011010/71011010_2021_11.html
import,2021-11-01,2021,11,November,71011010,Natural Pearls,Natural (real) pearls - unworked,INDONESIA,PARTNER,0.0,R,KGS,2026-08-20,Nov-2021  (R),gemstrategy_data/raw/import/71011010/71011010_2021_11.html
import,2021-11-01,2021,11,November,71011010,Natural Pearls,Natural (real) pearls - unworked,JAPAN,PARTNER,0.1,R,KGS,2026-08-20,Nov-2021  (R),gemstrategy_data/raw/import/71011010/71011010_2021_11.html
import,2021-11-01,2021,11,November,71011010,Natural Pearls,Natural (real) pearls - unworked,SWITZERLAND,PARTNER,0.0,R,KGS,2026-08-20,Nov-2021  (R),gemstrategy_data/raw/import/71011010/71011010_2021_11.html
import,2021-11-01,2021,11,November,71011010,Natural Pearls,Natural (real) pearls - unworked,THAILAND,PARTNER,0.0,R,KGS,2026-08-20,Nov-2021  (R),gemstrategy_data/raw/import/71011010/71011010_2021_11.html
import,2021-11-01,2021,11,November,71011010,Natural Pearls,Natural (real) pearls - unworked,U K,PARTNER,0.0,R,KGS,2026-08-20,Nov-2021  (R),gemstrategy_data/raw/import/71011010/71011010_2021_11.html
import,2021-11-01,2021,11,November,71011010,Natural Pearls,Natural (real) pearls - unworked,U S A,PARTNER,0.0,R,KGS,2026-08-20,Nov-2021  (R),gemstrategy_data/raw/import/71011010/71011010_2021_11.html
import,2021-11-01,2021,11,November,71011010,Natural Pearls,Natural (real) pearls - unworked,Total,TOTAL,0.13,R,KGS,2026-08-20,Nov-2021  (R),gemstrategy_data/raw/import/71011010/71011010_2021_11.html
import,2021-11-01,2021,11,November,71011020,Natural Pearls,Natural (real) pearls - worked,CHINA P RP,PARTNER,0.0,R,KGS,2026-08-20,Nov-2021  (R),gemstrategy_data/raw/import/71011020/71011020_2021_11.html
import,2021-11-01,2021,11,November,71011020,Natural Pearls,Natural (real) pearls - worked,FRANCE,PARTNER,0.0,R,KGS,2026-08-20,Nov-2021  (R),gemstrategy_data/raw/import/71011020/71011020_2021_11.html
import,2021-11-01,2021,11,November,71011020,Natural Pearls,Natural (real) pearls - worked,HONG KONG,PARTNER,0.0,R,KGS,2026-08-20,Nov-2021  (R),gemstrategy_data/raw/import/71011020/71011020_2021_11.html
import,2021-11-01,2021,11,November,71011020,Natural Pearls,Natural (real) pearls - worked,JAPAN,PARTNER,0.0,R,KGS,2026-08-20,Nov-2021  (R),gemstrategy_data/raw/import/71011020/71011020_2021_11.html
import,2021-11-01,2021,11,November,71011020,Natural Pearls,Natural (real) pearls - worked,SWITZERLAND,PARTNER,0.03,R,KGS,2026-08-20,Nov-2021  (R),gemstrategy_data/raw/import/71011020/71011020_2021_11.html
import,2021-11-01,2021,11,November,71011020,Natural Pearls,Natural (real) pearls - worked,THAILAND,PARTNER,0.0,R,KGS,2026-08-20,Nov-2021  (R),gemstrategy_data/raw/import/71011020/71011020_2021_11.html
import,2021-11-01,2021,11,November,71011020,Natural Pearls,Natural (real) pearls - worked,U ARAB EMTS,PARTNER,0.05,R,KGS,2026-08-20,Nov-2021  (R),gemstrategy_data/raw/import/71011020/71011020_2021_11.html
import,2021-11-01,2021,11,November,71011020,Natural Pearls,Natural (real) pearls - worked,U S A,PARTNER,0.0,R,KGS,2026-08-20,Nov-2021  (R),gemstrategy_data/raw/import/71011020/71011020_2021_11.html
import,2021-11-01,2021,11,November,71011020,Natural Pearls,Natural (real) pearls - worked,Total,TOTAL,0.08,R,KGS,2026-08-20,Nov-2021  (R),gemstrategy_data/raw/import/71011020/71011020_2021_11.html
import,2021-11-01,2021,11,November,71012100,Cultured Pearls,Cultured pearls - unworked,CHINA P RP,PARTNER,0.85,R,KGS,2026-08-20,Nov-2021  (R),gemstrategy_data/raw/import/71012100/71012100_2021_11.html
import,2021-11-01,2021,11,November,71012100,Cultured Pearls,Cultured pearls - unworked,GERMANY,PARTNER,0.0,R,KGS,2026-08-20,Nov-2021  (R),gemstrategy_data/raw/import/71012100/71012100_2021_11.html
import,2021-11-01,2021,11,November,71012100,Cultured Pearls,Cultured pearls - unworked,HONG KONG,PARTNER,0.51,R,KGS,2026-08-20,Nov-2021  (R),gemstrategy_data/raw/import/71012100/71012100_2021_11.html
import,2021-11-01,2021,11,November,71012100,Cultured Pearls,Cultured pearls - unworked,INDONESIA,PARTNER,0.0,R,KGS,2026-08-20,Nov-2021  (R),gemstrategy_data/raw/import/71012100/71012100_2021_11.html
import,2021-11-01,2021,11,November,71012100,Cultured Pearls,Cultured pearls - unworked,JAPAN,PARTNER,0.18,R,KGS,2026-08-20,Nov-2021  (R),gemstrategy_data/raw/import/71012100/71012100_2021_11.html
import,2021-11-01,2021,11,November,71012100,Cultured Pearls,Cultured pearls - unworked,U S A,PARTNER,0.0,R,KGS,2026-08-20,Nov-2021  (R),gemstrategy_data/raw/import/71012100/71012100_2021_11.html
import,2021-11-01,2021,11,November,71012100,Cultured Pearls,Cultured pearls - unworked,Total,TOTAL,1.53,R,KGS,2026-08-20,Nov-2021  (R),gemstrategy_data/raw/import/71012100/71012100_2021_11.html
import,2021-11-01,2021,11,November,71012200,Cultured Pearls,Cultured pearls - worked,CANADA,PARTNER,0.0,R,KGS,2026-08-20,Nov-2021  (R),gemstrategy_data/raw/import/71012200/71012200_2021_11.html
import,2021-11-01,2021,11,November,71012200,Cultured Pearls,Cultured pearls - worked,CHINA P RP,PARTNER,0.07,R,KGS,2026-08-20,Nov-2021  (R),gemstrategy_data/raw/import/71012200/71012200_2021_11.html
import,2021-11-01,2021,11,November,71012200,Cultured Pearls,Cultured pearls - worked,DENMARK,PARTNER,0.0,R,KGS,2026-08-20,Nov-2021  (R),gemstrategy_data/raw/import/71012200/71012200_2021_11.html
import,2021-11-01,2021,11,November,71012200,Cultured Pearls,Cultured pearls - worked,FRANCE,PARTNER,0.0,R,KGS,2026-08-20,Nov-2021  (R),gemstrategy_data/raw/import/71012200/71012200_2021_11.html
import,2021-11-01,2021,11,November,71012200,Cultured Pearls,Cultured pearls - worked,GERMANY,PARTNER,0.0,R,KGS,2026-08-20,Nov-2021  (R),gemstrategy_data/raw/import/71012200/71012200_2021_11.html
import,2021-11-01,2021,11,November,71012200,Cultured Pearls,Cultured pearls - worked,HONG KONG,PARTNER,0.14,R,KGS,2026-08-20,Nov-2021  (R),gemstrategy_data/raw/import/71012200/71012200_2021_11.html
import,2021-11-01,2021,11,November,71012200,Cultured Pearls,Cultured pearls - worked,INDONESIA,PARTNER,0.0,R,KGS,2026-08-20,Nov-2021  (R),gemstrategy_data/raw/import/71012200/71012200_2021_11.html
import,2021-11-01,2021,11,November,71012200,Cultured Pearls,Cultured pearls - worked,ITALY,PARTNER,0.0,R,KGS,2026-08-20,Nov-2021  (R),gemstrategy_data/raw/import/71012200/71012200_2021_11.html
import,2021-11-01,2021,11,November,71012200,Cultured Pearls,Cultured pearls - worked,JAPAN,PARTNER,0.12,R,KGS,2026-08-20,Nov-2021  (R),gemstrategy_data/raw/import/71012200/71012200_2021_11.html
import,2021-11-01,2021,11,November,71012200,Cultured Pearls,Cultured pearls - worked,KOREA RP,PARTNER,0.0,R,KGS,2026-08-20,Nov-2021  (R),gemstrategy_data/raw/import/71012200/71012200_2021_11.html
import,2021-11-01,2021,11,November,71012200,Cultured Pearls,Cultured pearls - worked,SPAIN,PARTNER,0.0,R,KGS,2026-08-20,Nov-2021  (R),gemstrategy_data/raw/import/71012200/71012200_2021_11.html
import,2021-11-01,2021,11,November,71012200,Cultured Pearls,Cultured pearls - worked,THAILAND,PARTNER,0.0,R,KGS,2026-08-20,Nov-2021  (R),gemstrategy_data/raw/import/71012200/71012200_2021_11.html
import,2021-11-01,2021,11,November,71012200,Cultured Pearls,Cultured pearls - worked,U ARAB EMTS,PARTNER,0.0,R,KGS,2026-08-20,Nov-2021  (R),gemstrategy_data/raw/import/71012200/71012200_2021_11.html
import,2021-11-01,2021,11,November,71012200,Cultured Pearls,Cultured pearls - worked,U S A,PARTNER,0.02,R,KGS,2026-08-20,Nov-2021  (R),gemstrategy_data/raw/import/71012200/71012200_2021_11.html
import,2021-11-01,2021,11,November,71012200,Cultured Pearls,Cultured pearls - worked,Total,TOTAL,0.36,R,KGS,2026-08-20,Nov-2021  (R),gemstrategy_data/raw/import/71012200/71012200_2021_11.html
import,2021-12-01,2021,12,December,71011010,Natural Pearls,Natural (real) pearls - unworked,CHINA P RP,PARTNER,0.0,R,KGS,2026-08-20,Dec-2021  (R),gemstrategy_data/raw/import/71011010/71011010_2021_12.html
import,2021-12-01,2021,12,December,71011010,Natural Pearls,Natural (real) pearls - unworked,GREECE,PARTNER,0.0,R,KGS,2026-08-20,Dec-2021  (R),gemstrategy_data/raw/import/71011010/71011010_2021_12.html
import,2021-12-01,2021,12,December,71011010,Natural Pearls,Natural (real) pearls - unworked,HONG KONG,PARTNER,0.04,R,KGS,2026-08-20,Dec-2021  (R),gemstrategy_data/raw/import/71011010/71011010_2021_12.html
import,2021-12-01,2021,12,December,71011010,Natural Pearls,Natural (real) pearls - unworked,INDONESIA,PARTNER,0.0,R,KGS,2026-08-20,Dec-2021  (R),gemstrategy_data/raw/import/71011010/71011010_2021_12.html
import,2021-12-01,2021,12,December,71011010,Natural Pearls,Natural (real) pearls - unworked,JAPAN,PARTNER,0.11,R,KGS,2026-08-20,Dec-2021  (R),gemstrategy_data/raw/import/71011010/71011010_2021_12.html
import,2021-12-01,2021,12,December,71011010,Natural Pearls,Natural (real) pearls - unworked,SWITZERLAND,PARTNER,0.0,R,KGS,2026-08-20,Dec-2021  (R),gemstrategy_data/raw/import/71011010/71011010_2021_12.html
import,2021-12-01,2021,12,December,71011010,Natural Pearls,Natural (real) pearls - unworked,THAILAND,PARTNER,0.03,R,KGS,2026-08-20,Dec-2021  (R),gemstrategy_data/raw/import/71011010/71011010_2021_12.html
import,2021-12-01,2021,12,December,71011010,Natural Pearls,Natural (real) pearls - unworked,U K,PARTNER,0.0,R,KGS,2026-08-20,Dec-2021  (R),gemstrategy_data/raw/import/71011010/71011010_2021_12.html
import,2021-12-01,2021,12,December,71011010,Natural Pearls,Natural (real) pearls - unworked,U S A,PARTNER,0.0,R,KGS,2026-08-20,Dec-2021  (R),gemstrategy_data/raw/import/71011010/71011010_2021_12.html
import,2021-12-01,2021,12,December,71011010,Natural Pearls,Natural (real) pearls - unworked,Total,TOTAL,0.18,R,KGS,2026-08-20,Dec-2021  (R),gemstrategy_data/raw/import/71011010/71011010_2021_12.html
import,2021-12-01,2021,12,December,71011020,Natural Pearls,Natural (real) pearls - worked,CHINA P RP,PARTNER,0.0,R,KGS,2026-08-20,Dec-2021  (R),gemstrategy_data/raw/import/71011020/71011020_2021_12.html
import,2021-12-01,2021,12,December,71011020,Natural Pearls,Natural (real) pearls - worked,FRANCE,PARTNER,0.0,R,KGS,2026-08-20,Dec-2021  (R),gemstrategy_data/raw/import/71011020/71011020_2021_12.html
import,2021-12-01,2021,12,December,71011020,Natural Pearls,Natural (real) pearls - worked,HONG KONG,PARTNER,0.07,R,KGS,2026-08-20,Dec-2021  (R),gemstrategy_data/raw/import/71011020/71011020_2021_12.html
import,2021-12-01,2021,12,December,71011020,Natural Pearls,Natural (real) pearls - worked,JAPAN,PARTNER,0.0,R,KGS,2026-08-20,Dec-2021  (R),gemstrategy_data/raw/import/71011020/71011020_2021_12.html
import,2021-12-01,2021,12,December,71011020,Natural Pearls,Natural (real) pearls - worked,SWITZERLAND,PARTNER,0.0,R,KGS,2026-08-20,Dec-2021  (R),gemstrategy_data/raw/import/71011020/71011020_2021_12.html
import,2021-12-01,2021,12,December,71011020,Natural Pearls,Natural (real) pearls - worked,THAILAND,PARTNER,0.0,R,KGS,2026-08-20,Dec-2021  (R),gemstrategy_data/raw/import/71011020/71011020_2021_12.html
import,2021-12-01,2021,12,December,71011020,Natural Pearls,Natural (real) pearls - worked,U ARAB EMTS,PARTNER,0.0,R,KGS,2026-08-20,Dec-2021  (R),gemstrategy_data/raw/import/71011020/71011020_2021_12.html
import,2021-12-01,2021,12,December,71011020,Natural Pearls,Natural (real) pearls - worked,U S A,PARTNER,0.0,R,KGS,2026-08-20,Dec-2021  (R),gemstrategy_data/raw/import/71011020/71011020_2021_12.html
import,2021-12-01,2021,12,December,71011020,Natural Pearls,Natural (real) pearls - worked,Total,TOTAL,0.07,R,KGS,2026-08-20,Dec-2021  (R),gemstrategy_data/raw/import/71011020/71011020_2021_12.html
import,2021-12-01,2021,12,December,71012100,Cultured Pearls,Cultured pearls - unworked,CHINA P RP,PARTNER,0.28,R,KGS,2026-08-20,Dec-2021  (R),gemstrategy_data/raw/import/71012100/71012100_2021_12.html
import,2021-12-01,2021,12,December,71012100,Cultured Pearls,Cultured pearls - unworked,FRANCE,PARTNER,0.0,R,KGS,2026-08-20,Dec-2021  (R),gemstrategy_data/raw/import/71012100/71012100_2021_12.html
import,2021-12-01,2021,12,December,71012100,Cultured Pearls,Cultured pearls - unworked,GERMANY,PARTNER,0.0,R,KGS,2026-08-20,Dec-2021  (R),gemstrategy_data/raw/import/71012100/71012100_2021_12.html
import,2021-12-01,2021,12,December,71012100,Cultured Pearls,Cultured pearls - unworked,HONG KONG,PARTNER,0.52,R,KGS,2026-08-20,Dec-2021  (R),gemstrategy_data/raw/import/71012100/71012100_2021_12.html
import,2021-12-01,2021,12,December,71012100,Cultured Pearls,Cultured pearls - unworked,INDONESIA,PARTNER,0.0,R,KGS,2026-08-20,Dec-2021  (R),gemstrategy_data/raw/import/71012100/71012100_2021_12.html
import,2021-12-01,2021,12,December,71012100,Cultured Pearls,Cultured pearls - unworked,JAPAN,PARTNER,0.12,R,KGS,2026-08-20,Dec-2021  (R),gemstrategy_data/raw/import/71012100/71012100_2021_12.html
import,2021-12-01,2021,12,December,71012100,Cultured Pearls,Cultured pearls - unworked,U S A,PARTNER,0.0,R,KGS,2026-08-20,Dec-2021  (R),gemstrategy_data/raw/import/71012100/71012100_2021_12.html
import,2021-12-01,2021,12,December,71012100,Cultured Pearls,Cultured pearls - unworked,Total,TOTAL,0.93,R,KGS,2026-08-20,Dec-2021  (R),gemstrategy_data/raw/import/71012100/71012100_2021_12.html
import,2021-12-01,2021,12,December,71012200,Cultured Pearls,Cultured pearls - worked,CANADA,PARTNER,0.0,R,KGS,2026-08-20,Dec-2021  (R),gemstrategy_data/raw/import/71012200/71012200_2021_12.html
import,2021-12-01,2021,12,December,71012200,Cultured Pearls,Cultured pearls - worked,CHINA P RP,PARTNER,0.01,R,KGS,2026-08-20,Dec-2021  (R),gemstrategy_data/raw/import/71012200/71012200_2021_12.html
import,2021-12-01,2021,12,December,71012200,Cultured Pearls,Cultured pearls - worked,DENMARK,PARTNER,0.0,R,KGS,2026-08-20,Dec-2021  (R),gemstrategy_data/raw/import/71012200/71012200_2021_12.html
import,2021-12-01,2021,12,December,71012200,Cultured Pearls,Cultured pearls - worked,FRANCE,PARTNER,0.01,R,KGS,2026-08-20,Dec-2021  (R),gemstrategy_data/raw/import/71012200/71012200_2021_12.html
import,2021-12-01,2021,12,December,71012200,Cultured Pearls,Cultured pearls - worked,GERMANY,PARTNER,0.0,R,KGS,2026-08-20,Dec-2021  (R),gemstrategy_data/raw/import/71012200/71012200_2021_12.html
import,2021-12-01,2021,12,December,71012200,Cultured Pearls,Cultured pearls - worked,HONG KONG,PARTNER,0.26,R,KGS,2026-08-20,Dec-2021  (R),gemstrategy_data/raw/import/71012200/71012200_2021_12.html
import,2021-12-01,2021,12,December,71012200,Cultured Pearls,Cultured pearls - worked,INDONESIA,PARTNER,0.0,R,KGS,2026-08-20,Dec-2021  (R),gemstrategy_data/raw/import/71012200/71012200_2021_12.html
import,2021-12-01,2021,12,December,71012200,Cultured Pearls,Cultured pearls - worked,ITALY,PARTNER,0.0,R,KGS,2026-08-20,Dec-2021  (R),gemstrategy_data/raw/import/71012200/71012200_2021_12.html
import,2021-12-01,2021,12,December,71012200,Cultured Pearls,Cultured pearls - worked,JAPAN,PARTNER,0.21,R,KGS,2026-08-20,Dec-2021  (R),gemstrategy_data/raw/import/71012200/71012200_2021_12.html
import,2021-12-01,2021,12,December,71012200,Cultured Pearls,Cultured pearls - worked,KOREA RP,PARTNER,0.0,R,KGS,2026-08-20,Dec-2021  (R),gemstrategy_data/raw/import/71012200/71012200_2021_12.html
import,2021-12-01,2021,12,December,71012200,Cultured Pearls,Cultured pearls - worked,SPAIN,PARTNER,0.0,R,KGS,2026-08-20,Dec-2021  (R),gemstrategy_data/raw/import/71012200/71012200_2021_12.html
import,2021-12-01,2021,12,December,71012200,Cultured Pearls,Cultured pearls - worked,THAILAND,PARTNER,0.0,R,KGS,2026-08-20,Dec-2021  (R),gemstrategy_data/raw/import/71012200/71012200_2021_12.html
import,2021-12-01,2021,12,December,71012200,Cultured Pearls,Cultured pearls - worked,U ARAB EMTS,PARTNER,0.0,R,KGS,2026-08-20,Dec-2021  (R),gemstrategy_data/raw/import/71012200/71012200_2021_12.html
import,2021-12-01,2021,12,December,71012200,Cultured Pearls,Cultured pearls - worked,U K,PARTNER,0.0,R,KGS,2026-08-20,Dec-2021  (R),gemstrategy_data/raw/import/71012200/71012200_2021_12.html
import,2021-12-01,2021,12,December,71012200,Cultured Pearls,Cultured pearls - worked,U S A,PARTNER,0.12,R,KGS,2026-08-20,Dec-2021  (R),gemstrategy_data/raw/import/71012200/71012200_2021_12.html
import,2021-12-01,2021,12,December,71012200,Cultured Pearls,Cultured pearls - worked,Total,TOTAL,0.61,R,KGS,2026-08-20,Dec-2021  (R),gemstrategy_data/raw/import/71012200/71012200_2021_12.html
import,2022-01-01,2022,1,January,71011010,Natural Pearls,Natural (real) pearls - unworked,CHINA P RP,PARTNER,0.0,R,KGS,2026-08-20,Jan-2022  (R),gemstrategy_data/raw/import/71011010/71011010_2022_01.html
import,2022-01-01,2022,1,January,71011010,Natural Pearls,Natural (real) pearls - unworked,FRANCE,PARTNER,0.0,R,KGS,2026-08-20,Jan-2022  (R),gemstrategy_data/raw/import/71011010/71011010_2022_01.html
import,2022-01-01,2022,1,January,71011010,Natural Pearls,Natural (real) pearls - unworked,GREECE,PARTNER,0.0,R,KGS,2026-08-20,Jan-2022  (R),gemstrategy_data/raw/import/71011010/71011010_2022_01.html
import,2022-01-01,2022,1,January,71011010,Natural Pearls,Natural (real) pearls - unworked,HONG KONG,PARTNER,0.08,R,KGS,2026-08-20,Jan-2022  (R),gemstrategy_data/raw/import/71011010/71011010_2022_01.html
import,2022-01-01,2022,1,January,71011010,Natural Pearls,Natural (real) pearls - unworked,INDONESIA,PARTNER,0.0,R,KGS,2026-08-20,Jan-2022  (R),gemstrategy_data/raw/import/71011010/71011010_2022_01.html
import,2022-01-01,2022,1,January,71011010,Natural Pearls,Natural (real) pearls - unworked,JAPAN,PARTNER,0.0,R,KGS,2026-08-20,Jan-2022  (R),gemstrategy_data/raw/import/71011010/71011010_2022_01.html
import,2022-01-01,2022,1,January,71011010,Natural Pearls,Natural (real) pearls - unworked,SWITZERLAND,PARTNER,0.0,R,KGS,2026-08-20,Jan-2022  (R),gemstrategy_data/raw/import/71011010/71011010_2022_01.html
import,2022-01-01,2022,1,January,71011010,Natural Pearls,Natural (real) pearls - unworked,THAILAND,PARTNER,0.0,R,KGS,2026-08-20,Jan-2022  (R),gemstrategy_data/raw/import/71011010/71011010_2022_01.html
import,2022-01-01,2022,1,January,71011010,Natural Pearls,Natural (real) pearls - unworked,U K,PARTNER,0.0,R,KGS,2026-08-20,Jan-2022  (R),gemstrategy_data/raw/import/71011010/71011010_2022_01.html
import,2022-01-01,2022,1,January,71011010,Natural Pearls,Natural (real) pearls - unworked,U S A,PARTNER,0.0,R,KGS,2026-08-20,Jan-2022  (R),gemstrategy_data/raw/import/71011010/71011010_2022_01.html
import,2022-01-01,2022,1,January,71011010,Natural Pearls,Natural (real) pearls - unworked,Total,TOTAL,0.08,R,KGS,2026-08-20,Jan-2022  (R),gemstrategy_data/raw/import/71011010/71011010_2022_01.html
import,2022-01-01,2022,1,January,71011020,Natural Pearls,Natural (real) pearls - worked,CHINA P RP,PARTNER,0.01,R,KGS,2026-08-20,Jan-2022  (R),gemstrategy_data/raw/import/71011020/71011020_2022_01.html
import,2022-01-01,2022,1,January,71011020,Natural Pearls,Natural (real) pearls - worked,FRANCE,PARTNER,0.0,R,KGS,2026-08-20,Jan-2022  (R),gemstrategy_data/raw/import/71011020/71011020_2022_01.html
import,2022-01-01,2022,1,January,71011020,Natural Pearls,Natural (real) pearls - worked,HONG KONG,PARTNER,0.01,R,KGS,2026-08-20,Jan-2022  (R),gemstrategy_data/raw/import/71011020/71011020_2022_01.html
import,2022-01-01,2022,1,January,71011020,Natural Pearls,Natural (real) pearls - worked,JAPAN,PARTNER,0.0,R,KGS,2026-08-20,Jan-2022  (R),gemstrategy_data/raw/import/71011020/71011020_2022_01.html
import,2022-01-01,2022,1,January,71011020,Natural Pearls,Natural (real) pearls - worked,SWITZERLAND,PARTNER,0.0,R,KGS,2026-08-20,Jan-2022  (R),gemstrategy_data/raw/import/71011020/71011020_2022_01.html
import,2022-01-01,2022,1,January,71011020,Natural Pearls,Natural (real) pearls - worked,THAILAND,PARTNER,0.0,R,KGS,2026-08-20,Jan-2022  (R),gemstrategy_data/raw/import/71011020/71011020_2022_01.html
import,2022-01-01,2022,1,January,71011020,Natural Pearls,Natural (real) pearls - worked,U ARAB EMTS,PARTNER,0.0,R,KGS,2026-08-20,Jan-2022  (R),gemstrategy_data/raw/import/71011020/71011020_2022_01.html
import,2022-01-01,2022,1,January,71011020,Natural Pearls,Natural (real) pearls - worked,U S A,PARTNER,0.0,R,KGS,2026-08-20,Jan-2022  (R),gemstrategy_data/raw/import/71011020/71011020_2022_01.html
import,2022-01-01,2022,1,January,71011020,Natural Pearls,Natural (real) pearls - worked,Total,TOTAL,0.01,R,KGS,2026-08-20,Jan-2022  (R),gemstrategy_data/raw/import/71011020/71011020_2022_01.html
import,2022-01-01,2022,1,January,71012100,Cultured Pearls,Cultured pearls - unworked,CHINA P RP,PARTNER,0.69,R,KGS,2026-08-20,Jan-2022  (R),gemstrategy_data/raw/import/71012100/71012100_2022_01.html
import,2022-01-01,2022,1,January,71012100,Cultured Pearls,Cultured pearls - unworked,FRANCE,PARTNER,0.0,R,KGS,2026-08-20,Jan-2022  (R),gemstrategy_data/raw/import/71012100/71012100_2022_01.html
import,2022-01-01,2022,1,January,71012100,Cultured Pearls,Cultured pearls - unworked,GERMANY,PARTNER,0.0,R,KGS,2026-08-20,Jan-2022  (R),gemstrategy_data/raw/import/71012100/71012100_2022_01.html
import,2022-01-01,2022,1,January,71012100,Cultured Pearls,Cultured pearls - unworked,HONG KONG,PARTNER,1.09,R,KGS,2026-08-20,Jan-2022  (R),gemstrategy_data/raw/import/71012100/71012100_2022_01.html
import,2022-01-01,2022,1,January,71012100,Cultured Pearls,Cultured pearls - unworked,INDONESIA,PARTNER,0.02,R,KGS,2026-08-20,Jan-2022  (R),gemstrategy_data/raw/import/71012100/71012100_2022_01.html
import,2022-01-01,2022,1,January,71012100,Cultured Pearls,Cultured pearls - unworked,JAPAN,PARTNER,0.14,R,KGS,2026-08-20,Jan-2022  (R),gemstrategy_data/raw/import/71012100/71012100_2022_01.html
import,2022-01-01,2022,1,January,71012100,Cultured Pearls,Cultured pearls - unworked,U S A,PARTNER,0.0,R,KGS,2026-08-20,Jan-2022  (R),gemstrategy_data/raw/import/71012100/71012100_2022_01.html
import,2022-01-01,2022,1,January,71012100,Cultured Pearls,Cultured pearls - unworked,Total,TOTAL,1.94,R,KGS,2026-08-20,Jan-2022  (R),gemstrategy_data/raw/import/71012100/71012100_2022_01.html
import,2022-01-01,2022,1,January,71012200,Cultured Pearls,Cultured pearls - worked,CANADA,PARTNER,0.0,R,KGS,2026-08-20,Jan-2022  (R),gemstrategy_data/raw/import/71012200/71012200_2022_01.html
import,2022-01-01,2022,1,January,71012200,Cultured Pearls,Cultured pearls - worked,CHINA P RP,PARTNER,0.01,R,KGS,2026-08-20,Jan-2022  (R),gemstrategy_data/raw/import/71012200/71012200_2022_01.html
import,2022-01-01,2022,1,January,71012200,Cultured Pearls,Cultured pearls - worked,DENMARK,PARTNER,0.0,R,KGS,2026-08-20,Jan-2022  (R),gemstrategy_data/raw/import/71012200/71012200_2022_01.html
import,2022-01-01,2022,1,January,71012200,Cultured Pearls,Cultured pearls - worked,FRANCE,PARTNER,0.0,R,KGS,2026-08-20,Jan-2022  (R),gemstrategy_data/raw/import/71012200/71012200_2022_01.html
import,2022-01-01,2022,1,January,71012200,Cultured Pearls,Cultured pearls - worked,GERMANY,PARTNER,0.0,R,KGS,2026-08-20,Jan-2022  (R),gemstrategy_data/raw/import/71012200/71012200_2022_01.html
import,2022-01-01,2022,1,January,71012200,Cultured Pearls,Cultured pearls - worked,HONG KONG,PARTNER,0.27,R,KGS,2026-08-20,Jan-2022  (R),gemstrategy_data/raw/import/71012200/71012200_2022_01.html
import,2022-01-01,2022,1,January,71012200,Cultured Pearls,Cultured pearls - worked,INDONESIA,PARTNER,0.0,R,KGS,2026-08-20,Jan-2022  (R),gemstrategy_data/raw/import/71012200/71012200_2022_01.html
import,2022-01-01,2022,1,January,71012200,Cultured Pearls,Cultured pearls - worked,ITALY,PARTNER,0.0,R,KGS,2026-08-20,Jan-2022  (R),gemstrategy_data/raw/import/71012200/71012200_2022_01.html
import,2022-01-01,2022,1,January,71012200,Cultured Pearls,Cultured pearls - worked,JAPAN,PARTNER,0.04,R,KGS,2026-08-20,Jan-2022  (R),gemstrategy_data/raw/import/71012200/71012200_2022_01.html
import,2022-01-01,2022,1,January,71012200,Cultured Pearls,Cultured pearls - worked,KOREA RP,PARTNER,0.0,R,KGS,2026-08-20,Jan-2022  (R),gemstrategy_data/raw/import/71012200/71012200_2022_01.html
import,2022-01-01,2022,1,January,71012200,Cultured Pearls,Cultured pearls - worked,SPAIN,PARTNER,0.0,R,KGS,2026-08-20,Jan-2022  (R),gemstrategy_data/raw/import/71012200/71012200_2022_01.html
import,2022-01-01,2022,1,January,71012200,Cultured Pearls,Cultured pearls - worked,THAILAND,PARTNER,0.0,R,KGS,2026-08-20,Jan-2022  (R),gemstrategy_data/raw/import/71012200/71012200_2022_01.html
import,2022-01-01,2022,1,January,71012200,Cultured Pearls,Cultured pearls - worked,U ARAB EMTS,PARTNER,0.0,R,KGS,2026-08-20,Jan-2022  (R),gemstrategy_data/raw/import/71012200/71012200_2022_01.html
import,2022-01-01,2022,1,January,71012200,Cultured Pearls,Cultured pearls - worked,U K,PARTNER,0.0,R,KGS,2026-08-20,Jan-2022  (R),gemstrategy_data/raw/import/71012200/71012200_2022_01.html
import,2022-01-01,2022,1,January,71012200,Cultured Pearls,Cultured pearls - worked,U S A,PARTNER,0.01,R,KGS,2026-08-20,Jan-2022  (R),gemstrategy_data/raw/import/71012200/71012200_2022_01.html
import,2022-01-01,2022,1,January,71012200,Cultured Pearls,Cultured pearls - worked,Total,TOTAL,0.34,R,KGS,2026-08-20,Jan-2022  (R),gemstrategy_data/raw/import/71012200/71012200_2022_01.html
import,2022-02-01,2022,2,February,71011010,Natural Pearls,Natural (real) pearls - unworked,CHINA P RP,PARTNER,0.0,R,KGS,2026-08-20,Feb-2022  (R),gemstrategy_data/raw/import/71011010/71011010_2022_02.html
import,2022-02-01,2022,2,February,71011010,Natural Pearls,Natural (real) pearls - unworked,FRANCE,PARTNER,0.0,R,KGS,2026-08-20,Feb-2022  (R),gemstrategy_data/raw/import/71011010/71011010_2022_02.html
import,2022-02-01,2022,2,February,71011010,Natural Pearls,Natural (real) pearls - unworked,GREECE,PARTNER,0.0,R,KGS,2026-08-20,Feb-2022  (R),gemstrategy_data/raw/import/71011010/71011010_2022_02.html
import,2022-02-01,2022,2,February,71011010,Natural Pearls,Natural (real) pearls - unworked,HONG KONG,PARTNER,0.11,R,KGS,2026-08-20,Feb-2022  (R),gemstrategy_data/raw/import/71011010/71011010_2022_02.html
import,2022-02-01,2022,2,February,71011010,Natural Pearls,Natural (real) pearls - unworked,INDONESIA,PARTNER,0.0,R,KGS,2026-08-20,Feb-2022  (R),gemstrategy_data/raw/import/71011010/71011010_2022_02.html
import,2022-02-01,2022,2,February,71011010,Natural Pearls,Natural (real) pearls - unworked,JAPAN,PARTNER,0.04,R,KGS,2026-08-20,Feb-2022  (R),gemstrategy_data/raw/import/71011010/71011010_2022_02.html
import,2022-02-01,2022,2,February,71011010,Natural Pearls,Natural (real) pearls - unworked,SWITZERLAND,PARTNER,0.0,R,KGS,2026-08-20,Feb-2022  (R),gemstrategy_data/raw/import/71011010/71011010_2022_02.html
import,2022-02-01,2022,2,February,71011010,Natural Pearls,Natural (real) pearls - unworked,THAILAND,PARTNER,0.0,R,KGS,2026-08-20,Feb-2022  (R),gemstrategy_data/raw/import/71011010/71011010_2022_02.html
import,2022-02-01,2022,2,February,71011010,Natural Pearls,Natural (real) pearls - unworked,U K,PARTNER,0.0,R,KGS,2026-08-20,Feb-2022  (R),gemstrategy_data/raw/import/71011010/71011010_2022_02.html
import,2022-02-01,2022,2,February,71011010,Natural Pearls,Natural (real) pearls - unworked,U S A,PARTNER,0.01,R,KGS,2026-08-20,Feb-2022  (R),gemstrategy_data/raw/import/71011010/71011010_2022_02.html
import,2022-02-01,2022,2,February,71011010,Natural Pearls,Natural (real) pearls - unworked,Total,TOTAL,0.17,R,KGS,2026-08-20,Feb-2022  (R),gemstrategy_data/raw/import/71011010/71011010_2022_02.html
import,2022-02-01,2022,2,February,71011020,Natural Pearls,Natural (real) pearls - worked,CHINA P RP,PARTNER,0.0,R,KGS,2026-08-20,Feb-2022  (R),gemstrategy_data/raw/import/71011020/71011020_2022_02.html
import,2022-02-01,2022,2,February,71011020,Natural Pearls,Natural (real) pearls - worked,FRANCE,PARTNER,0.0,R,KGS,2026-08-20,Feb-2022  (R),gemstrategy_data/raw/import/71011020/71011020_2022_02.html
import,2022-02-01,2022,2,February,71011020,Natural Pearls,Natural (real) pearls - worked,HONG KONG,PARTNER,0.05,R,KGS,2026-08-20,Feb-2022  (R),gemstrategy_data/raw/import/71011020/71011020_2022_02.html
import,2022-02-01,2022,2,February,71011020,Natural Pearls,Natural (real) pearls - worked,JAPAN,PARTNER,0.0,R,KGS,2026-08-20,Feb-2022  (R),gemstrategy_data/raw/import/71011020/71011020_2022_02.html
import,2022-02-01,2022,2,February,71011020,Natural Pearls,Natural (real) pearls - worked,SWITZERLAND,PARTNER,0.0,R,KGS,2026-08-20,Feb-2022  (R),gemstrategy_data/raw/import/71011020/71011020_2022_02.html
import,2022-02-01,2022,2,February,71011020,Natural Pearls,Natural (real) pearls - worked,THAILAND,PARTNER,0.0,R,KGS,2026-08-20,Feb-2022  (R),gemstrategy_data/raw/import/71011020/71011020_2022_02.html
import,2022-02-01,2022,2,February,71011020,Natural Pearls,Natural (real) pearls - worked,U ARAB EMTS,PARTNER,0.0,R,KGS,2026-08-20,Feb-2022  (R),gemstrategy_data/raw/import/71011020/71011020_2022_02.html
import,2022-02-01,2022,2,February,71011020,Natural Pearls,Natural (real) pearls - worked,U S A,PARTNER,0.05,R,KGS,2026-08-20,Feb-2022  (R),gemstrategy_data/raw/import/71011020/71011020_2022_02.html
import,2022-02-01,2022,2,February,71011020,Natural Pearls,Natural (real) pearls - worked,Total,TOTAL,0.09,R,KGS,2026-08-20,Feb-2022  (R),gemstrategy_data/raw/import/71011020/71011020_2022_02.html
import,2022-02-01,2022,2,February,71012100,Cultured Pearls,Cultured pearls - unworked,CHINA P RP,PARTNER,0.64,R,KGS,2026-08-20,Feb-2022  (R),gemstrategy_data/raw/import/71012100/71012100_2022_02.html
import,2022-02-01,2022,2,February,71012100,Cultured Pearls,Cultured pearls - unworked,FRANCE,PARTNER,0.0,R,KGS,2026-08-20,Feb-2022  (R),gemstrategy_data/raw/import/71012100/71012100_2022_02.html
import,2022-02-01,2022,2,February,71012100,Cultured Pearls,Cultured pearls - unworked,GERMANY,PARTNER,0.0,R,KGS,2026-08-20,Feb-2022  (R),gemstrategy_data/raw/import/71012100/71012100_2022_02.html
import,2022-02-01,2022,2,February,71012100,Cultured Pearls,Cultured pearls - unworked,HONG KONG,PARTNER,0.19,R,KGS,2026-08-20,Feb-2022  (R),gemstrategy_data/raw/import/71012100/71012100_2022_02.html
import,2022-02-01,2022,2,February,71012100,Cultured Pearls,Cultured pearls - unworked,INDONESIA,PARTNER,0.0,R,KGS,2026-08-20,Feb-2022  (R),gemstrategy_data/raw/import/71012100/71012100_2022_02.html
import,2022-02-01,2022,2,February,71012100,Cultured Pearls,Cultured pearls - unworked,JAPAN,PARTNER,0.0,R,KGS,2026-08-20,Feb-2022  (R),gemstrategy_data/raw/import/71012100/71012100_2022_02.html
import,2022-02-01,2022,2,February,71012100,Cultured Pearls,Cultured pearls - unworked,THAILAND,PARTNER,0.08,R,KGS,2026-08-20,Feb-2022  (R),gemstrategy_data/raw/import/71012100/71012100_2022_02.html
import,2022-02-01,2022,2,February,71012100,Cultured Pearls,Cultured pearls - unworked,U S A,PARTNER,0.0,R,KGS,2026-08-20,Feb-2022  (R),gemstrategy_data/raw/import/71012100/71012100_2022_02.html
import,2022-02-01,2022,2,February,71012100,Cultured Pearls,Cultured pearls - unworked,Total,TOTAL,0.91,R,KGS,2026-08-20,Feb-2022  (R),gemstrategy_data/raw/import/71012100/71012100_2022_02.html
import,2022-02-01,2022,2,February,71012200,Cultured Pearls,Cultured pearls - worked,CANADA,PARTNER,0.0,R,KGS,2026-08-20,Feb-2022  (R),gemstrategy_data/raw/import/71012200/71012200_2022_02.html
import,2022-02-01,2022,2,February,71012200,Cultured Pearls,Cultured pearls - worked,CHINA P RP,PARTNER,0.09,R,KGS,2026-08-20,Feb-2022  (R),gemstrategy_data/raw/import/71012200/71012200_2022_02.html
import,2022-02-01,2022,2,February,71012200,Cultured Pearls,Cultured pearls - worked,DENMARK,PARTNER,0.0,R,KGS,2026-08-20,Feb-2022  (R),gemstrategy_data/raw/import/71012200/71012200_2022_02.html
import,2022-02-01,2022,2,February,71012200,Cultured Pearls,Cultured pearls - worked,FRANCE,PARTNER,0.0,R,KGS,2026-08-20,Feb-2022  (R),gemstrategy_data/raw/import/71012200/71012200_2022_02.html
import,2022-02-01,2022,2,February,71012200,Cultured Pearls,Cultured pearls - worked,GERMANY,PARTNER,0.0,R,KGS,2026-08-20,Feb-2022  (R),gemstrategy_data/raw/import/71012200/71012200_2022_02.html
import,2022-02-01,2022,2,February,71012200,Cultured Pearls,Cultured pearls - worked,HONG KONG,PARTNER,0.09,R,KGS,2026-08-20,Feb-2022  (R),gemstrategy_data/raw/import/71012200/71012200_2022_02.html
import,2022-02-01,2022,2,February,71012200,Cultured Pearls,Cultured pearls - worked,INDONESIA,PARTNER,0.0,R,KGS,2026-08-20,Feb-2022  (R),gemstrategy_data/raw/import/71012200/71012200_2022_02.html
import,2022-02-01,2022,2,February,71012200,Cultured Pearls,Cultured pearls - worked,ITALY,PARTNER,0.0,R,KGS,2026-08-20,Feb-2022  (R),gemstrategy_data/raw/import/71012200/71012200_2022_02.html
import,2022-02-01,2022,2,February,71012200,Cultured Pearls,Cultured pearls - worked,JAPAN,PARTNER,0.0,R,KGS,2026-08-20,Feb-2022  (R),gemstrategy_data/raw/import/71012200/71012200_2022_02.html
import,2022-02-01,2022,2,February,71012200,Cultured Pearls,Cultured pearls - worked,KOREA RP,PARTNER,0.0,R,KGS,2026-08-20,Feb-2022  (R),gemstrategy_data/raw/import/71012200/71012200_2022_02.html
import,2022-02-01,2022,2,February,71012200,Cultured Pearls,Cultured pearls - worked,SPAIN,PARTNER,0.0,R,KGS,2026-08-20,Feb-2022  (R),gemstrategy_data/raw/import/71012200/71012200_2022_02.html
import,2022-02-01,2022,2,February,71012200,Cultured Pearls,Cultured pearls - worked,THAILAND,PARTNER,0.01,R,KGS,2026-08-20,Feb-2022  (R),gemstrategy_data/raw/import/71012200/71012200_2022_02.html
import,2022-02-01,2022,2,February,71012200,Cultured Pearls,Cultured pearls - worked,U ARAB EMTS,PARTNER,0.0,R,KGS,2026-08-20,Feb-2022  (R),gemstrategy_data/raw/import/71012200/71012200_2022_02.html
import,2022-02-01,2022,2,February,71012200,Cultured Pearls,Cultured pearls - worked,U K,PARTNER,0.0,R,KGS,2026-08-20,Feb-2022  (R),gemstrategy_data/raw/import/71012200/71012200_2022_02.html
import,2022-02-01,2022,2,February,71012200,Cultured Pearls,Cultured pearls - worked,U S A,PARTNER,0.03,R,KGS,2026-08-20,Feb-2022  (R),gemstrategy_data/raw/import/71012200/71012200_2022_02.html
import,2022-02-01,2022,2,February,71012200,Cultured Pearls,Cultured pearls - worked,Total,TOTAL,0.22,R,KGS,2026-08-20,Feb-2022  (R),gemstrategy_data/raw/import/71012200/71012200_2022_02.html
import,2022-03-01,2022,3,March,71011010,Natural Pearls,Natural (real) pearls - unworked,CHINA P RP,PARTNER,0.18,R,KGS,2026-08-20,Mar-2022  (R),gemstrategy_data/raw/import/71011010/71011010_2022_03.html
import,2022-03-01,2022,3,March,71011010,Natural Pearls,Natural (real) pearls - unworked,FRANCE,PARTNER,0.0,R,KGS,2026-08-20,Mar-2022  (R),gemstrategy_data/raw/import/71011010/71011010_2022_03.html
import,2022-03-01,2022,3,March,71011010,Natural Pearls,Natural (real) pearls - unworked,GREECE,PARTNER,0.0,R,KGS,2026-08-20,Mar-2022  (R),gemstrategy_data/raw/import/71011010/71011010_2022_03.html
import,2022-03-01,2022,3,March,71011010,Natural Pearls,Natural (real) pearls - unworked,HONG KONG,PARTNER,0.19,R,KGS,2026-08-20,Mar-2022  (R),gemstrategy_data/raw/import/71011010/71011010_2022_03.html
import,2022-03-01,2022,3,March,71011010,Natural Pearls,Natural (real) pearls - unworked,INDONESIA,PARTNER,0.0,R,KGS,2026-08-20,Mar-2022  (R),gemstrategy_data/raw/import/71011010/71011010_2022_03.html
import,2022-03-01,2022,3,March,71011010,Natural Pearls,Natural (real) pearls - unworked,JAPAN,PARTNER,0.0,R,KGS,2026-08-20,Mar-2022  (R),gemstrategy_data/raw/import/71011010/71011010_2022_03.html
import,2022-03-01,2022,3,March,71011010,Natural Pearls,Natural (real) pearls - unworked,SWITZERLAND,PARTNER,0.0,R,KGS,2026-08-20,Mar-2022  (R),gemstrategy_data/raw/import/71011010/71011010_2022_03.html
import,2022-03-01,2022,3,March,71011010,Natural Pearls,Natural (real) pearls - unworked,THAILAND,PARTNER,0.0,R,KGS,2026-08-20,Mar-2022  (R),gemstrategy_data/raw/import/71011010/71011010_2022_03.html
import,2022-03-01,2022,3,March,71011010,Natural Pearls,Natural (real) pearls - unworked,U K,PARTNER,0.0,R,KGS,2026-08-20,Mar-2022  (R),gemstrategy_data/raw/import/71011010/71011010_2022_03.html
import,2022-03-01,2022,3,March,71011010,Natural Pearls,Natural (real) pearls - unworked,U S A,PARTNER,0.0,R,KGS,2026-08-20,Mar-2022  (R),gemstrategy_data/raw/import/71011010/71011010_2022_03.html
import,2022-03-01,2022,3,March,71011010,Natural Pearls,Natural (real) pearls - unworked,Total,TOTAL,0.38,R,KGS,2026-08-20,Mar-2022  (R),gemstrategy_data/raw/import/71011010/71011010_2022_03.html
import,2022-03-01,2022,3,March,71011020,Natural Pearls,Natural (real) pearls - worked,CHINA P RP,PARTNER,0.0,R,KGS,2026-08-20,Mar-2022  (R),gemstrategy_data/raw/import/71011020/71011020_2022_03.html
import,2022-03-01,2022,3,March,71011020,Natural Pearls,Natural (real) pearls - worked,FRANCE,PARTNER,0.0,R,KGS,2026-08-20,Mar-2022  (R),gemstrategy_data/raw/import/71011020/71011020_2022_03.html
import,2022-03-01,2022,3,March,71011020,Natural Pearls,Natural (real) pearls - worked,HONG KONG,PARTNER,0.0,R,KGS,2026-08-20,Mar-2022  (R),gemstrategy_data/raw/import/71011020/71011020_2022_03.html
import,2022-03-01,2022,3,March,71011020,Natural Pearls,Natural (real) pearls - worked,JAPAN,PARTNER,0.0,R,KGS,2026-08-20,Mar-2022  (R),gemstrategy_data/raw/import/71011020/71011020_2022_03.html
import,2022-03-01,2022,3,March,71011020,Natural Pearls,Natural (real) pearls - worked,SWITZERLAND,PARTNER,0.0,R,KGS,2026-08-20,Mar-2022  (R),gemstrategy_data/raw/import/71011020/71011020_2022_03.html
import,2022-03-01,2022,3,March,71011020,Natural Pearls,Natural (real) pearls - worked,THAILAND,PARTNER,0.0,R,KGS,2026-08-20,Mar-2022  (R),gemstrategy_data/raw/import/71011020/71011020_2022_03.html
import,2022-03-01,2022,3,March,71011020,Natural Pearls,Natural (real) pearls - worked,U ARAB EMTS,PARTNER,0.0,R,KGS,2026-08-20,Mar-2022  (R),gemstrategy_data/raw/import/71011020/71011020_2022_03.html
import,2022-03-01,2022,3,March,71011020,Natural Pearls,Natural (real) pearls - worked,U S A,PARTNER,0.0,R,KGS,2026-08-20,Mar-2022  (R),gemstrategy_data/raw/import/71011020/71011020_2022_03.html
import,2022-03-01,2022,3,March,71011020,Natural Pearls,Natural (real) pearls - worked,Total,TOTAL,0.0,R,KGS,2026-08-20,Mar-2022  (R),gemstrategy_data/raw/import/71011020/71011020_2022_03.html
import,2022-03-01,2022,3,March,71012100,Cultured Pearls,Cultured pearls - unworked,CHINA P RP,PARTNER,0.3,R,KGS,2026-08-20,Mar-2022  (R),gemstrategy_data/raw/import/71012100/71012100_2022_03.html
import,2022-03-01,2022,3,March,71012100,Cultured Pearls,Cultured pearls - unworked,DENMARK,PARTNER,0.0,R,KGS,2026-08-20,Mar-2022  (R),gemstrategy_data/raw/import/71012100/71012100_2022_03.html
import,2022-03-01,2022,3,March,71012100,Cultured Pearls,Cultured pearls - unworked,FRANCE,PARTNER,0.0,R,KGS,2026-08-20,Mar-2022  (R),gemstrategy_data/raw/import/71012100/71012100_2022_03.html
import,2022-03-01,2022,3,March,71012100,Cultured Pearls,Cultured pearls - unworked,GERMANY,PARTNER,0.0,R,KGS,2026-08-20,Mar-2022  (R),gemstrategy_data/raw/import/71012100/71012100_2022_03.html
import,2022-03-01,2022,3,March,71012100,Cultured Pearls,Cultured pearls - unworked,HONG KONG,PARTNER,0.16,R,KGS,2026-08-20,Mar-2022  (R),gemstrategy_data/raw/import/71012100/71012100_2022_03.html
import,2022-03-01,2022,3,March,71012100,Cultured Pearls,Cultured pearls - unworked,INDONESIA,PARTNER,0.0,R,KGS,2026-08-20,Mar-2022  (R),gemstrategy_data/raw/import/71012100/71012100_2022_03.html
import,2022-03-01,2022,3,March,71012100,Cultured Pearls,Cultured pearls - unworked,JAPAN,PARTNER,0.13,R,KGS,2026-08-20,Mar-2022  (R),gemstrategy_data/raw/import/71012100/71012100_2022_03.html
import,2022-03-01,2022,3,March,71012100,Cultured Pearls,Cultured pearls - unworked,THAILAND,PARTNER,0.0,R,KGS,2026-08-20,Mar-2022  (R),gemstrategy_data/raw/import/71012100/71012100_2022_03.html
import,2022-03-01,2022,3,March,71012100,Cultured Pearls,Cultured pearls - unworked,U S A,PARTNER,0.0,R,KGS,2026-08-20,Mar-2022  (R),gemstrategy_data/raw/import/71012100/71012100_2022_03.html
import,2022-03-01,2022,3,March,71012100,Cultured Pearls,Cultured pearls - unworked,Total,TOTAL,0.59,R,KGS,2026-08-20,Mar-2022  (R),gemstrategy_data/raw/import/71012100/71012100_2022_03.html
import,2022-03-01,2022,3,March,71012200,Cultured Pearls,Cultured pearls - worked,CANADA,PARTNER,0.0,R,KGS,2026-08-20,Mar-2022  (R),gemstrategy_data/raw/import/71012200/71012200_2022_03.html
import,2022-03-01,2022,3,March,71012200,Cultured Pearls,Cultured pearls - worked,CHINA P RP,PARTNER,0.02,R,KGS,2026-08-20,Mar-2022  (R),gemstrategy_data/raw/import/71012200/71012200_2022_03.html
import,2022-03-01,2022,3,March,71012200,Cultured Pearls,Cultured pearls - worked,DENMARK,PARTNER,0.0,R,KGS,2026-08-20,Mar-2022  (R),gemstrategy_data/raw/import/71012200/71012200_2022_03.html
import,2022-03-01,2022,3,March,71012200,Cultured Pearls,Cultured pearls - worked,FRANCE,PARTNER,0.0,R,KGS,2026-08-20,Mar-2022  (R),gemstrategy_data/raw/import/71012200/71012200_2022_03.html
import,2022-03-01,2022,3,March,71012200,Cultured Pearls,Cultured pearls - worked,GERMANY,PARTNER,0.0,R,KGS,2026-08-20,Mar-2022  (R),gemstrategy_data/raw/import/71012200/71012200_2022_03.html
import,2022-03-01,2022,3,March,71012200,Cultured Pearls,Cultured pearls - worked,HONG KONG,PARTNER,0.22,R,KGS,2026-08-20,Mar-2022  (R),gemstrategy_data/raw/import/71012200/71012200_2022_03.html
import,2022-03-01,2022,3,March,71012200,Cultured Pearls,Cultured pearls - worked,INDONESIA,PARTNER,0.0,R,KGS,2026-08-20,Mar-2022  (R),gemstrategy_data/raw/import/71012200/71012200_2022_03.html
import,2022-03-01,2022,3,March,71012200,Cultured Pearls,Cultured pearls - worked,ITALY,PARTNER,0.0,R,KGS,2026-08-20,Mar-2022  (R),gemstrategy_data/raw/import/71012200/71012200_2022_03.html
import,2022-03-01,2022,3,March,71012200,Cultured Pearls,Cultured pearls - worked,JAPAN,PARTNER,0.09,R,KGS,2026-08-20,Mar-2022  (R),gemstrategy_data/raw/import/71012200/71012200_2022_03.html
import,2022-03-01,2022,3,March,71012200,Cultured Pearls,Cultured pearls - worked,KOREA RP,PARTNER,0.0,R,KGS,2026-08-20,Mar-2022  (R),gemstrategy_data/raw/import/71012200/71012200_2022_03.html
import,2022-03-01,2022,3,March,71012200,Cultured Pearls,Cultured pearls - worked,SPAIN,PARTNER,0.0,R,KGS,2026-08-20,Mar-2022  (R),gemstrategy_data/raw/import/71012200/71012200_2022_03.html
import,2022-03-01,2022,3,March,71012200,Cultured Pearls,Cultured pearls - worked,THAILAND,PARTNER,0.02,R,KGS,2026-08-20,Mar-2022  (R),gemstrategy_data/raw/import/71012200/71012200_2022_03.html
import,2022-03-01,2022,3,March,71012200,Cultured Pearls,Cultured pearls - worked,U ARAB EMTS,PARTNER,0.01,R,KGS,2026-08-20,Mar-2022  (R),gemstrategy_data/raw/import/71012200/71012200_2022_03.html
import,2022-03-01,2022,3,March,71012200,Cultured Pearls,Cultured pearls - worked,U K,PARTNER,0.0,R,KGS,2026-08-20,Mar-2022  (R),gemstrategy_data/raw/import/71012200/71012200_2022_03.html
import,2022-03-01,2022,3,March,71012200,Cultured Pearls,Cultured pearls - worked,U S A,PARTNER,0.05,R,KGS,2026-08-20,Mar-2022  (R),gemstrategy_data/raw/import/71012200/71012200_2022_03.html
import,2022-03-01,2022,3,March,71012200,Cultured Pearls,Cultured pearls - worked,Total,TOTAL,0.41,R,KGS,2026-08-20,Mar-2022  (R),gemstrategy_data/raw/import/71012200/71012200_2022_03.html
import,2022-04-01,2022,4,April,71011010,Natural Pearls,Natural (real) pearls - unworked,HONG KONG,PARTNER,0.12,R,KGS,2026-08-20,Apr-2022  (R),gemstrategy_data/raw/import/71011010/71011010_2022_04.html
import,2022-04-01,2022,4,April,71011010,Natural Pearls,Natural (real) pearls - unworked,INDONESIA,PARTNER,0.02,R,KGS,2026-08-20,Apr-2022  (R),gemstrategy_data/raw/import/71011010/71011010_2022_04.html
import,2022-04-01,2022,4,April,71011010,Natural Pearls,Natural (real) pearls - unworked,JAPAN,PARTNER,0.37,R,KGS,2026-08-20,Apr-2022  (R),gemstrategy_data/raw/import/71011010/71011010_2022_04.html
import,2022-04-01,2022,4,April,71011010,Natural Pearls,Natural (real) pearls - unworked,SWITZERLAND,PARTNER,0.0,R,KGS,2026-08-20,Apr-2022  (R),gemstrategy_data/raw/import/71011010/71011010_2022_04.html
import,2022-04-01,2022,4,April,71011010,Natural Pearls,Natural (real) pearls - unworked,Total,TOTAL,0.52,R,KGS,2026-08-20,Apr-2022  (R),gemstrategy_data/raw/import/71011010/71011010_2022_04.html
import,2022-04-01,2022,4,April,71011020,Natural Pearls,Natural (real) pearls - worked,HONG KONG,PARTNER,0.0,R,KGS,2026-08-20,Apr-2022  (R),gemstrategy_data/raw/import/71011020/71011020_2022_04.html
import,2022-04-01,2022,4,April,71011020,Natural Pearls,Natural (real) pearls - worked,SWITZERLAND,PARTNER,0.0,R,KGS,2026-08-20,Apr-2022  (R),gemstrategy_data/raw/import/71011020/71011020_2022_04.html
import,2022-04-01,2022,4,April,71011020,Natural Pearls,Natural (real) pearls - worked,U S A,PARTNER,0.0,R,KGS,2026-08-20,Apr-2022  (R),gemstrategy_data/raw/import/71011020/71011020_2022_04.html
import,2022-04-01,2022,4,April,71011020,Natural Pearls,Natural (real) pearls - worked,Total,TOTAL,0.0,R,KGS,2026-08-20,Apr-2022  (R),gemstrategy_data/raw/import/71011020/71011020_2022_04.html
import,2022-04-01,2022,4,April,71012100,Cultured Pearls,Cultured pearls - unworked,CHINA P RP,PARTNER,0.69,R,KGS,2026-08-20,Apr-2022  (R),gemstrategy_data/raw/import/71012100/71012100_2022_04.html
import,2022-04-01,2022,4,April,71012100,Cultured Pearls,Cultured pearls - unworked,FRANCE,PARTNER,0.11,R,KGS,2026-08-20,Apr-2022  (R),gemstrategy_data/raw/import/71012100/71012100_2022_04.html
import,2022-04-01,2022,4,April,71012100,Cultured Pearls,Cultured pearls - unworked,HONG KONG,PARTNER,0.45,R,KGS,2026-08-20,Apr-2022  (R),gemstrategy_data/raw/import/71012100/71012100_2022_04.html
import,2022-04-01,2022,4,April,71012100,Cultured Pearls,Cultured pearls - unworked,JAPAN,PARTNER,0.3,R,KGS,2026-08-20,Apr-2022  (R),gemstrategy_data/raw/import/71012100/71012100_2022_04.html
import,2022-04-01,2022,4,April,71012100,Cultured Pearls,Cultured pearls - unworked,Total,TOTAL,1.55,R,KGS,2026-08-20,Apr-2022  (R),gemstrategy_data/raw/import/71012100/71012100_2022_04.html
import,2022-04-01,2022,4,April,71012200,Cultured Pearls,Cultured pearls - worked,CHINA P RP,PARTNER,0.01,R,KGS,2026-08-20,Apr-2022  (R),gemstrategy_data/raw/import/71012200/71012200_2022_04.html
import,2022-04-01,2022,4,April,71012200,Cultured Pearls,Cultured pearls - worked,HONG KONG,PARTNER,0.19,R,KGS,2026-08-20,Apr-2022  (R),gemstrategy_data/raw/import/71012200/71012200_2022_04.html
import,2022-04-01,2022,4,April,71012200,Cultured Pearls,Cultured pearls - worked,ITALY,PARTNER,0.0,R,KGS,2026-08-20,Apr-2022  (R),gemstrategy_data/raw/import/71012200/71012200_2022_04.html
import,2022-04-01,2022,4,April,71012200,Cultured Pearls,Cultured pearls - worked,JAPAN,PARTNER,0.07,R,KGS,2026-08-20,Apr-2022  (R),gemstrategy_data/raw/import/71012200/71012200_2022_04.html
import,2022-04-01,2022,4,April,71012200,Cultured Pearls,Cultured pearls - worked,KOREA RP,PARTNER,0.0,R,KGS,2026-08-20,Apr-2022  (R),gemstrategy_data/raw/import/71012200/71012200_2022_04.html
import,2022-04-01,2022,4,April,71012200,Cultured Pearls,Cultured pearls - worked,SPAIN,PARTNER,0.0,R,KGS,2026-08-20,Apr-2022  (R),gemstrategy_data/raw/import/71012200/71012200_2022_04.html
import,2022-04-01,2022,4,April,71012200,Cultured Pearls,Cultured pearls - worked,THAILAND,PARTNER,0.0,R,KGS,2026-08-20,Apr-2022  (R),gemstrategy_data/raw/import/71012200/71012200_2022_04.html
import,2022-04-01,2022,4,April,71012200,Cultured Pearls,Cultured pearls - worked,U ARAB EMTS,PARTNER,0.0,R,KGS,2026-08-20,Apr-2022  (R),gemstrategy_data/raw/import/71012200/71012200_2022_04.html
import,2022-04-01,2022,4,April,71012200,Cultured Pearls,Cultured pearls - worked,U S A,PARTNER,0.04,R,KGS,2026-08-20,Apr-2022  (R),gemstrategy_data/raw/import/71012200/71012200_2022_04.html
import,2022-04-01,2022,4,April,71012200,Cultured Pearls,Cultured pearls - worked,Total,TOTAL,0.31,R,KGS,2026-08-20,Apr-2022  (R),gemstrategy_data/raw/import/71012200/71012200_2022_04.html
import,2022-05-01,2022,5,May,71011010,Natural Pearls,Natural (real) pearls - unworked,BAHARAIN IS,PARTNER,0.02,R,KGS,2026-08-20,May-2022  (R),gemstrategy_data/raw/import/71011010/71011010_2022_05.html
import,2022-05-01,2022,5,May,71011010,Natural Pearls,Natural (real) pearls - unworked,HONG KONG,PARTNER,0.41,R,KGS,2026-08-20,May-2022  (R),gemstrategy_data/raw/import/71011010/71011010_2022_05.html
import,2022-05-01,2022,5,May,71011010,Natural Pearls,Natural (real) pearls - unworked,INDONESIA,PARTNER,0.0,R,KGS,2026-08-20,May-2022  (R),gemstrategy_data/raw/import/71011010/71011010_2022_05.html
import,2022-05-01,2022,5,May,71011010,Natural Pearls,Natural (real) pearls - unworked,JAPAN,PARTNER,0.37,R,KGS,2026-08-20,May-2022  (R),gemstrategy_data/raw/import/71011010/71011010_2022_05.html
import,2022-05-01,2022,5,May,71011010,Natural Pearls,Natural (real) pearls - unworked,SWITZERLAND,PARTNER,0.0,R,KGS,2026-08-20,May-2022  (R),gemstrategy_data/raw/import/71011010/71011010_2022_05.html
import,2022-05-01,2022,5,May,71011010,Natural Pearls,Natural (real) pearls - unworked,THAILAND,PARTNER,0.0,R,KGS,2026-08-20,May-2022  (R),gemstrategy_data/raw/import/71011010/71011010_2022_05.html
import,2022-05-01,2022,5,May,71011010,Natural Pearls,Natural (real) pearls - unworked,U S A,PARTNER,0.0,R,KGS,2026-08-20,May-2022  (R),gemstrategy_data/raw/import/71011010/71011010_2022_05.html
import,2022-05-01,2022,5,May,71011010,Natural Pearls,Natural (real) pearls - unworked,Total,TOTAL,0.81,R,KGS,2026-08-20,May-2022  (R),gemstrategy_data/raw/import/71011010/71011010_2022_05.html
import,2022-05-01,2022,5,May,71011020,Natural Pearls,Natural (real) pearls - worked,CHINA P RP,PARTNER,0.0,R,KGS,2026-08-20,May-2022  (R),gemstrategy_data/raw/import/71011020/71011020_2022_05.html
import,2022-05-01,2022,5,May,71011020,Natural Pearls,Natural (real) pearls - worked,HONG KONG,PARTNER,0.0,R,KGS,2026-08-20,May-2022  (R),gemstrategy_data/raw/import/71011020/71011020_2022_05.html
import,2022-05-01,2022,5,May,71011020,Natural Pearls,Natural (real) pearls - worked,JAPAN,PARTNER,0.0,R,KGS,2026-08-20,May-2022  (R),gemstrategy_data/raw/import/71011020/71011020_2022_05.html
import,2022-05-01,2022,5,May,71011020,Natural Pearls,Natural (real) pearls - worked,QATAR,PARTNER,0.02,R,KGS,2026-08-20,May-2022  (R),gemstrategy_data/raw/import/71011020/71011020_2022_05.html
import,2022-05-01,2022,5,May,71011020,Natural Pearls,Natural (real) pearls - worked,SWITZERLAND,PARTNER,0.03,R,KGS,2026-08-20,May-2022  (R),gemstrategy_data/raw/import/71011020/71011020_2022_05.html
import,2022-05-01,2022,5,May,71011020,Natural Pearls,Natural (real) pearls - worked,U ARAB EMTS,PARTNER,0.0,R,KGS,2026-08-20,May-2022  (R),gemstrategy_data/raw/import/71011020/71011020_2022_05.html
import,2022-05-01,2022,5,May,71011020,Natural Pearls,Natural (real) pearls - worked,U S A,PARTNER,0.0,R,KGS,2026-08-20,May-2022  (R),gemstrategy_data/raw/import/71011020/71011020_2022_05.html
import,2022-05-01,2022,5,May,71011020,Natural Pearls,Natural (real) pearls - worked,Total,TOTAL,0.06,R,KGS,2026-08-20,May-2022  (R),gemstrategy_data/raw/import/71011020/71011020_2022_05.html
import,2022-05-01,2022,5,May,71012100,Cultured Pearls,Cultured pearls - unworked,CHINA P RP,PARTNER,0.67,R,KGS,2026-08-20,May-2022  (R),gemstrategy_data/raw/import/71012100/71012100_2022_05.html
import,2022-05-01,2022,5,May,71012100,Cultured Pearls,Cultured pearls - unworked,FRANCE,PARTNER,0.0,R,KGS,2026-08-20,May-2022  (R),gemstrategy_data/raw/import/71012100/71012100_2022_05.html
import,2022-05-01,2022,5,May,71012100,Cultured Pearls,Cultured pearls - unworked,HONG KONG,PARTNER,0.2,R,KGS,2026-08-20,May-2022  (R),gemstrategy_data/raw/import/71012100/71012100_2022_05.html
import,2022-05-01,2022,5,May,71012100,Cultured Pearls,Cultured pearls - unworked,INDONESIA,PARTNER,0.0,R,KGS,2026-08-20,May-2022  (R),gemstrategy_data/raw/import/71012100/71012100_2022_05.html
import,2022-05-01,2022,5,May,71012100,Cultured Pearls,Cultured pearls - unworked,JAPAN,PARTNER,0.21,R,KGS,2026-08-20,May-2022  (R),gemstrategy_data/raw/import/71012100/71012100_2022_05.html
import,2022-05-01,2022,5,May,71012100,Cultured Pearls,Cultured pearls - unworked,THAILAND,PARTNER,0.03,R,KGS,2026-08-20,May-2022  (R),gemstrategy_data/raw/import/71012100/71012100_2022_05.html
import,2022-05-01,2022,5,May,71012100,Cultured Pearls,Cultured pearls - unworked,Total,TOTAL,1.12,R,KGS,2026-08-20,May-2022  (R),gemstrategy_data/raw/import/71012100/71012100_2022_05.html
import,2022-05-01,2022,5,May,71012200,Cultured Pearls,Cultured pearls - worked,CANADA,PARTNER,0.0,R,KGS,2026-08-20,May-2022  (R),gemstrategy_data/raw/import/71012200/71012200_2022_05.html
import,2022-05-01,2022,5,May,71012200,Cultured Pearls,Cultured pearls - worked,CHINA P RP,PARTNER,0.13,R,KGS,2026-08-20,May-2022  (R),gemstrategy_data/raw/import/71012200/71012200_2022_05.html
import,2022-05-01,2022,5,May,71012200,Cultured Pearls,Cultured pearls - worked,FRANCE,PARTNER,0.0,R,KGS,2026-08-20,May-2022  (R),gemstrategy_data/raw/import/71012200/71012200_2022_05.html
import,2022-05-01,2022,5,May,71012200,Cultured Pearls,Cultured pearls - worked,HONG KONG,PARTNER,0.15,R,KGS,2026-08-20,May-2022  (R),gemstrategy_data/raw/import/71012200/71012200_2022_05.html
import,2022-05-01,2022,5,May,71012200,Cultured Pearls,Cultured pearls - worked,ITALY,PARTNER,0.0,R,KGS,2026-08-20,May-2022  (R),gemstrategy_data/raw/import/71012200/71012200_2022_05.html
import,2022-05-01,2022,5,May,71012200,Cultured Pearls,Cultured pearls - worked,JAPAN,PARTNER,0.12,R,KGS,2026-08-20,May-2022  (R),gemstrategy_data/raw/import/71012200/71012200_2022_05.html
import,2022-05-01,2022,5,May,71012200,Cultured Pearls,Cultured pearls - worked,KOREA RP,PARTNER,0.0,R,KGS,2026-08-20,May-2022  (R),gemstrategy_data/raw/import/71012200/71012200_2022_05.html
import,2022-05-01,2022,5,May,71012200,Cultured Pearls,Cultured pearls - worked,SPAIN,PARTNER,0.0,R,KGS,2026-08-20,May-2022  (R),gemstrategy_data/raw/import/71012200/71012200_2022_05.html
import,2022-05-01,2022,5,May,71012200,Cultured Pearls,Cultured pearls - worked,THAILAND,PARTNER,0.05,R,KGS,2026-08-20,May-2022  (R),gemstrategy_data/raw/import/71012200/71012200_2022_05.html
import,2022-05-01,2022,5,May,71012200,Cultured Pearls,Cultured pearls - worked,U ARAB EMTS,PARTNER,0.0,R,KGS,2026-08-20,May-2022  (R),gemstrategy_data/raw/import/71012200/71012200_2022_05.html
import,2022-05-01,2022,5,May,71012200,Cultured Pearls,Cultured pearls - worked,U S A,PARTNER,0.13,R,KGS,2026-08-20,May-2022  (R),gemstrategy_data/raw/import/71012200/71012200_2022_05.html
import,2022-05-01,2022,5,May,71012200,Cultured Pearls,Cultured pearls - worked,Total,TOTAL,0.59,R,KGS,2026-08-20,May-2022  (R),gemstrategy_data/raw/import/71012200/71012200_2022_05.html
import,2022-06-01,2022,6,June,71011010,Natural Pearls,Natural (real) pearls - unworked,BAHARAIN IS,PARTNER,0.0,R,KGS,2026-08-20,Jun-2022  (R),gemstrategy_data/raw/import/71011010/71011010_2022_06.html
import,2022-06-01,2022,6,June,71011010,Natural Pearls,Natural (real) pearls - unworked,HONG KONG,PARTNER,0.0,R,KGS,2026-08-20,Jun-2022  (R),gemstrategy_data/raw/import/71011010/71011010_2022_06.html
import,2022-06-01,2022,6,June,71011010,Natural Pearls,Natural (real) pearls - unworked,INDONESIA,PARTNER,0.0,R,KGS,2026-08-20,Jun-2022  (R),gemstrategy_data/raw/import/71011010/71011010_2022_06.html
import,2022-06-01,2022,6,June,71011010,Natural Pearls,Natural (real) pearls - unworked,JAPAN,PARTNER,0.51,R,KGS,2026-08-20,Jun-2022  (R),gemstrategy_data/raw/import/71011010/71011010_2022_06.html
import,2022-06-01,2022,6,June,71011010,Natural Pearls,Natural (real) pearls - unworked,SWITZERLAND,PARTNER,0.0,R,KGS,2026-08-20,Jun-2022  (R),gemstrategy_data/raw/import/71011010/71011010_2022_06.html
import,2022-06-01,2022,6,June,71011010,Natural Pearls,Natural (real) pearls - unworked,THAILAND,PARTNER,0.0,R,KGS,2026-08-20,Jun-2022  (R),gemstrategy_data/raw/import/71011010/71011010_2022_06.html
import,2022-06-01,2022,6,June,71011010,Natural Pearls,Natural (real) pearls - unworked,U K,PARTNER,0.0,R,KGS,2026-08-20,Jun-2022  (R),gemstrategy_data/raw/import/71011010/71011010_2022_06.html
import,2022-06-01,2022,6,June,71011010,Natural Pearls,Natural (real) pearls - unworked,U S A,PARTNER,0.0,R,KGS,2026-08-20,Jun-2022  (R),gemstrategy_data/raw/import/71011010/71011010_2022_06.html
import,2022-06-01,2022,6,June,71011010,Natural Pearls,Natural (real) pearls - unworked,Total,TOTAL,0.51,R,KGS,2026-08-20,Jun-2022  (R),gemstrategy_data/raw/import/71011010/71011010_2022_06.html
import,2022-06-01,2022,6,June,71011020,Natural Pearls,Natural (real) pearls - worked,CHINA P RP,PARTNER,0.0,R,KGS,2026-08-20,Jun-2022  (R),gemstrategy_data/raw/import/71011020/71011020_2022_06.html
import,2022-06-01,2022,6,June,71011020,Natural Pearls,Natural (real) pearls - worked,HONG KONG,PARTNER,0.02,R,KGS,2026-08-20,Jun-2022  (R),gemstrategy_data/raw/import/71011020/71011020_2022_06.html
import,2022-06-01,2022,6,June,71011020,Natural Pearls,Natural (real) pearls - worked,JAPAN,PARTNER,0.0,R,KGS,2026-08-20,Jun-2022  (R),gemstrategy_data/raw/import/71011020/71011020_2022_06.html
import,2022-06-01,2022,6,June,71011020,Natural Pearls,Natural (real) pearls - worked,QATAR,PARTNER,0.0,R,KGS,2026-08-20,Jun-2022  (R),gemstrategy_data/raw/import/71011020/71011020_2022_06.html
import,2022-06-01,2022,6,June,71011020,Natural Pearls,Natural (real) pearls - worked,SWITZERLAND,PARTNER,0.0,R,KGS,2026-08-20,Jun-2022  (R),gemstrategy_data/raw/import/71011020/71011020_2022_06.html
import,2022-06-01,2022,6,June,71011020,Natural Pearls,Natural (real) pearls - worked,U ARAB EMTS,PARTNER,0.0,R,KGS,2026-08-20,Jun-2022  (R),gemstrategy_data/raw/import/71011020/71011020_2022_06.html
import,2022-06-01,2022,6,June,71011020,Natural Pearls,Natural (real) pearls - worked,U S A,PARTNER,0.0,R,KGS,2026-08-20,Jun-2022  (R),gemstrategy_data/raw/import/71011020/71011020_2022_06.html
import,2022-06-01,2022,6,June,71011020,Natural Pearls,Natural (real) pearls - worked,Total,TOTAL,0.02,R,KGS,2026-08-20,Jun-2022  (R),gemstrategy_data/raw/import/71011020/71011020_2022_06.html
import,2022-06-01,2022,6,June,71012100,Cultured Pearls,Cultured pearls - unworked,CHINA P RP,PARTNER,0.66,R,KGS,2026-08-20,Jun-2022  (R),gemstrategy_data/raw/import/71012100/71012100_2022_06.html
import,2022-06-01,2022,6,June,71012100,Cultured Pearls,Cultured pearls - unworked,FRANCE,PARTNER,0.0,R,KGS,2026-08-20,Jun-2022  (R),gemstrategy_data/raw/import/71012100/71012100_2022_06.html
import,2022-06-01,2022,6,June,71012100,Cultured Pearls,Cultured pearls - unworked,GERMANY,PARTNER,0.0,R,KGS,2026-08-20,Jun-2022  (R),gemstrategy_data/raw/import/71012100/71012100_2022_06.html
import,2022-06-01,2022,6,June,71012100,Cultured Pearls,Cultured pearls - unworked,HONG KONG,PARTNER,0.28,R,KGS,2026-08-20,Jun-2022  (R),gemstrategy_data/raw/import/71012100/71012100_2022_06.html
import,2022-06-01,2022,6,June,71012100,Cultured Pearls,Cultured pearls - unworked,INDONESIA,PARTNER,0.0,R,KGS,2026-08-20,Jun-2022  (R),gemstrategy_data/raw/import/71012100/71012100_2022_06.html
import,2022-06-01,2022,6,June,71012100,Cultured Pearls,Cultured pearls - unworked,JAPAN,PARTNER,0.32,R,KGS,2026-08-20,Jun-2022  (R),gemstrategy_data/raw/import/71012100/71012100_2022_06.html
import,2022-06-01,2022,6,June,71012100,Cultured Pearls,Cultured pearls - unworked,THAILAND,PARTNER,0.0,R,KGS,2026-08-20,Jun-2022  (R),gemstrategy_data/raw/import/71012100/71012100_2022_06.html
import,2022-06-01,2022,6,June,71012100,Cultured Pearls,Cultured pearls - unworked,Total,TOTAL,1.26,R,KGS,2026-08-20,Jun-2022  (R),gemstrategy_data/raw/import/71012100/71012100_2022_06.html
import,2022-06-01,2022,6,June,71012200,Cultured Pearls,Cultured pearls - worked,CANADA,PARTNER,0.0,R,KGS,2026-08-20,Jun-2022  (R),gemstrategy_data/raw/import/71012200/71012200_2022_06.html
import,2022-06-01,2022,6,June,71012200,Cultured Pearls,Cultured pearls - worked,CHINA P RP,PARTNER,0.16,R,KGS,2026-08-20,Jun-2022  (R),gemstrategy_data/raw/import/71012200/71012200_2022_06.html
import,2022-06-01,2022,6,June,71012200,Cultured Pearls,Cultured pearls - worked,FRANCE,PARTNER,0.0,R,KGS,2026-08-20,Jun-2022  (R),gemstrategy_data/raw/import/71012200/71012200_2022_06.html
import,2022-06-01,2022,6,June,71012200,Cultured Pearls,Cultured pearls - worked,HONG KONG,PARTNER,0.62,R,KGS,2026-08-20,Jun-2022  (R),gemstrategy_data/raw/import/71012200/71012200_2022_06.html
import,2022-06-01,2022,6,June,71012200,Cultured Pearls,Cultured pearls - worked,INDONESIA,PARTNER,0.0,R,KGS,2026-08-20,Jun-2022  (R),gemstrategy_data/raw/import/71012200/71012200_2022_06.html
import,2022-06-01,2022,6,June,71012200,Cultured Pearls,Cultured pearls - worked,ITALY,PARTNER,0.0,R,KGS,2026-08-20,Jun-2022  (R),gemstrategy_data/raw/import/71012200/71012200_2022_06.html
import,2022-06-01,2022,6,June,71012200,Cultured Pearls,Cultured pearls - worked,JAPAN,PARTNER,0.2,R,KGS,2026-08-20,Jun-2022  (R),gemstrategy_data/raw/import/71012200/71012200_2022_06.html
import,2022-06-01,2022,6,June,71012200,Cultured Pearls,Cultured pearls - worked,KOREA RP,PARTNER,0.0,R,KGS,2026-08-20,Jun-2022  (R),gemstrategy_data/raw/import/71012200/71012200_2022_06.html
import,2022-06-01,2022,6,June,71012200,Cultured Pearls,Cultured pearls - worked,SPAIN,PARTNER,0.0,R,KGS,2026-08-20,Jun-2022  (R),gemstrategy_data/raw/import/71012200/71012200_2022_06.html
import,2022-06-01,2022,6,June,71012200,Cultured Pearls,Cultured pearls - worked,THAILAND,PARTNER,0.07,R,KGS,2026-08-20,Jun-2022  (R),gemstrategy_data/raw/import/71012200/71012200_2022_06.html
import,2022-06-01,2022,6,June,71012200,Cultured Pearls,Cultured pearls - worked,U ARAB EMTS,PARTNER,0.0,R,KGS,2026-08-20,Jun-2022  (R),gemstrategy_data/raw/import/71012200/71012200_2022_06.html
import,2022-06-01,2022,6,June,71012200,Cultured Pearls,Cultured pearls - worked,U K,PARTNER,0.0,R,KGS,2026-08-20,Jun-2022  (R),gemstrategy_data/raw/import/71012200/71012200_2022_06.html
import,2022-06-01,2022,6,June,71012200,Cultured Pearls,Cultured pearls - worked,U S A,PARTNER,0.55,R,KGS,2026-08-20,Jun-2022  (R),gemstrategy_data/raw/import/71012200/71012200_2022_06.html
import,2022-06-01,2022,6,June,71012200,Cultured Pearls,Cultured pearls - worked,Total,TOTAL,1.59,R,KGS,2026-08-20,Jun-2022  (R),gemstrategy_data/raw/import/71012200/71012200_2022_06.html
import,2022-07-01,2022,7,July,71011010,Natural Pearls,Natural (real) pearls - unworked,BAHARAIN IS,PARTNER,0.0,R,KGS,2026-08-20,Jul-2022  (R),gemstrategy_data/raw/import/71011010/71011010_2022_07.html
import,2022-07-01,2022,7,July,71011010,Natural Pearls,Natural (real) pearls - unworked,HONG KONG,PARTNER,0.28,R,KGS,2026-08-20,Jul-2022  (R),gemstrategy_data/raw/import/71011010/71011010_2022_07.html
import,2022-07-01,2022,7,July,71011010,Natural Pearls,Natural (real) pearls - unworked,INDONESIA,PARTNER,0.0,R,KGS,2026-08-20,Jul-2022  (R),gemstrategy_data/raw/import/71011010/71011010_2022_07.html
import,2022-07-01,2022,7,July,71011010,Natural Pearls,Natural (real) pearls - unworked,JAPAN,PARTNER,0.0,R,KGS,2026-08-20,Jul-2022  (R),gemstrategy_data/raw/import/71011010/71011010_2022_07.html
import,2022-07-01,2022,7,July,71011010,Natural Pearls,Natural (real) pearls - unworked,SWITZERLAND,PARTNER,0.0,R,KGS,2026-08-20,Jul-2022  (R),gemstrategy_data/raw/import/71011010/71011010_2022_07.html
import,2022-07-01,2022,7,July,71011010,Natural Pearls,Natural (real) pearls - unworked,THAILAND,PARTNER,0.0,R,KGS,2026-08-20,Jul-2022  (R),gemstrategy_data/raw/import/71011010/71011010_2022_07.html
import,2022-07-01,2022,7,July,71011010,Natural Pearls,Natural (real) pearls - unworked,U K,PARTNER,0.0,R,KGS,2026-08-20,Jul-2022  (R),gemstrategy_data/raw/import/71011010/71011010_2022_07.html
import,2022-07-01,2022,7,July,71011010,Natural Pearls,Natural (real) pearls - unworked,U S A,PARTNER,0.0,R,KGS,2026-08-20,Jul-2022  (R),gemstrategy_data/raw/import/71011010/71011010_2022_07.html
import,2022-07-01,2022,7,July,71011010,Natural Pearls,Natural (real) pearls - unworked,Total,TOTAL,0.28,R,KGS,2026-08-20,Jul-2022  (R),gemstrategy_data/raw/import/71011010/71011010_2022_07.html
import,2022-07-01,2022,7,July,71011020,Natural Pearls,Natural (real) pearls - worked,CHINA P RP,PARTNER,0.01,R,KGS,2026-08-20,Jul-2022  (R),gemstrategy_data/raw/import/71011020/71011020_2022_07.html
import,2022-07-01,2022,7,July,71011020,Natural Pearls,Natural (real) pearls - worked,HONG KONG,PARTNER,0.01,R,KGS,2026-08-20,Jul-2022  (R),gemstrategy_data/raw/import/71011020/71011020_2022_07.html
import,2022-07-01,2022,7,July,71011020,Natural Pearls,Natural (real) pearls - worked,JAPAN,PARTNER,0.0,R,KGS,2026-08-20,Jul-2022  (R),gemstrategy_data/raw/import/71011020/71011020_2022_07.html
import,2022-07-01,2022,7,July,71011020,Natural Pearls,Natural (real) pearls - worked,QATAR,PARTNER,0.0,R,KGS,2026-08-20,Jul-2022  (R),gemstrategy_data/raw/import/71011020/71011020_2022_07.html
import,2022-07-01,2022,7,July,71011020,Natural Pearls,Natural (real) pearls - worked,SWITZERLAND,PARTNER,0.0,R,KGS,2026-08-20,Jul-2022  (R),gemstrategy_data/raw/import/71011020/71011020_2022_07.html
import,2022-07-01,2022,7,July,71011020,Natural Pearls,Natural (real) pearls - worked,U ARAB EMTS,PARTNER,0.05,R,KGS,2026-08-20,Jul-2022  (R),gemstrategy_data/raw/import/71011020/71011020_2022_07.html
import,2022-07-01,2022,7,July,71011020,Natural Pearls,Natural (real) pearls - worked,U S A,PARTNER,0.0,R,KGS,2026-08-20,Jul-2022  (R),gemstrategy_data/raw/import/71011020/71011020_2022_07.html
import,2022-07-01,2022,7,July,71011020,Natural Pearls,Natural (real) pearls - worked,Total,TOTAL,0.06,R,KGS,2026-08-20,Jul-2022  (R),gemstrategy_data/raw/import/71011020/71011020_2022_07.html
import,2022-07-01,2022,7,July,71012100,Cultured Pearls,Cultured pearls - unworked,CHINA P RP,PARTNER,0.83,R,KGS,2026-08-20,Jul-2022  (R),gemstrategy_data/raw/import/71012100/71012100_2022_07.html
import,2022-07-01,2022,7,July,71012100,Cultured Pearls,Cultured pearls - unworked,FRANCE,PARTNER,0.0,R,KGS,2026-08-20,Jul-2022  (R),gemstrategy_data/raw/import/71012100/71012100_2022_07.html
import,2022-07-01,2022,7,July,71012100,Cultured Pearls,Cultured pearls - unworked,GERMANY,PARTNER,0.0,R,KGS,2026-08-20,Jul-2022  (R),gemstrategy_data/raw/import/71012100/71012100_2022_07.html
import,2022-07-01,2022,7,July,71012100,Cultured Pearls,Cultured pearls - unworked,HONG KONG,PARTNER,0.48,R,KGS,2026-08-20,Jul-2022  (R),gemstrategy_data/raw/import/71012100/71012100_2022_07.html
import,2022-07-01,2022,7,July,71012100,Cultured Pearls,Cultured pearls - unworked,INDONESIA,PARTNER,0.0,R,KGS,2026-08-20,Jul-2022  (R),gemstrategy_data/raw/import/71012100/71012100_2022_07.html
import,2022-07-01,2022,7,July,71012100,Cultured Pearls,Cultured pearls - unworked,JAPAN,PARTNER,0.35,R,KGS,2026-08-20,Jul-2022  (R),gemstrategy_data/raw/import/71012100/71012100_2022_07.html
import,2022-07-01,2022,7,July,71012100,Cultured Pearls,Cultured pearls - unworked,THAILAND,PARTNER,0.03,R,KGS,2026-08-20,Jul-2022  (R),gemstrategy_data/raw/import/71012100/71012100_2022_07.html
import,2022-07-01,2022,7,July,71012100,Cultured Pearls,Cultured pearls - unworked,Total,TOTAL,1.68,R,KGS,2026-08-20,Jul-2022  (R),gemstrategy_data/raw/import/71012100/71012100_2022_07.html
import,2022-07-01,2022,7,July,71012200,Cultured Pearls,Cultured pearls - worked,CANADA,PARTNER,0.0,R,KGS,2026-08-20,Jul-2022  (R),gemstrategy_data/raw/import/71012200/71012200_2022_07.html
import,2022-07-01,2022,7,July,71012200,Cultured Pearls,Cultured pearls - worked,CHINA P RP,PARTNER,0.09,R,KGS,2026-08-20,Jul-2022  (R),gemstrategy_data/raw/import/71012200/71012200_2022_07.html
import,2022-07-01,2022,7,July,71012200,Cultured Pearls,Cultured pearls - worked,FRANCE,PARTNER,0.0,R,KGS,2026-08-20,Jul-2022  (R),gemstrategy_data/raw/import/71012200/71012200_2022_07.html
import,2022-07-01,2022,7,July,71012200,Cultured Pearls,Cultured pearls - worked,HONG KONG,PARTNER,0.45,R,KGS,2026-08-20,Jul-2022  (R),gemstrategy_data/raw/import/71012200/71012200_2022_07.html
import,2022-07-01,2022,7,July,71012200,Cultured Pearls,Cultured pearls - worked,INDONESIA,PARTNER,0.0,R,KGS,2026-08-20,Jul-2022  (R),gemstrategy_data/raw/import/71012200/71012200_2022_07.html
import,2022-07-01,2022,7,July,71012200,Cultured Pearls,Cultured pearls - worked,ITALY,PARTNER,0.0,R,KGS,2026-08-20,Jul-2022  (R),gemstrategy_data/raw/import/71012200/71012200_2022_07.html
import,2022-07-01,2022,7,July,71012200,Cultured Pearls,Cultured pearls - worked,JAPAN,PARTNER,0.16,R,KGS,2026-08-20,Jul-2022  (R),gemstrategy_data/raw/import/71012200/71012200_2022_07.html
import,2022-07-01,2022,7,July,71012200,Cultured Pearls,Cultured pearls - worked,KOREA RP,PARTNER,0.0,R,KGS,2026-08-20,Jul-2022  (R),gemstrategy_data/raw/import/71012200/71012200_2022_07.html
import,2022-07-01,2022,7,July,71012200,Cultured Pearls,Cultured pearls - worked,SPAIN,PARTNER,0.0,R,KGS,2026-08-20,Jul-2022  (R),gemstrategy_data/raw/import/71012200/71012200_2022_07.html
import,2022-07-01,2022,7,July,71012200,Cultured Pearls,Cultured pearls - worked,THAILAND,PARTNER,0.15,R,KGS,2026-08-20,Jul-2022  (R),gemstrategy_data/raw/import/71012200/71012200_2022_07.html
import,2022-07-01,2022,7,July,71012200,Cultured Pearls,Cultured pearls - worked,U ARAB EMTS,PARTNER,0.0,R,KGS,2026-08-20,Jul-2022  (R),gemstrategy_data/raw/import/71012200/71012200_2022_07.html
import,2022-07-01,2022,7,July,71012200,Cultured Pearls,Cultured pearls - worked,U K,PARTNER,0.0,R,KGS,2026-08-20,Jul-2022  (R),gemstrategy_data/raw/import/71012200/71012200_2022_07.html
import,2022-07-01,2022,7,July,71012200,Cultured Pearls,Cultured pearls - worked,U S A,PARTNER,0.19,R,KGS,2026-08-20,Jul-2022  (R),gemstrategy_data/raw/import/71012200/71012200_2022_07.html
import,2022-07-01,2022,7,July,71012200,Cultured Pearls,Cultured pearls - worked,Total,TOTAL,1.05,R,KGS,2026-08-20,Jul-2022  (R),gemstrategy_data/raw/import/71012200/71012200_2022_07.html
import,2022-08-01,2022,8,August,71011010,Natural Pearls,Natural (real) pearls - unworked,BAHARAIN IS,PARTNER,0.0,R,KGS,2026-08-20,Aug-2022  (R),gemstrategy_data/raw/import/71011010/71011010_2022_08.html
import,2022-08-01,2022,8,August,71011010,Natural Pearls,Natural (real) pearls - unworked,HONG KONG,PARTNER,0.03,R,KGS,2026-08-20,Aug-2022  (R),gemstrategy_data/raw/import/71011010/71011010_2022_08.html
import,2022-08-01,2022,8,August,71011010,Natural Pearls,Natural (real) pearls - unworked,INDONESIA,PARTNER,0.0,R,KGS,2026-08-20,Aug-2022  (R),gemstrategy_data/raw/import/71011010/71011010_2022_08.html
import,2022-08-01,2022,8,August,71011010,Natural Pearls,Natural (real) pearls - unworked,JAPAN,PARTNER,0.01,R,KGS,2026-08-20,Aug-2022  (R),gemstrategy_data/raw/import/71011010/71011010_2022_08.html
import,2022-08-01,2022,8,August,71011010,Natural Pearls,Natural (real) pearls - unworked,SWITZERLAND,PARTNER,0.0,R,KGS,2026-08-20,Aug-2022  (R),gemstrategy_data/raw/import/71011010/71011010_2022_08.html
import,2022-08-01,2022,8,August,71011010,Natural Pearls,Natural (real) pearls - unworked,THAILAND,PARTNER,0.0,R,KGS,2026-08-20,Aug-2022  (R),gemstrategy_data/raw/import/71011010/71011010_2022_08.html
import,2022-08-01,2022,8,August,71011010,Natural Pearls,Natural (real) pearls - unworked,U K,PARTNER,0.0,R,KGS,2026-08-20,Aug-2022  (R),gemstrategy_data/raw/import/71011010/71011010_2022_08.html
import,2022-08-01,2022,8,August,71011010,Natural Pearls,Natural (real) pearls - unworked,U S A,PARTNER,0.0,R,KGS,2026-08-20,Aug-2022  (R),gemstrategy_data/raw/import/71011010/71011010_2022_08.html
import,2022-08-01,2022,8,August,71011010,Natural Pearls,Natural (real) pearls - unworked,Total,TOTAL,0.04,R,KGS,2026-08-20,Aug-2022  (R),gemstrategy_data/raw/import/71011010/71011010_2022_08.html
import,2022-08-01,2022,8,August,71011020,Natural Pearls,Natural (real) pearls - worked,CHINA P RP,PARTNER,0.0,R,KGS,2026-08-20,Aug-2022  (R),gemstrategy_data/raw/import/71011020/71011020_2022_08.html
import,2022-08-01,2022,8,August,71011020,Natural Pearls,Natural (real) pearls - worked,HONG KONG,PARTNER,0.0,R,KGS,2026-08-20,Aug-2022  (R),gemstrategy_data/raw/import/71011020/71011020_2022_08.html
import,2022-08-01,2022,8,August,71011020,Natural Pearls,Natural (real) pearls - worked,JAPAN,PARTNER,0.0,R,KGS,2026-08-20,Aug-2022  (R),gemstrategy_data/raw/import/71011020/71011020_2022_08.html
import,2022-08-01,2022,8,August,71011020,Natural Pearls,Natural (real) pearls - worked,QATAR,PARTNER,0.0,R,KGS,2026-08-20,Aug-2022  (R),gemstrategy_data/raw/import/71011020/71011020_2022_08.html
import,2022-08-01,2022,8,August,71011020,Natural Pearls,Natural (real) pearls - worked,SWITZERLAND,PARTNER,0.0,R,KGS,2026-08-20,Aug-2022  (R),gemstrategy_data/raw/import/71011020/71011020_2022_08.html
import,2022-08-01,2022,8,August,71011020,Natural Pearls,Natural (real) pearls - worked,U ARAB EMTS,PARTNER,0.0,R,KGS,2026-08-20,Aug-2022  (R),gemstrategy_data/raw/import/71011020/71011020_2022_08.html
import,2022-08-01,2022,8,August,71011020,Natural Pearls,Natural (real) pearls - worked,U S A,PARTNER,0.0,R,KGS,2026-08-20,Aug-2022  (R),gemstrategy_data/raw/import/71011020/71011020_2022_08.html
import,2022-08-01,2022,8,August,71011020,Natural Pearls,Natural (real) pearls - worked,Total,TOTAL,0.0,R,KGS,2026-08-20,Aug-2022  (R),gemstrategy_data/raw/import/71011020/71011020_2022_08.html
import,2022-08-01,2022,8,August,71012100,Cultured Pearls,Cultured pearls - unworked,CHINA P RP,PARTNER,0.63,R,KGS,2026-08-20,Aug-2022  (R),gemstrategy_data/raw/import/71012100/71012100_2022_08.html
import,2022-08-01,2022,8,August,71012100,Cultured Pearls,Cultured pearls - unworked,FRANCE,PARTNER,0.0,R,KGS,2026-08-20,Aug-2022  (R),gemstrategy_data/raw/import/71012100/71012100_2022_08.html
import,2022-08-01,2022,8,August,71012100,Cultured Pearls,Cultured pearls - unworked,GERMANY,PARTNER,0.0,R,KGS,2026-08-20,Aug-2022  (R),gemstrategy_data/raw/import/71012100/71012100_2022_08.html
import,2022-08-01,2022,8,August,71012100,Cultured Pearls,Cultured pearls - unworked,HONG KONG,PARTNER,0.31,R,KGS,2026-08-20,Aug-2022  (R),gemstrategy_data/raw/import/71012100/71012100_2022_08.html
import,2022-08-01,2022,8,August,71012100,Cultured Pearls,Cultured pearls - unworked,INDONESIA,PARTNER,0.0,R,KGS,2026-08-20,Aug-2022  (R),gemstrategy_data/raw/import/71012100/71012100_2022_08.html
import,2022-08-01,2022,8,August,71012100,Cultured Pearls,Cultured pearls - unworked,JAPAN,PARTNER,0.07,R,KGS,2026-08-20,Aug-2022  (R),gemstrategy_data/raw/import/71012100/71012100_2022_08.html
import,2022-08-01,2022,8,August,71012100,Cultured Pearls,Cultured pearls - unworked,THAILAND,PARTNER,0.0,R,KGS,2026-08-20,Aug-2022  (R),gemstrategy_data/raw/import/71012100/71012100_2022_08.html
import,2022-08-01,2022,8,August,71012100,Cultured Pearls,Cultured pearls - unworked,Total,TOTAL,1.01,R,KGS,2026-08-20,Aug-2022  (R),gemstrategy_data/raw/import/71012100/71012100_2022_08.html
import,2022-08-01,2022,8,August,71012200,Cultured Pearls,Cultured pearls - worked,CANADA,PARTNER,0.0,R,KGS,2026-08-20,Aug-2022  (R),gemstrategy_data/raw/import/71012200/71012200_2022_08.html
import,2022-08-01,2022,8,August,71012200,Cultured Pearls,Cultured pearls - worked,CHINA P RP,PARTNER,0.1,R,KGS,2026-08-20,Aug-2022  (R),gemstrategy_data/raw/import/71012200/71012200_2022_08.html
import,2022-08-01,2022,8,August,71012200,Cultured Pearls,Cultured pearls - worked,FRANCE,PARTNER,0.01,R,KGS,2026-08-20,Aug-2022  (R),gemstrategy_data/raw/import/71012200/71012200_2022_08.html
import,2022-08-01,2022,8,August,71012200,Cultured Pearls,Cultured pearls - worked,HONG KONG,PARTNER,0.29,R,KGS,2026-08-20,Aug-2022  (R),gemstrategy_data/raw/import/71012200/71012200_2022_08.html
import,2022-08-01,2022,8,August,71012200,Cultured Pearls,Cultured pearls - worked,INDONESIA,PARTNER,0.0,R,KGS,2026-08-20,Aug-2022  (R),gemstrategy_data/raw/import/71012200/71012200_2022_08.html
import,2022-08-01,2022,8,August,71012200,Cultured Pearls,Cultured pearls - worked,ITALY,PARTNER,0.0,R,KGS,2026-08-20,Aug-2022  (R),gemstrategy_data/raw/import/71012200/71012200_2022_08.html
import,2022-08-01,2022,8,August,71012200,Cultured Pearls,Cultured pearls - worked,JAPAN,PARTNER,0.25,R,KGS,2026-08-20,Aug-2022  (R),gemstrategy_data/raw/import/71012200/71012200_2022_08.html
import,2022-08-01,2022,8,August,71012200,Cultured Pearls,Cultured pearls - worked,KOREA RP,PARTNER,0.0,R,KGS,2026-08-20,Aug-2022  (R),gemstrategy_data/raw/import/71012200/71012200_2022_08.html
import,2022-08-01,2022,8,August,71012200,Cultured Pearls,Cultured pearls - worked,SPAIN,PARTNER,0.0,R,KGS,2026-08-20,Aug-2022  (R),gemstrategy_data/raw/import/71012200/71012200_2022_08.html
import,2022-08-01,2022,8,August,71012200,Cultured Pearls,Cultured pearls - worked,THAILAND,PARTNER,0.06,R,KGS,2026-08-20,Aug-2022  (R),gemstrategy_data/raw/import/71012200/71012200_2022_08.html
import,2022-08-01,2022,8,August,71012200,Cultured Pearls,Cultured pearls - worked,U ARAB EMTS,PARTNER,0.0,R,KGS,2026-08-20,Aug-2022  (R),gemstrategy_data/raw/import/71012200/71012200_2022_08.html
import,2022-08-01,2022,8,August,71012200,Cultured Pearls,Cultured pearls - worked,U K,PARTNER,0.0,R,KGS,2026-08-20,Aug-2022  (R),gemstrategy_data/raw/import/71012200/71012200_2022_08.html
import,2022-08-01,2022,8,August,71012200,Cultured Pearls,Cultured pearls - worked,U S A,PARTNER,0.03,R,KGS,2026-08-20,Aug-2022  (R),gemstrategy_data/raw/import/71012200/71012200_2022_08.html
import,2022-08-01,2022,8,August,71012200,Cultured Pearls,Cultured pearls - worked,Total,TOTAL,0.74,R,KGS,2026-08-20,Aug-2022  (R),gemstrategy_data/raw/import/71012200/71012200_2022_08.html
import,2022-09-01,2022,9,September,71011010,Natural Pearls,Natural (real) pearls - unworked,BAHARAIN IS,PARTNER,0.0,R,KGS,2026-08-20,Sep-2022  (R),gemstrategy_data/raw/import/71011010/71011010_2022_09.html
import,2022-09-01,2022,9,September,71011010,Natural Pearls,Natural (real) pearls - unworked,CHINA P RP,PARTNER,0.0,R,KGS,2026-08-20,Sep-2022  (R),gemstrategy_data/raw/import/71011010/71011010_2022_09.html
import,2022-09-01,2022,9,September,71011010,Natural Pearls,Natural (real) pearls - unworked,HONG KONG,PARTNER,0.06,R,KGS,2026-08-20,Sep-2022  (R),gemstrategy_data/raw/import/71011010/71011010_2022_09.html
import,2022-09-01,2022,9,September,71011010,Natural Pearls,Natural (real) pearls - unworked,INDONESIA,PARTNER,0.0,R,KGS,2026-08-20,Sep-2022  (R),gemstrategy_data/raw/import/71011010/71011010_2022_09.html
import,2022-09-01,2022,9,September,71011010,Natural Pearls,Natural (real) pearls - unworked,JAPAN,PARTNER,0.05,R,KGS,2026-08-20,Sep-2022  (R),gemstrategy_data/raw/import/71011010/71011010_2022_09.html
import,2022-09-01,2022,9,September,71011010,Natural Pearls,Natural (real) pearls - unworked,SWITZERLAND,PARTNER,0.0,R,KGS,2026-08-20,Sep-2022  (R),gemstrategy_data/raw/import/71011010/71011010_2022_09.html
import,2022-09-01,2022,9,September,71011010,Natural Pearls,Natural (real) pearls - unworked,THAILAND,PARTNER,0.0,R,KGS,2026-08-20,Sep-2022  (R),gemstrategy_data/raw/import/71011010/71011010_2022_09.html
import,2022-09-01,2022,9,September,71011010,Natural Pearls,Natural (real) pearls - unworked,U K,PARTNER,0.0,R,KGS,2026-08-20,Sep-2022  (R),gemstrategy_data/raw/import/71011010/71011010_2022_09.html
import,2022-09-01,2022,9,September,71011010,Natural Pearls,Natural (real) pearls - unworked,U S A,PARTNER,0.0,R,KGS,2026-08-20,Sep-2022  (R),gemstrategy_data/raw/import/71011010/71011010_2022_09.html
import,2022-09-01,2022,9,September,71011010,Natural Pearls,Natural (real) pearls - unworked,Total,TOTAL,0.11,R,KGS,2026-08-20,Sep-2022  (R),gemstrategy_data/raw/import/71011010/71011010_2022_09.html
import,2022-09-01,2022,9,September,71011020,Natural Pearls,Natural (real) pearls - worked,CHINA P RP,PARTNER,0.0,R,KGS,2026-08-20,Sep-2022  (R),gemstrategy_data/raw/import/71011020/71011020_2022_09.html
import,2022-09-01,2022,9,September,71011020,Natural Pearls,Natural (real) pearls - worked,HONG KONG,PARTNER,0.27,R,KGS,2026-08-20,Sep-2022  (R),gemstrategy_data/raw/import/71011020/71011020_2022_09.html
import,2022-09-01,2022,9,September,71011020,Natural Pearls,Natural (real) pearls - worked,JAPAN,PARTNER,0.0,R,KGS,2026-08-20,Sep-2022  (R),gemstrategy_data/raw/import/71011020/71011020_2022_09.html
import,2022-09-01,2022,9,September,71011020,Natural Pearls,Natural (real) pearls - worked,QATAR,PARTNER,0.0,R,KGS,2026-08-20,Sep-2022  (R),gemstrategy_data/raw/import/71011020/71011020_2022_09.html
import,2022-09-01,2022,9,September,71011020,Natural Pearls,Natural (real) pearls - worked,SWITZERLAND,PARTNER,0.0,R,KGS,2026-08-20,Sep-2022  (R),gemstrategy_data/raw/import/71011020/71011020_2022_09.html
import,2022-09-01,2022,9,September,71011020,Natural Pearls,Natural (real) pearls - worked,THAILAND,PARTNER,0.0,R,KGS,2026-08-20,Sep-2022  (R),gemstrategy_data/raw/import/71011020/71011020_2022_09.html
import,2022-09-01,2022,9,September,71011020,Natural Pearls,Natural (real) pearls - worked,U ARAB EMTS,PARTNER,0.0,R,KGS,2026-08-20,Sep-2022  (R),gemstrategy_data/raw/import/71011020/71011020_2022_09.html
import,2022-09-01,2022,9,September,71011020,Natural Pearls,Natural (real) pearls - worked,U S A,PARTNER,0.0,R,KGS,2026-08-20,Sep-2022  (R),gemstrategy_data/raw/import/71011020/71011020_2022_09.html
import,2022-09-01,2022,9,September,71011020,Natural Pearls,Natural (real) pearls - worked,Total,TOTAL,0.28,R,KGS,2026-08-20,Sep-2022  (R),gemstrategy_data/raw/import/71011020/71011020_2022_09.html
import,2022-09-01,2022,9,September,71012100,Cultured Pearls,Cultured pearls - unworked,CHINA P RP,PARTNER,0.42,R,KGS,2026-08-20,Sep-2022  (R),gemstrategy_data/raw/import/71012100/71012100_2022_09.html
import,2022-09-01,2022,9,September,71012100,Cultured Pearls,Cultured pearls - unworked,FRANCE,PARTNER,0.0,R,KGS,2026-08-20,Sep-2022  (R),gemstrategy_data/raw/import/71012100/71012100_2022_09.html
import,2022-09-01,2022,9,September,71012100,Cultured Pearls,Cultured pearls - unworked,GERMANY,PARTNER,0.0,R,KGS,2026-08-20,Sep-2022  (R),gemstrategy_data/raw/import/71012100/71012100_2022_09.html
import,2022-09-01,2022,9,September,71012100,Cultured Pearls,Cultured pearls - unworked,HONG KONG,PARTNER,0.15,R,KGS,2026-08-20,Sep-2022  (R),gemstrategy_data/raw/import/71012100/71012100_2022_09.html
import,2022-09-01,2022,9,September,71012100,Cultured Pearls,Cultured pearls - unworked,INDONESIA,PARTNER,0.0,R,KGS,2026-08-20,Sep-2022  (R),gemstrategy_data/raw/import/71012100/71012100_2022_09.html
import,2022-09-01,2022,9,September,71012100,Cultured Pearls,Cultured pearls - unworked,JAPAN,PARTNER,0.08,R,KGS,2026-08-20,Sep-2022  (R),gemstrategy_data/raw/import/71012100/71012100_2022_09.html
import,2022-09-01,2022,9,September,71012100,Cultured Pearls,Cultured pearls - unworked,THAILAND,PARTNER,0.0,R,KGS,2026-08-20,Sep-2022  (R),gemstrategy_data/raw/import/71012100/71012100_2022_09.html
import,2022-09-01,2022,9,September,71012100,Cultured Pearls,Cultured pearls - unworked,Total,TOTAL,0.66,R,KGS,2026-08-20,Sep-2022  (R),gemstrategy_data/raw/import/71012100/71012100_2022_09.html
import,2022-09-01,2022,9,September,71012200,Cultured Pearls,Cultured pearls - worked,AUSTRALIA,PARTNER,0.0,R,KGS,2026-08-20,Sep-2022  (R),gemstrategy_data/raw/import/71012200/71012200_2022_09.html
import,2022-09-01,2022,9,September,71012200,Cultured Pearls,Cultured pearls - worked,CANADA,PARTNER,0.0,R,KGS,2026-08-20,Sep-2022  (R),gemstrategy_data/raw/import/71012200/71012200_2022_09.html
import,2022-09-01,2022,9,September,71012200,Cultured Pearls,Cultured pearls - worked,CHINA P RP,PARTNER,0.06,R,KGS,2026-08-20,Sep-2022  (R),gemstrategy_data/raw/import/71012200/71012200_2022_09.html
import,2022-09-01,2022,9,September,71012200,Cultured Pearls,Cultured pearls - worked,FRANCE,PARTNER,0.0,R,KGS,2026-08-20,Sep-2022  (R),gemstrategy_data/raw/import/71012200/71012200_2022_09.html
import,2022-09-01,2022,9,September,71012200,Cultured Pearls,Cultured pearls - worked,GERMANY,PARTNER,0.0,R,KGS,2026-08-20,Sep-2022  (R),gemstrategy_data/raw/import/71012200/71012200_2022_09.html
import,2022-09-01,2022,9,September,71012200,Cultured Pearls,Cultured pearls - worked,HONG KONG,PARTNER,0.88,R,KGS,2026-08-20,Sep-2022  (R),gemstrategy_data/raw/import/71012200/71012200_2022_09.html
import,2022-09-01,2022,9,September,71012200,Cultured Pearls,Cultured pearls - worked,INDONESIA,PARTNER,0.0,R,KGS,2026-08-20,Sep-2022  (R),gemstrategy_data/raw/import/71012200/71012200_2022_09.html
import,2022-09-01,2022,9,September,71012200,Cultured Pearls,Cultured pearls - worked,ITALY,PARTNER,0.0,R,KGS,2026-08-20,Sep-2022  (R),gemstrategy_data/raw/import/71012200/71012200_2022_09.html
import,2022-09-01,2022,9,September,71012200,Cultured Pearls,Cultured pearls - worked,JAPAN,PARTNER,0.26,R,KGS,2026-08-20,Sep-2022  (R),gemstrategy_data/raw/import/71012200/71012200_2022_09.html
import,2022-09-01,2022,9,September,71012200,Cultured Pearls,Cultured pearls - worked,KOREA RP,PARTNER,0.0,R,KGS,2026-08-20,Sep-2022  (R),gemstrategy_data/raw/import/71012200/71012200_2022_09.html
import,2022-09-01,2022,9,September,71012200,Cultured Pearls,Cultured pearls - worked,SPAIN,PARTNER,0.0,R,KGS,2026-08-20,Sep-2022  (R),gemstrategy_data/raw/import/71012200/71012200_2022_09.html
import,2022-09-01,2022,9,September,71012200,Cultured Pearls,Cultured pearls - worked,THAILAND,PARTNER,0.01,R,KGS,2026-08-20,Sep-2022  (R),gemstrategy_data/raw/import/71012200/71012200_2022_09.html
import,2022-09-01,2022,9,September,71012200,Cultured Pearls,Cultured pearls - worked,U ARAB EMTS,PARTNER,0.0,R,KGS,2026-08-20,Sep-2022  (R),gemstrategy_data/raw/import/71012200/71012200_2022_09.html
import,2022-09-01,2022,9,September,71012200,Cultured Pearls,Cultured pearls - worked,U K,PARTNER,0.0,R,KGS,2026-08-20,Sep-2022  (R),gemstrategy_data/raw/import/71012200/71012200_2022_09.html
import,2022-09-01,2022,9,September,71012200,Cultured Pearls,Cultured pearls - worked,U S A,PARTNER,0.06,R,KGS,2026-08-20,Sep-2022  (R),gemstrategy_data/raw/import/71012200/71012200_2022_09.html
import,2022-09-01,2022,9,September,71012200,Cultured Pearls,Cultured pearls - worked,Total,TOTAL,1.27,R,KGS,2026-08-20,Sep-2022  (R),gemstrategy_data/raw/import/71012200/71012200_2022_09.html
import,2022-10-01,2022,10,October,71011010,Natural Pearls,Natural (real) pearls - unworked,BAHARAIN IS,PARTNER,0.0,R,KGS,2026-08-20,Oct-2022  (R),gemstrategy_data/raw/import/71011010/71011010_2022_10.html
import,2022-10-01,2022,10,October,71011010,Natural Pearls,Natural (real) pearls - unworked,CHINA P RP,PARTNER,0.0,R,KGS,2026-08-20,Oct-2022  (R),gemstrategy_data/raw/import/71011010/71011010_2022_10.html
import,2022-10-01,2022,10,October,71011010,Natural Pearls,Natural (real) pearls - unworked,HONG KONG,PARTNER,0.07,R,KGS,2026-08-20,Oct-2022  (R),gemstrategy_data/raw/import/71011010/71011010_2022_10.html
import,2022-10-01,2022,10,October,71011010,Natural Pearls,Natural (real) pearls - unworked,INDONESIA,PARTNER,0.0,R,KGS,2026-08-20,Oct-2022  (R),gemstrategy_data/raw/import/71011010/71011010_2022_10.html
import,2022-10-01,2022,10,October,71011010,Natural Pearls,Natural (real) pearls - unworked,JAPAN,PARTNER,0.0,R,KGS,2026-08-20,Oct-2022  (R),gemstrategy_data/raw/import/71011010/71011010_2022_10.html
import,2022-10-01,2022,10,October,71011010,Natural Pearls,Natural (real) pearls - unworked,SWITZERLAND,PARTNER,0.0,R,KGS,2026-08-20,Oct-2022  (R),gemstrategy_data/raw/import/71011010/71011010_2022_10.html
import,2022-10-01,2022,10,October,71011010,Natural Pearls,Natural (real) pearls - unworked,THAILAND,PARTNER,0.0,R,KGS,2026-08-20,Oct-2022  (R),gemstrategy_data/raw/import/71011010/71011010_2022_10.html
import,2022-10-01,2022,10,October,71011010,Natural Pearls,Natural (real) pearls - unworked,U K,PARTNER,0.0,R,KGS,2026-08-20,Oct-2022  (R),gemstrategy_data/raw/import/71011010/71011010_2022_10.html
import,2022-10-01,2022,10,October,71011010,Natural Pearls,Natural (real) pearls - unworked,U S A,PARTNER,0.0,R,KGS,2026-08-20,Oct-2022  (R),gemstrategy_data/raw/import/71011010/71011010_2022_10.html
import,2022-10-01,2022,10,October,71011010,Natural Pearls,Natural (real) pearls - unworked,Total,TOTAL,0.07,R,KGS,2026-08-20,Oct-2022  (R),gemstrategy_data/raw/import/71011010/71011010_2022_10.html
import,2022-10-01,2022,10,October,71011020,Natural Pearls,Natural (real) pearls - worked,CHINA P RP,PARTNER,0.01,R,KGS,2026-08-20,Oct-2022  (R),gemstrategy_data/raw/import/71011020/71011020_2022_10.html
import,2022-10-01,2022,10,October,71011020,Natural Pearls,Natural (real) pearls - worked,HONG KONG,PARTNER,0.01,R,KGS,2026-08-20,Oct-2022  (R),gemstrategy_data/raw/import/71011020/71011020_2022_10.html
import,2022-10-01,2022,10,October,71011020,Natural Pearls,Natural (real) pearls - worked,JAPAN,PARTNER,0.0,R,KGS,2026-08-20,Oct-2022  (R),gemstrategy_data/raw/import/71011020/71011020_2022_10.html
import,2022-10-01,2022,10,October,71011020,Natural Pearls,Natural (real) pearls - worked,QATAR,PARTNER,0.0,R,KGS,2026-08-20,Oct-2022  (R),gemstrategy_data/raw/import/71011020/71011020_2022_10.html
import,2022-10-01,2022,10,October,71011020,Natural Pearls,Natural (real) pearls - worked,SWITZERLAND,PARTNER,0.0,R,KGS,2026-08-20,Oct-2022  (R),gemstrategy_data/raw/import/71011020/71011020_2022_10.html
import,2022-10-01,2022,10,October,71011020,Natural Pearls,Natural (real) pearls - worked,THAILAND,PARTNER,0.0,R,KGS,2026-08-20,Oct-2022  (R),gemstrategy_data/raw/import/71011020/71011020_2022_10.html
import,2022-10-01,2022,10,October,71011020,Natural Pearls,Natural (real) pearls - worked,U ARAB EMTS,PARTNER,0.0,R,KGS,2026-08-20,Oct-2022  (R),gemstrategy_data/raw/import/71011020/71011020_2022_10.html
import,2022-10-01,2022,10,October,71011020,Natural Pearls,Natural (real) pearls - worked,U S A,PARTNER,0.0,R,KGS,2026-08-20,Oct-2022  (R),gemstrategy_data/raw/import/71011020/71011020_2022_10.html
import,2022-10-01,2022,10,October,71011020,Natural Pearls,Natural (real) pearls - worked,Total,TOTAL,0.02,R,KGS,2026-08-20,Oct-2022  (R),gemstrategy_data/raw/import/71011020/71011020_2022_10.html
import,2022-10-01,2022,10,October,71012100,Cultured Pearls,Cultured pearls - unworked,CHINA P RP,PARTNER,0.65,R,KGS,2026-08-20,Oct-2022  (R),gemstrategy_data/raw/import/71012100/71012100_2022_10.html
import,2022-10-01,2022,10,October,71012100,Cultured Pearls,Cultured pearls - unworked,FRANCE,PARTNER,0.0,R,KGS,2026-08-20,Oct-2022  (R),gemstrategy_data/raw/import/71012100/71012100_2022_10.html
import,2022-10-01,2022,10,October,71012100,Cultured Pearls,Cultured pearls - unworked,GERMANY,PARTNER,0.0,R,KGS,2026-08-20,Oct-2022  (R),gemstrategy_data/raw/import/71012100/71012100_2022_10.html
import,2022-10-01,2022,10,October,71012100,Cultured Pearls,Cultured pearls - unworked,HONG KONG,PARTNER,0.32,R,KGS,2026-08-20,Oct-2022  (R),gemstrategy_data/raw/import/71012100/71012100_2022_10.html
import,2022-10-01,2022,10,October,71012100,Cultured Pearls,Cultured pearls - unworked,INDONESIA,PARTNER,0.0,R,KGS,2026-08-20,Oct-2022  (R),gemstrategy_data/raw/import/71012100/71012100_2022_10.html
import,2022-10-01,2022,10,October,71012100,Cultured Pearls,Cultured pearls - unworked,JAPAN,PARTNER,0.17,R,KGS,2026-08-20,Oct-2022  (R),gemstrategy_data/raw/import/71012100/71012100_2022_10.html
import,2022-10-01,2022,10,October,71012100,Cultured Pearls,Cultured pearls - unworked,THAILAND,PARTNER,0.0,R,KGS,2026-08-20,Oct-2022  (R),gemstrategy_data/raw/import/71012100/71012100_2022_10.html
import,2022-10-01,2022,10,October,71012100,Cultured Pearls,Cultured pearls - unworked,Total,TOTAL,1.14,R,KGS,2026-08-20,Oct-2022  (R),gemstrategy_data/raw/import/71012100/71012100_2022_10.html
import,2022-10-01,2022,10,October,71012200,Cultured Pearls,Cultured pearls - worked,AUSTRALIA,PARTNER,0.0,R,KGS,2026-08-20,Oct-2022  (R),gemstrategy_data/raw/import/71012200/71012200_2022_10.html
import,2022-10-01,2022,10,October,71012200,Cultured Pearls,Cultured pearls - worked,BRAZIL,PARTNER,0.0,R,KGS,2026-08-20,Oct-2022  (R),gemstrategy_data/raw/import/71012200/71012200_2022_10.html
import,2022-10-01,2022,10,October,71012200,Cultured Pearls,Cultured pearls - worked,CANADA,PARTNER,0.0,R,KGS,2026-08-20,Oct-2022  (R),gemstrategy_data/raw/import/71012200/71012200_2022_10.html
import,2022-10-01,2022,10,October,71012200,Cultured Pearls,Cultured pearls - worked,CHINA P RP,PARTNER,0.22,R,KGS,2026-08-20,Oct-2022  (R),gemstrategy_data/raw/import/71012200/71012200_2022_10.html
import,2022-10-01,2022,10,October,71012200,Cultured Pearls,Cultured pearls - worked,DENMARK,PARTNER,0.0,R,KGS,2026-08-20,Oct-2022  (R),gemstrategy_data/raw/import/71012200/71012200_2022_10.html
import,2022-10-01,2022,10,October,71012200,Cultured Pearls,Cultured pearls - worked,FRANCE,PARTNER,0.0,R,KGS,2026-08-20,Oct-2022  (R),gemstrategy_data/raw/import/71012200/71012200_2022_10.html
import,2022-10-01,2022,10,October,71012200,Cultured Pearls,Cultured pearls - worked,GERMANY,PARTNER,0.0,R,KGS,2026-08-20,Oct-2022  (R),gemstrategy_data/raw/import/71012200/71012200_2022_10.html
import,2022-10-01,2022,10,October,71012200,Cultured Pearls,Cultured pearls - worked,HONG KONG,PARTNER,0.43,R,KGS,2026-08-20,Oct-2022  (R),gemstrategy_data/raw/import/71012200/71012200_2022_10.html
import,2022-10-01,2022,10,October,71012200,Cultured Pearls,Cultured pearls - worked,INDONESIA,PARTNER,0.0,R,KGS,2026-08-20,Oct-2022  (R),gemstrategy_data/raw/import/71012200/71012200_2022_10.html
import,2022-10-01,2022,10,October,71012200,Cultured Pearls,Cultured pearls - worked,ITALY,PARTNER,0.0,R,KGS,2026-08-20,Oct-2022  (R),gemstrategy_data/raw/import/71012200/71012200_2022_10.html
import,2022-10-01,2022,10,October,71012200,Cultured Pearls,Cultured pearls - worked,JAPAN,PARTNER,0.1,R,KGS,2026-08-20,Oct-2022  (R),gemstrategy_data/raw/import/71012200/71012200_2022_10.html
import,2022-10-01,2022,10,October,71012200,Cultured Pearls,Cultured pearls - worked,KOREA RP,PARTNER,0.0,R,KGS,2026-08-20,Oct-2022  (R),gemstrategy_data/raw/import/71012200/71012200_2022_10.html
import,2022-10-01,2022,10,October,71012200,Cultured Pearls,Cultured pearls - worked,SINGAPORE,PARTNER,0.02,R,KGS,2026-08-20,Oct-2022  (R),gemstrategy_data/raw/import/71012200/71012200_2022_10.html
import,2022-10-01,2022,10,October,71012200,Cultured Pearls,Cultured pearls - worked,SPAIN,PARTNER,0.0,R,KGS,2026-08-20,Oct-2022  (R),gemstrategy_data/raw/import/71012200/71012200_2022_10.html
import,2022-10-01,2022,10,October,71012200,Cultured Pearls,Cultured pearls - worked,THAILAND,PARTNER,0.02,R,KGS,2026-08-20,Oct-2022  (R),gemstrategy_data/raw/import/71012200/71012200_2022_10.html
import,2022-10-01,2022,10,October,71012200,Cultured Pearls,Cultured pearls - worked,U ARAB EMTS,PARTNER,0.0,R,KGS,2026-08-20,Oct-2022  (R),gemstrategy_data/raw/import/71012200/71012200_2022_10.html
import,2022-10-01,2022,10,October,71012200,Cultured Pearls,Cultured pearls - worked,U K,PARTNER,0.0,R,KGS,2026-08-20,Oct-2022  (R),gemstrategy_data/raw/import/71012200/71012200_2022_10.html
import,2022-10-01,2022,10,October,71012200,Cultured Pearls,Cultured pearls - worked,U S A,PARTNER,0.02,R,KGS,2026-08-20,Oct-2022  (R),gemstrategy_data/raw/import/71012200/71012200_2022_10.html
import,2022-10-01,2022,10,October,71012200,Cultured Pearls,Cultured pearls - worked,Total,TOTAL,0.82,R,KGS,2026-08-20,Oct-2022  (R),gemstrategy_data/raw/import/71012200/71012200_2022_10.html
import,2022-11-01,2022,11,November,71011010,Natural Pearls,Natural (real) pearls - unworked,BAHARAIN IS,PARTNER,0.0,R,KGS,2026-08-20,Nov-2022  (R),gemstrategy_data/raw/import/71011010/71011010_2022_11.html
import,2022-11-01,2022,11,November,71011010,Natural Pearls,Natural (real) pearls - unworked,CHINA P RP,PARTNER,0.0,R,KGS,2026-08-20,Nov-2022  (R),gemstrategy_data/raw/import/71011010/71011010_2022_11.html
import,2022-11-01,2022,11,November,71011010,Natural Pearls,Natural (real) pearls - unworked,HONG KONG,PARTNER,0.08,R,KGS,2026-08-20,Nov-2022  (R),gemstrategy_data/raw/import/71011010/71011010_2022_11.html
import,2022-11-01,2022,11,November,71011010,Natural Pearls,Natural (real) pearls - unworked,INDONESIA,PARTNER,0.0,R,KGS,2026-08-20,Nov-2022  (R),gemstrategy_data/raw/import/71011010/71011010_2022_11.html
import,2022-11-01,2022,11,November,71011010,Natural Pearls,Natural (real) pearls - unworked,JAPAN,PARTNER,0.09,R,KGS,2026-08-20,Nov-2022  (R),gemstrategy_data/raw/import/71011010/71011010_2022_11.html
import,2022-11-01,2022,11,November,71011010,Natural Pearls,Natural (real) pearls - unworked,SWITZERLAND,PARTNER,0.0,R,KGS,2026-08-20,Nov-2022  (R),gemstrategy_data/raw/import/71011010/71011010_2022_11.html
import,2022-11-01,2022,11,November,71011010,Natural Pearls,Natural (real) pearls - unworked,THAILAND,PARTNER,0.0,R,KGS,2026-08-20,Nov-2022  (R),gemstrategy_data/raw/import/71011010/71011010_2022_11.html
import,2022-11-01,2022,11,November,71011010,Natural Pearls,Natural (real) pearls - unworked,U K,PARTNER,0.0,R,KGS,2026-08-20,Nov-2022  (R),gemstrategy_data/raw/import/71011010/71011010_2022_11.html
import,2022-11-01,2022,11,November,71011010,Natural Pearls,Natural (real) pearls - unworked,U S A,PARTNER,0.0,R,KGS,2026-08-20,Nov-2022  (R),gemstrategy_data/raw/import/71011010/71011010_2022_11.html
import,2022-11-01,2022,11,November,71011010,Natural Pearls,Natural (real) pearls - unworked,Total,TOTAL,0.17,R,KGS,2026-08-20,Nov-2022  (R),gemstrategy_data/raw/import/71011010/71011010_2022_11.html
import,2022-11-01,2022,11,November,71011020,Natural Pearls,Natural (real) pearls - worked,CHINA P RP,PARTNER,0.0,R,KGS,2026-08-20,Nov-2022  (R),gemstrategy_data/raw/import/71011020/71011020_2022_11.html
import,2022-11-01,2022,11,November,71011020,Natural Pearls,Natural (real) pearls - worked,HONG KONG,PARTNER,0.0,R,KGS,2026-08-20,Nov-2022  (R),gemstrategy_data/raw/import/71011020/71011020_2022_11.html
import,2022-11-01,2022,11,November,71011020,Natural Pearls,Natural (real) pearls - worked,JAPAN,PARTNER,0.0,R,KGS,2026-08-20,Nov-2022  (R),gemstrategy_data/raw/import/71011020/71011020_2022_11.html
import,2022-11-01,2022,11,November,71011020,Natural Pearls,Natural (real) pearls - worked,QATAR,PARTNER,0.0,R,KGS,2026-08-20,Nov-2022  (R),gemstrategy_data/raw/import/71011020/71011020_2022_11.html
import,2022-11-01,2022,11,November,71011020,Natural Pearls,Natural (real) pearls - worked,SWITZERLAND,PARTNER,0.04,R,KGS,2026-08-20,Nov-2022  (R),gemstrategy_data/raw/import/71011020/71011020_2022_11.html
import,2022-11-01,2022,11,November,71011020,Natural Pearls,Natural (real) pearls - worked,THAILAND,PARTNER,0.0,R,KGS,2026-08-20,Nov-2022  (R),gemstrategy_data/raw/import/71011020/71011020_2022_11.html
import,2022-11-01,2022,11,November,71011020,Natural Pearls,Natural (real) pearls - worked,U ARAB EMTS,PARTNER,0.02,R,KGS,2026-08-20,Nov-2022  (R),gemstrategy_data/raw/import/71011020/71011020_2022_11.html
import,2022-11-01,2022,11,November,71011020,Natural Pearls,Natural (real) pearls - worked,U S A,PARTNER,0.0,R,KGS,2026-08-20,Nov-2022  (R),gemstrategy_data/raw/import/71011020/71011020_2022_11.html
import,2022-11-01,2022,11,November,71011020,Natural Pearls,Natural (real) pearls - worked,Total,TOTAL,0.07,R,KGS,2026-08-20,Nov-2022  (R),gemstrategy_data/raw/import/71011020/71011020_2022_11.html
import,2022-11-01,2022,11,November,71012100,Cultured Pearls,Cultured pearls - unworked,CHINA P RP,PARTNER,0.39,R,KGS,2026-08-20,Nov-2022  (R),gemstrategy_data/raw/import/71012100/71012100_2022_11.html
import,2022-11-01,2022,11,November,71012100,Cultured Pearls,Cultured pearls - unworked,FRANCE,PARTNER,0.0,R,KGS,2026-08-20,Nov-2022  (R),gemstrategy_data/raw/import/71012100/71012100_2022_11.html
import,2022-11-01,2022,11,November,71012100,Cultured Pearls,Cultured pearls - unworked,GERMANY,PARTNER,0.0,R,KGS,2026-08-20,Nov-2022  (R),gemstrategy_data/raw/import/71012100/71012100_2022_11.html
import,2022-11-01,2022,11,November,71012100,Cultured Pearls,Cultured pearls - unworked,HONG KONG,PARTNER,0.39,R,KGS,2026-08-20,Nov-2022  (R),gemstrategy_data/raw/import/71012100/71012100_2022_11.html
import,2022-11-01,2022,11,November,71012100,Cultured Pearls,Cultured pearls - unworked,INDONESIA,PARTNER,0.01,R,KGS,2026-08-20,Nov-2022  (R),gemstrategy_data/raw/import/71012100/71012100_2022_11.html
import,2022-11-01,2022,11,November,71012100,Cultured Pearls,Cultured pearls - unworked,JAPAN,PARTNER,0.19,R,KGS,2026-08-20,Nov-2022  (R),gemstrategy_data/raw/import/71012100/71012100_2022_11.html
import,2022-11-01,2022,11,November,71012100,Cultured Pearls,Cultured pearls - unworked,THAILAND,PARTNER,0.01,R,KGS,2026-08-20,Nov-2022  (R),gemstrategy_data/raw/import/71012100/71012100_2022_11.html
import,2022-11-01,2022,11,November,71012100,Cultured Pearls,Cultured pearls - unworked,Total,TOTAL,0.98,R,KGS,2026-08-20,Nov-2022  (R),gemstrategy_data/raw/import/71012100/71012100_2022_11.html
import,2022-11-01,2022,11,November,71012200,Cultured Pearls,Cultured pearls - worked,AUSTRALIA,PARTNER,0.0,R,KGS,2026-08-20,Nov-2022  (R),gemstrategy_data/raw/import/71012200/71012200_2022_11.html
import,2022-11-01,2022,11,November,71012200,Cultured Pearls,Cultured pearls - worked,BRAZIL,PARTNER,0.0,R,KGS,2026-08-20,Nov-2022  (R),gemstrategy_data/raw/import/71012200/71012200_2022_11.html
import,2022-11-01,2022,11,November,71012200,Cultured Pearls,Cultured pearls - worked,CANADA,PARTNER,0.0,R,KGS,2026-08-20,Nov-2022  (R),gemstrategy_data/raw/import/71012200/71012200_2022_11.html
import,2022-11-01,2022,11,November,71012200,Cultured Pearls,Cultured pearls - worked,CHINA P RP,PARTNER,0.03,R,KGS,2026-08-20,Nov-2022  (R),gemstrategy_data/raw/import/71012200/71012200_2022_11.html
import,2022-11-01,2022,11,November,71012200,Cultured Pearls,Cultured pearls - worked,DENMARK,PARTNER,0.0,R,KGS,2026-08-20,Nov-2022  (R),gemstrategy_data/raw/import/71012200/71012200_2022_11.html
import,2022-11-01,2022,11,November,71012200,Cultured Pearls,Cultured pearls - worked,FRANCE,PARTNER,0.0,R,KGS,2026-08-20,Nov-2022  (R),gemstrategy_data/raw/import/71012200/71012200_2022_11.html
import,2022-11-01,2022,11,November,71012200,Cultured Pearls,Cultured pearls - worked,GERMANY,PARTNER,0.0,R,KGS,2026-08-20,Nov-2022  (R),gemstrategy_data/raw/import/71012200/71012200_2022_11.html
import,2022-11-01,2022,11,November,71012200,Cultured Pearls,Cultured pearls - worked,HONG KONG,PARTNER,0.05,R,KGS,2026-08-20,Nov-2022  (R),gemstrategy_data/raw/import/71012200/71012200_2022_11.html
import,2022-11-01,2022,11,November,71012200,Cultured Pearls,Cultured pearls - worked,INDONESIA,PARTNER,0.0,R,KGS,2026-08-20,Nov-2022  (R),gemstrategy_data/raw/import/71012200/71012200_2022_11.html
import,2022-11-01,2022,11,November,71012200,Cultured Pearls,Cultured pearls - worked,ITALY,PARTNER,0.0,R,KGS,2026-08-20,Nov-2022  (R),gemstrategy_data/raw/import/71012200/71012200_2022_11.html
import,2022-11-01,2022,11,November,71012200,Cultured Pearls,Cultured pearls - worked,JAPAN,PARTNER,0.08,R,KGS,2026-08-20,Nov-2022  (R),gemstrategy_data/raw/import/71012200/71012200_2022_11.html
import,2022-11-01,2022,11,November,71012200,Cultured Pearls,Cultured pearls - worked,KOREA RP,PARTNER,0.0,R,KGS,2026-08-20,Nov-2022  (R),gemstrategy_data/raw/import/71012200/71012200_2022_11.html
import,2022-11-01,2022,11,November,71012200,Cultured Pearls,Cultured pearls - worked,SINGAPORE,PARTNER,0.0,R,KGS,2026-08-20,Nov-2022  (R),gemstrategy_data/raw/import/71012200/71012200_2022_11.html
import,2022-11-01,2022,11,November,71012200,Cultured Pearls,Cultured pearls - worked,SPAIN,PARTNER,0.0,R,KGS,2026-08-20,Nov-2022  (R),gemstrategy_data/raw/import/71012200/71012200_2022_11.html
import,2022-11-01,2022,11,November,71012200,Cultured Pearls,Cultured pearls - worked,THAILAND,PARTNER,0.01,R,KGS,2026-08-20,Nov-2022  (R),gemstrategy_data/raw/import/71012200/71012200_2022_11.html
import,2022-11-01,2022,11,November,71012200,Cultured Pearls,Cultured pearls - worked,U ARAB EMTS,PARTNER,0.0,R,KGS,2026-08-20,Nov-2022  (R),gemstrategy_data/raw/import/71012200/71012200_2022_11.html
import,2022-11-01,2022,11,November,71012200,Cultured Pearls,Cultured pearls - worked,U K,PARTNER,0.0,R,KGS,2026-08-20,Nov-2022  (R),gemstrategy_data/raw/import/71012200/71012200_2022_11.html
import,2022-11-01,2022,11,November,71012200,Cultured Pearls,Cultured pearls - worked,U S A,PARTNER,0.02,R,KGS,2026-08-20,Nov-2022  (R),gemstrategy_data/raw/import/71012200/71012200_2022_11.html
import,2022-11-01,2022,11,November,71012200,Cultured Pearls,Cultured pearls - worked,Total,TOTAL,0.19,R,KGS,2026-08-20,Nov-2022  (R),gemstrategy_data/raw/import/71012200/71012200_2022_11.html
import,2022-12-01,2022,12,December,71011010,Natural Pearls,Natural (real) pearls - unworked,BAHARAIN IS,PARTNER,0.0,R,KGS,2026-08-20,Dec-2022  (R),gemstrategy_data/raw/import/71011010/71011010_2022_12.html
import,2022-12-01,2022,12,December,71011010,Natural Pearls,Natural (real) pearls - unworked,CHINA P RP,PARTNER,0.0,R,KGS,2026-08-20,Dec-2022  (R),gemstrategy_data/raw/import/71011010/71011010_2022_12.html
import,2022-12-01,2022,12,December,71011010,Natural Pearls,Natural (real) pearls - unworked,HONG KONG,PARTNER,0.27,R,KGS,2026-08-20,Dec-2022  (R),gemstrategy_data/raw/import/71011010/71011010_2022_12.html
import,2022-12-01,2022,12,December,71011010,Natural Pearls,Natural (real) pearls - unworked,INDONESIA,PARTNER,0.0,R,KGS,2026-08-20,Dec-2022  (R),gemstrategy_data/raw/import/71011010/71011010_2022_12.html
import,2022-12-01,2022,12,December,71011010,Natural Pearls,Natural (real) pearls - unworked,JAPAN,PARTNER,0.05,R,KGS,2026-08-20,Dec-2022  (R),gemstrategy_data/raw/import/71011010/71011010_2022_12.html
import,2022-12-01,2022,12,December,71011010,Natural Pearls,Natural (real) pearls - unworked,SWITZERLAND,PARTNER,0.0,R,KGS,2026-08-20,Dec-2022  (R),gemstrategy_data/raw/import/71011010/71011010_2022_12.html
import,2022-12-01,2022,12,December,71011010,Natural Pearls,Natural (real) pearls - unworked,THAILAND,PARTNER,0.0,R,KGS,2026-08-20,Dec-2022  (R),gemstrategy_data/raw/import/71011010/71011010_2022_12.html
import,2022-12-01,2022,12,December,71011010,Natural Pearls,Natural (real) pearls - unworked,U K,PARTNER,0.0,R,KGS,2026-08-20,Dec-2022  (R),gemstrategy_data/raw/import/71011010/71011010_2022_12.html
import,2022-12-01,2022,12,December,71011010,Natural Pearls,Natural (real) pearls - unworked,U S A,PARTNER,0.0,R,KGS,2026-08-20,Dec-2022  (R),gemstrategy_data/raw/import/71011010/71011010_2022_12.html
import,2022-12-01,2022,12,December,71011010,Natural Pearls,Natural (real) pearls - unworked,Total,TOTAL,0.32,R,KGS,2026-08-20,Dec-2022  (R),gemstrategy_data/raw/import/71011010/71011010_2022_12.html
import,2022-12-01,2022,12,December,71011020,Natural Pearls,Natural (real) pearls - worked,CHINA P RP,PARTNER,0.0,R,KGS,2026-08-20,Dec-2022  (R),gemstrategy_data/raw/import/71011020/71011020_2022_12.html
import,2022-12-01,2022,12,December,71011020,Natural Pearls,Natural (real) pearls - worked,HONG KONG,PARTNER,0.01,R,KGS,2026-08-20,Dec-2022  (R),gemstrategy_data/raw/import/71011020/71011020_2022_12.html
import,2022-12-01,2022,12,December,71011020,Natural Pearls,Natural (real) pearls - worked,JAPAN,PARTNER,0.01,R,KGS,2026-08-20,Dec-2022  (R),gemstrategy_data/raw/import/71011020/71011020_2022_12.html
import,2022-12-01,2022,12,December,71011020,Natural Pearls,Natural (real) pearls - worked,QATAR,PARTNER,0.0,R,KGS,2026-08-20,Dec-2022  (R),gemstrategy_data/raw/import/71011020/71011020_2022_12.html
import,2022-12-01,2022,12,December,71011020,Natural Pearls,Natural (real) pearls - worked,SWITZERLAND,PARTNER,1.68,R,KGS,2026-08-20,Dec-2022  (R),gemstrategy_data/raw/import/71011020/71011020_2022_12.html
import,2022-12-01,2022,12,December,71011020,Natural Pearls,Natural (real) pearls - worked,THAILAND,PARTNER,0.0,R,KGS,2026-08-20,Dec-2022  (R),gemstrategy_data/raw/import/71011020/71011020_2022_12.html
import,2022-12-01,2022,12,December,71011020,Natural Pearls,Natural (real) pearls - worked,U ARAB EMTS,PARTNER,0.0,R,KGS,2026-08-20,Dec-2022  (R),gemstrategy_data/raw/import/71011020/71011020_2022_12.html
import,2022-12-01,2022,12,December,71011020,Natural Pearls,Natural (real) pearls - worked,U S A,PARTNER,0.03,R,KGS,2026-08-20,Dec-2022  (R),gemstrategy_data/raw/import/71011020/71011020_2022_12.html
import,2022-12-01,2022,12,December,71011020,Natural Pearls,Natural (real) pearls - worked,Total,TOTAL,1.72,R,KGS,2026-08-20,Dec-2022  (R),gemstrategy_data/raw/import/71011020/71011020_2022_12.html
import,2022-12-01,2022,12,December,71012100,Cultured Pearls,Cultured pearls - unworked,CHINA P RP,PARTNER,0.79,R,KGS,2026-08-20,Dec-2022  (R),gemstrategy_data/raw/import/71012100/71012100_2022_12.html
import,2022-12-01,2022,12,December,71012100,Cultured Pearls,Cultured pearls - unworked,FRANCE,PARTNER,0.0,R,KGS,2026-08-20,Dec-2022  (R),gemstrategy_data/raw/import/71012100/71012100_2022_12.html
import,2022-12-01,2022,12,December,71012100,Cultured Pearls,Cultured pearls - unworked,GERMANY,PARTNER,0.0,R,KGS,2026-08-20,Dec-2022  (R),gemstrategy_data/raw/import/71012100/71012100_2022_12.html
import,2022-12-01,2022,12,December,71012100,Cultured Pearls,Cultured pearls - unworked,HONG KONG,PARTNER,0.42,R,KGS,2026-08-20,Dec-2022  (R),gemstrategy_data/raw/import/71012100/71012100_2022_12.html
import,2022-12-01,2022,12,December,71012100,Cultured Pearls,Cultured pearls - unworked,INDONESIA,PARTNER,0.0,R,KGS,2026-08-20,Dec-2022  (R),gemstrategy_data/raw/import/71012100/71012100_2022_12.html
import,2022-12-01,2022,12,December,71012100,Cultured Pearls,Cultured pearls - unworked,JAPAN,PARTNER,0.06,R,KGS,2026-08-20,Dec-2022  (R),gemstrategy_data/raw/import/71012100/71012100_2022_12.html
import,2022-12-01,2022,12,December,71012100,Cultured Pearls,Cultured pearls - unworked,THAILAND,PARTNER,0.0,R,KGS,2026-08-20,Dec-2022  (R),gemstrategy_data/raw/import/71012100/71012100_2022_12.html
import,2022-12-01,2022,12,December,71012100,Cultured Pearls,Cultured pearls - unworked,Total,TOTAL,1.28,R,KGS,2026-08-20,Dec-2022  (R),gemstrategy_data/raw/import/71012100/71012100_2022_12.html
import,2022-12-01,2022,12,December,71012200,Cultured Pearls,Cultured pearls - worked,AUSTRALIA,PARTNER,0.0,R,KGS,2026-08-20,Dec-2022  (R),gemstrategy_data/raw/import/71012200/71012200_2022_12.html
import,2022-12-01,2022,12,December,71012200,Cultured Pearls,Cultured pearls - worked,BRAZIL,PARTNER,0.0,R,KGS,2026-08-20,Dec-2022  (R),gemstrategy_data/raw/import/71012200/71012200_2022_12.html
import,2022-12-01,2022,12,December,71012200,Cultured Pearls,Cultured pearls - worked,CANADA,PARTNER,0.0,R,KGS,2026-08-20,Dec-2022  (R),gemstrategy_data/raw/import/71012200/71012200_2022_12.html
import,2022-12-01,2022,12,December,71012200,Cultured Pearls,Cultured pearls - worked,CHINA P RP,PARTNER,0.12,R,KGS,2026-08-20,Dec-2022  (R),gemstrategy_data/raw/import/71012200/71012200_2022_12.html
import,2022-12-01,2022,12,December,71012200,Cultured Pearls,Cultured pearls - worked,DENMARK,PARTNER,0.0,R,KGS,2026-08-20,Dec-2022  (R),gemstrategy_data/raw/import/71012200/71012200_2022_12.html
import,2022-12-01,2022,12,December,71012200,Cultured Pearls,Cultured pearls - worked,FRANCE,PARTNER,0.0,R,KGS,2026-08-20,Dec-2022  (R),gemstrategy_data/raw/import/71012200/71012200_2022_12.html
import,2022-12-01,2022,12,December,71012200,Cultured Pearls,Cultured pearls - worked,GERMANY,PARTNER,0.0,R,KGS,2026-08-20,Dec-2022  (R),gemstrategy_data/raw/import/71012200/71012200_2022_12.html
import,2022-12-01,2022,12,December,71012200,Cultured Pearls,Cultured pearls - worked,HONG KONG,PARTNER,0.78,R,KGS,2026-08-20,Dec-2022  (R),gemstrategy_data/raw/import/71012200/71012200_2022_12.html
import,2022-12-01,2022,12,December,71012200,Cultured Pearls,Cultured pearls - worked,INDONESIA,PARTNER,0.0,R,KGS,2026-08-20,Dec-2022  (R),gemstrategy_data/raw/import/71012200/71012200_2022_12.html
import,2022-12-01,2022,12,December,71012200,Cultured Pearls,Cultured pearls - worked,ITALY,PARTNER,0.0,R,KGS,2026-08-20,Dec-2022  (R),gemstrategy_data/raw/import/71012200/71012200_2022_12.html
import,2022-12-01,2022,12,December,71012200,Cultured Pearls,Cultured pearls - worked,JAPAN,PARTNER,0.01,R,KGS,2026-08-20,Dec-2022  (R),gemstrategy_data/raw/import/71012200/71012200_2022_12.html
import,2022-12-01,2022,12,December,71012200,Cultured Pearls,Cultured pearls - worked,KOREA RP,PARTNER,0.0,R,KGS,2026-08-20,Dec-2022  (R),gemstrategy_data/raw/import/71012200/71012200_2022_12.html
import,2022-12-01,2022,12,December,71012200,Cultured Pearls,Cultured pearls - worked,SINGAPORE,PARTNER,0.0,R,KGS,2026-08-20,Dec-2022  (R),gemstrategy_data/raw/import/71012200/71012200_2022_12.html
import,2022-12-01,2022,12,December,71012200,Cultured Pearls,Cultured pearls - worked,SPAIN,PARTNER,0.0,R,KGS,2026-08-20,Dec-2022  (R),gemstrategy_data/raw/import/71012200/71012200_2022_12.html
import,2022-12-01,2022,12,December,71012200,Cultured Pearls,Cultured pearls - worked,THAILAND,PARTNER,0.03,R,KGS,2026-08-20,Dec-2022  (R),gemstrategy_data/raw/import/71012200/71012200_2022_12.html
import,2022-12-01,2022,12,December,71012200,Cultured Pearls,Cultured pearls - worked,U ARAB EMTS,PARTNER,0.0,R,KGS,2026-08-20,Dec-2022  (R),gemstrategy_data/raw/import/71012200/71012200_2022_12.html
import,2022-12-01,2022,12,December,71012200,Cultured Pearls,Cultured pearls - worked,U K,PARTNER,0.0,R,KGS,2026-08-20,Dec-2022  (R),gemstrategy_data/raw/import/71012200/71012200_2022_12.html
import,2022-12-01,2022,12,December,71012200,Cultured Pearls,Cultured pearls - worked,U S A,PARTNER,0.01,R,KGS,2026-08-20,Dec-2022  (R),gemstrategy_data/raw/import/71012200/71012200_2022_12.html
import,2022-12-01,2022,12,December,71012200,Cultured Pearls,Cultured pearls - worked,Total,TOTAL,0.95,R,KGS,2026-08-20,Dec-2022  (R),gemstrategy_data/raw/import/71012200/71012200_2022_12.html
import,2023-01-01,2023,1,January,71011010,Natural Pearls,Natural (real) pearls - unworked,BAHARAIN IS,PARTNER,0.08,R,KGS,2026-08-20,Jan-2023  (R),gemstrategy_data/raw/import/71011010/71011010_2023_01.html
import,2023-01-01,2023,1,January,71011010,Natural Pearls,Natural (real) pearls - unworked,CHINA P RP,PARTNER,0.0,R,KGS,2026-08-20,Jan-2023  (R),gemstrategy_data/raw/import/71011010/71011010_2023_01.html
import,2023-01-01,2023,1,January,71011010,Natural Pearls,Natural (real) pearls - unworked,FRANCE,PARTNER,0.0,R,KGS,2026-08-20,Jan-2023  (R),gemstrategy_data/raw/import/71011010/71011010_2023_01.html
import,2023-01-01,2023,1,January,71011010,Natural Pearls,Natural (real) pearls - unworked,HONG KONG,PARTNER,0.2,R,KGS,2026-08-20,Jan-2023  (R),gemstrategy_data/raw/import/71011010/71011010_2023_01.html
import,2023-01-01,2023,1,January,71011010,Natural Pearls,Natural (real) pearls - unworked,INDONESIA,PARTNER,0.0,R,KGS,2026-08-20,Jan-2023  (R),gemstrategy_data/raw/import/71011010/71011010_2023_01.html
import,2023-01-01,2023,1,January,71011010,Natural Pearls,Natural (real) pearls - unworked,JAPAN,PARTNER,0.02,R,KGS,2026-08-20,Jan-2023  (R),gemstrategy_data/raw/import/71011010/71011010_2023_01.html
import,2023-01-01,2023,1,January,71011010,Natural Pearls,Natural (real) pearls - unworked,SWITZERLAND,PARTNER,0.0,R,KGS,2026-08-20,Jan-2023  (R),gemstrategy_data/raw/import/71011010/71011010_2023_01.html
import,2023-01-01,2023,1,January,71011010,Natural Pearls,Natural (real) pearls - unworked,THAILAND,PARTNER,0.0,R,KGS,2026-08-20,Jan-2023  (R),gemstrategy_data/raw/import/71011010/71011010_2023_01.html
import,2023-01-01,2023,1,January,71011010,Natural Pearls,Natural (real) pearls - unworked,U K,PARTNER,0.0,R,KGS,2026-08-20,Jan-2023  (R),gemstrategy_data/raw/import/71011010/71011010_2023_01.html
import,2023-01-01,2023,1,January,71011010,Natural Pearls,Natural (real) pearls - unworked,U S A,PARTNER,0.0,R,KGS,2026-08-20,Jan-2023  (R),gemstrategy_data/raw/import/71011010/71011010_2023_01.html
import,2023-01-01,2023,1,January,71011010,Natural Pearls,Natural (real) pearls - unworked,Total,TOTAL,0.3,R,KGS,2026-08-20,Jan-2023  (R),gemstrategy_data/raw/import/71011010/71011010_2023_01.html
import,2023-01-01,2023,1,January,71011020,Natural Pearls,Natural (real) pearls - worked,CHINA P RP,PARTNER,0.0,R,KGS,2026-08-20,Jan-2023  (R),gemstrategy_data/raw/import/71011020/71011020_2023_01.html
import,2023-01-01,2023,1,January,71011020,Natural Pearls,Natural (real) pearls - worked,FRANCE,PARTNER,0.04,R,KGS,2026-08-20,Jan-2023  (R),gemstrategy_data/raw/import/71011020/71011020_2023_01.html
import,2023-01-01,2023,1,January,71011020,Natural Pearls,Natural (real) pearls - worked,HONG KONG,PARTNER,0.03,R,KGS,2026-08-20,Jan-2023  (R),gemstrategy_data/raw/import/71011020/71011020_2023_01.html
import,2023-01-01,2023,1,January,71011020,Natural Pearls,Natural (real) pearls - worked,JAPAN,PARTNER,0.0,R,KGS,2026-08-20,Jan-2023  (R),gemstrategy_data/raw/import/71011020/71011020_2023_01.html
import,2023-01-01,2023,1,January,71011020,Natural Pearls,Natural (real) pearls - worked,QATAR,PARTNER,0.0,R,KGS,2026-08-20,Jan-2023  (R),gemstrategy_data/raw/import/71011020/71011020_2023_01.html
import,2023-01-01,2023,1,January,71011020,Natural Pearls,Natural (real) pearls - worked,SWITZERLAND,PARTNER,0.01,R,KGS,2026-08-20,Jan-2023  (R),gemstrategy_data/raw/import/71011020/71011020_2023_01.html
import,2023-01-01,2023,1,January,71011020,Natural Pearls,Natural (real) pearls - worked,THAILAND,PARTNER,0.0,R,KGS,2026-08-20,Jan-2023  (R),gemstrategy_data/raw/import/71011020/71011020_2023_01.html
import,2023-01-01,2023,1,January,71011020,Natural Pearls,Natural (real) pearls - worked,U ARAB EMTS,PARTNER,0.0,R,KGS,2026-08-20,Jan-2023  (R),gemstrategy_data/raw/import/71011020/71011020_2023_01.html
import,2023-01-01,2023,1,January,71011020,Natural Pearls,Natural (real) pearls - worked,U S A,PARTNER,0.0,R,KGS,2026-08-20,Jan-2023  (R),gemstrategy_data/raw/import/71011020/71011020_2023_01.html
import,2023-01-01,2023,1,January,71011020,Natural Pearls,Natural (real) pearls - worked,Total,TOTAL,0.08,R,KGS,2026-08-20,Jan-2023  (R),gemstrategy_data/raw/import/71011020/71011020_2023_01.html
import,2023-01-01,2023,1,January,71012100,Cultured Pearls,Cultured pearls - unworked,CHINA P RP,PARTNER,0.94,R,KGS,2026-08-20,Jan-2023  (R),gemstrategy_data/raw/import/71012100/71012100_2023_01.html
import,2023-01-01,2023,1,January,71012100,Cultured Pearls,Cultured pearls - unworked,FRANCE,PARTNER,0.0,R,KGS,2026-08-20,Jan-2023  (R),gemstrategy_data/raw/import/71012100/71012100_2023_01.html
import,2023-01-01,2023,1,January,71012100,Cultured Pearls,Cultured pearls - unworked,GERMANY,PARTNER,0.0,R,KGS,2026-08-20,Jan-2023  (R),gemstrategy_data/raw/import/71012100/71012100_2023_01.html
import,2023-01-01,2023,1,January,71012100,Cultured Pearls,Cultured pearls - unworked,HONG KONG,PARTNER,0.44,R,KGS,2026-08-20,Jan-2023  (R),gemstrategy_data/raw/import/71012100/71012100_2023_01.html
import,2023-01-01,2023,1,January,71012100,Cultured Pearls,Cultured pearls - unworked,INDONESIA,PARTNER,0.0,R,KGS,2026-08-20,Jan-2023  (R),gemstrategy_data/raw/import/71012100/71012100_2023_01.html
import,2023-01-01,2023,1,January,71012100,Cultured Pearls,Cultured pearls - unworked,JAPAN,PARTNER,0.16,R,KGS,2026-08-20,Jan-2023  (R),gemstrategy_data/raw/import/71012100/71012100_2023_01.html
import,2023-01-01,2023,1,January,71012100,Cultured Pearls,Cultured pearls - unworked,THAILAND,PARTNER,0.0,R,KGS,2026-08-20,Jan-2023  (R),gemstrategy_data/raw/import/71012100/71012100_2023_01.html
import,2023-01-01,2023,1,January,71012100,Cultured Pearls,Cultured pearls - unworked,Total,TOTAL,1.55,R,KGS,2026-08-20,Jan-2023  (R),gemstrategy_data/raw/import/71012100/71012100_2023_01.html
import,2023-01-01,2023,1,January,71012200,Cultured Pearls,Cultured pearls - worked,AUSTRALIA,PARTNER,0.0,R,KGS,2026-08-20,Jan-2023  (R),gemstrategy_data/raw/import/71012200/71012200_2023_01.html
import,2023-01-01,2023,1,January,71012200,Cultured Pearls,Cultured pearls - worked,BRAZIL,PARTNER,0.0,R,KGS,2026-08-20,Jan-2023  (R),gemstrategy_data/raw/import/71012200/71012200_2023_01.html
import,2023-01-01,2023,1,January,71012200,Cultured Pearls,Cultured pearls - worked,CANADA,PARTNER,0.0,R,KGS,2026-08-20,Jan-2023  (R),gemstrategy_data/raw/import/71012200/71012200_2023_01.html
import,2023-01-01,2023,1,January,71012200,Cultured Pearls,Cultured pearls - worked,CHINA P RP,PARTNER,0.09,R,KGS,2026-08-20,Jan-2023  (R),gemstrategy_data/raw/import/71012200/71012200_2023_01.html
import,2023-01-01,2023,1,January,71012200,Cultured Pearls,Cultured pearls - worked,DENMARK,PARTNER,0.0,R,KGS,2026-08-20,Jan-2023  (R),gemstrategy_data/raw/import/71012200/71012200_2023_01.html
import,2023-01-01,2023,1,January,71012200,Cultured Pearls,Cultured pearls - worked,FRANCE,PARTNER,0.0,R,KGS,2026-08-20,Jan-2023  (R),gemstrategy_data/raw/import/71012200/71012200_2023_01.html
import,2023-01-01,2023,1,January,71012200,Cultured Pearls,Cultured pearls - worked,GERMANY,PARTNER,0.0,R,KGS,2026-08-20,Jan-2023  (R),gemstrategy_data/raw/import/71012200/71012200_2023_01.html
import,2023-01-01,2023,1,January,71012200,Cultured Pearls,Cultured pearls - worked,HONG KONG,PARTNER,0.28,R,KGS,2026-08-20,Jan-2023  (R),gemstrategy_data/raw/import/71012200/71012200_2023_01.html
import,2023-01-01,2023,1,January,71012200,Cultured Pearls,Cultured pearls - worked,INDONESIA,PARTNER,0.0,R,KGS,2026-08-20,Jan-2023  (R),gemstrategy_data/raw/import/71012200/71012200_2023_01.html
import,2023-01-01,2023,1,January,71012200,Cultured Pearls,Cultured pearls - worked,ITALY,PARTNER,0.0,R,KGS,2026-08-20,Jan-2023  (R),gemstrategy_data/raw/import/71012200/71012200_2023_01.html
import,2023-01-01,2023,1,January,71012200,Cultured Pearls,Cultured pearls - worked,JAPAN,PARTNER,0.16,R,KGS,2026-08-20,Jan-2023  (R),gemstrategy_data/raw/import/71012200/71012200_2023_01.html
import,2023-01-01,2023,1,January,71012200,Cultured Pearls,Cultured pearls - worked,KOREA RP,PARTNER,0.0,R,KGS,2026-08-20,Jan-2023  (R),gemstrategy_data/raw/import/71012200/71012200_2023_01.html
import,2023-01-01,2023,1,January,71012200,Cultured Pearls,Cultured pearls - worked,SINGAPORE,PARTNER,0.0,R,KGS,2026-08-20,Jan-2023  (R),gemstrategy_data/raw/import/71012200/71012200_2023_01.html
import,2023-01-01,2023,1,January,71012200,Cultured Pearls,Cultured pearls - worked,SPAIN,PARTNER,0.0,R,KGS,2026-08-20,Jan-2023  (R),gemstrategy_data/raw/import/71012200/71012200_2023_01.html
import,2023-01-01,2023,1,January,71012200,Cultured Pearls,Cultured pearls - worked,THAILAND,PARTNER,0.0,R,KGS,2026-08-20,Jan-2023  (R),gemstrategy_data/raw/import/71012200/71012200_2023_01.html
import,2023-01-01,2023,1,January,71012200,Cultured Pearls,Cultured pearls - worked,U ARAB EMTS,PARTNER,0.02,R,KGS,2026-08-20,Jan-2023  (R),gemstrategy_data/raw/import/71012200/71012200_2023_01.html
import,2023-01-01,2023,1,January,71012200,Cultured Pearls,Cultured pearls - worked,U K,PARTNER,0.0,R,KGS,2026-08-20,Jan-2023  (R),gemstrategy_data/raw/import/71012200/71012200_2023_01.html
import,2023-01-01,2023,1,January,71012200,Cultured Pearls,Cultured pearls - worked,U S A,PARTNER,0.02,R,KGS,2026-08-20,Jan-2023  (R),gemstrategy_data/raw/import/71012200/71012200_2023_01.html
import,2023-01-01,2023,1,January,71012200,Cultured Pearls,Cultured pearls - worked,Total,TOTAL,0.59,R,KGS,2026-08-20,Jan-2023  (R),gemstrategy_data/raw/import/71012200/71012200_2023_01.html
import,2023-02-01,2023,2,February,71011010,Natural Pearls,Natural (real) pearls - unworked,BAHARAIN IS,PARTNER,0.0,R,KGS,2026-08-20,Feb-2023  (R),gemstrategy_data/raw/import/71011010/71011010_2023_02.html
import,2023-02-01,2023,2,February,71011010,Natural Pearls,Natural (real) pearls - unworked,CHINA P RP,PARTNER,0.0,R,KGS,2026-08-20,Feb-2023  (R),gemstrategy_data/raw/import/71011010/71011010_2023_02.html
import,2023-02-01,2023,2,February,71011010,Natural Pearls,Natural (real) pearls - unworked,FRANCE,PARTNER,0.0,R,KGS,2026-08-20,Feb-2023  (R),gemstrategy_data/raw/import/71011010/71011010_2023_02.html
import,2023-02-01,2023,2,February,71011010,Natural Pearls,Natural (real) pearls - unworked,HONG KONG,PARTNER,0.01,R,KGS,2026-08-20,Feb-2023  (R),gemstrategy_data/raw/import/71011010/71011010_2023_02.html
import,2023-02-01,2023,2,February,71011010,Natural Pearls,Natural (real) pearls - unworked,INDONESIA,PARTNER,0.0,R,KGS,2026-08-20,Feb-2023  (R),gemstrategy_data/raw/import/71011010/71011010_2023_02.html
import,2023-02-01,2023,2,February,71011010,Natural Pearls,Natural (real) pearls - unworked,JAPAN,PARTNER,0.0,R,KGS,2026-08-20,Feb-2023  (R),gemstrategy_data/raw/import/71011010/71011010_2023_02.html
import,2023-02-01,2023,2,February,71011010,Natural Pearls,Natural (real) pearls - unworked,SWITZERLAND,PARTNER,0.0,R,KGS,2026-08-20,Feb-2023  (R),gemstrategy_data/raw/import/71011010/71011010_2023_02.html
import,2023-02-01,2023,2,February,71011010,Natural Pearls,Natural (real) pearls - unworked,THAILAND,PARTNER,0.0,R,KGS,2026-08-20,Feb-2023  (R),gemstrategy_data/raw/import/71011010/71011010_2023_02.html
import,2023-02-01,2023,2,February,71011010,Natural Pearls,Natural (real) pearls - unworked,U K,PARTNER,0.0,R,KGS,2026-08-20,Feb-2023  (R),gemstrategy_data/raw/import/71011010/71011010_2023_02.html
import,2023-02-01,2023,2,February,71011010,Natural Pearls,Natural (real) pearls - unworked,U S A,PARTNER,0.0,R,KGS,2026-08-20,Feb-2023  (R),gemstrategy_data/raw/import/71011010/71011010_2023_02.html
import,2023-02-01,2023,2,February,71011010,Natural Pearls,Natural (real) pearls - unworked,Total,TOTAL,0.02,R,KGS,2026-08-20,Feb-2023  (R),gemstrategy_data/raw/import/71011010/71011010_2023_02.html
import,2023-02-01,2023,2,February,71011020,Natural Pearls,Natural (real) pearls - worked,CHINA P RP,PARTNER,0.0,R,KGS,2026-08-20,Feb-2023  (R),gemstrategy_data/raw/import/71011020/71011020_2023_02.html
import,2023-02-01,2023,2,February,71011020,Natural Pearls,Natural (real) pearls - worked,FRANCE,PARTNER,0.0,R,KGS,2026-08-20,Feb-2023  (R),gemstrategy_data/raw/import/71011020/71011020_2023_02.html
import,2023-02-01,2023,2,February,71011020,Natural Pearls,Natural (real) pearls - worked,HONG KONG,PARTNER,0.0,R,KGS,2026-08-20,Feb-2023  (R),gemstrategy_data/raw/import/71011020/71011020_2023_02.html
import,2023-02-01,2023,2,February,71011020,Natural Pearls,Natural (real) pearls - worked,JAPAN,PARTNER,0.0,R,KGS,2026-08-20,Feb-2023  (R),gemstrategy_data/raw/import/71011020/71011020_2023_02.html
import,2023-02-01,2023,2,February,71011020,Natural Pearls,Natural (real) pearls - worked,QATAR,PARTNER,0.0,R,KGS,2026-08-20,Feb-2023  (R),gemstrategy_data/raw/import/71011020/71011020_2023_02.html
import,2023-02-01,2023,2,February,71011020,Natural Pearls,Natural (real) pearls - worked,SWITZERLAND,PARTNER,0.01,R,KGS,2026-08-20,Feb-2023  (R),gemstrategy_data/raw/import/71011020/71011020_2023_02.html
import,2023-02-01,2023,2,February,71011020,Natural Pearls,Natural (real) pearls - worked,THAILAND,PARTNER,0.0,R,KGS,2026-08-20,Feb-2023  (R),gemstrategy_data/raw/import/71011020/71011020_2023_02.html
import,2023-02-01,2023,2,February,71011020,Natural Pearls,Natural (real) pearls - worked,U ARAB EMTS,PARTNER,0.0,R,KGS,2026-08-20,Feb-2023  (R),gemstrategy_data/raw/import/71011020/71011020_2023_02.html
import,2023-02-01,2023,2,February,71011020,Natural Pearls,Natural (real) pearls - worked,U S A,PARTNER,0.0,R,KGS,2026-08-20,Feb-2023  (R),gemstrategy_data/raw/import/71011020/71011020_2023_02.html
import,2023-02-01,2023,2,February,71011020,Natural Pearls,Natural (real) pearls - worked,Total,TOTAL,0.01,R,KGS,2026-08-20,Feb-2023  (R),gemstrategy_data/raw/import/71011020/71011020_2023_02.html
import,2023-02-01,2023,2,February,71012100,Cultured Pearls,Cultured pearls - unworked,CHINA P RP,PARTNER,0.61,R,KGS,2026-08-20,Feb-2023  (R),gemstrategy_data/raw/import/71012100/71012100_2023_02.html
import,2023-02-01,2023,2,February,71012100,Cultured Pearls,Cultured pearls - unworked,FRANCE,PARTNER,0.0,R,KGS,2026-08-20,Feb-2023  (R),gemstrategy_data/raw/import/71012100/71012100_2023_02.html
import,2023-02-01,2023,2,February,71012100,Cultured Pearls,Cultured pearls - unworked,GERMANY,PARTNER,0.0,R,KGS,2026-08-20,Feb-2023  (R),gemstrategy_data/raw/import/71012100/71012100_2023_02.html
import,2023-02-01,2023,2,February,71012100,Cultured Pearls,Cultured pearls - unworked,HONG KONG,PARTNER,0.12,R,KGS,2026-08-20,Feb-2023  (R),gemstrategy_data/raw/import/71012100/71012100_2023_02.html
import,2023-02-01,2023,2,February,71012100,Cultured Pearls,Cultured pearls - unworked,INDONESIA,PARTNER,0.0,R,KGS,2026-08-20,Feb-2023  (R),gemstrategy_data/raw/import/71012100/71012100_2023_02.html
import,2023-02-01,2023,2,February,71012100,Cultured Pearls,Cultured pearls - unworked,JAPAN,PARTNER,0.0,R,KGS,2026-08-20,Feb-2023  (R),gemstrategy_data/raw/import/71012100/71012100_2023_02.html
import,2023-02-01,2023,2,February,71012100,Cultured Pearls,Cultured pearls - unworked,THAILAND,PARTNER,0.0,R,KGS,2026-08-20,Feb-2023  (R),gemstrategy_data/raw/import/71012100/71012100_2023_02.html
import,2023-02-01,2023,2,February,71012100,Cultured Pearls,Cultured pearls - unworked,U S A,PARTNER,0.0,R,KGS,2026-08-20,Feb-2023  (R),gemstrategy_data/raw/import/71012100/71012100_2023_02.html
import,2023-02-01,2023,2,February,71012100,Cultured Pearls,Cultured pearls - unworked,Total,TOTAL,0.72,R,KGS,2026-08-20,Feb-2023  (R),gemstrategy_data/raw/import/71012100/71012100_2023_02.html
import,2023-02-01,2023,2,February,71012200,Cultured Pearls,Cultured pearls - worked,AUSTRALIA,PARTNER,0.0,R,KGS,2026-08-20,Feb-2023  (R),gemstrategy_data/raw/import/71012200/71012200_2023_02.html
import,2023-02-01,2023,2,February,71012200,Cultured Pearls,Cultured pearls - worked,BRAZIL,PARTNER,0.0,R,KGS,2026-08-20,Feb-2023  (R),gemstrategy_data/raw/import/71012200/71012200_2023_02.html
import,2023-02-01,2023,2,February,71012200,Cultured Pearls,Cultured pearls - worked,CANADA,PARTNER,0.0,R,KGS,2026-08-20,Feb-2023  (R),gemstrategy_data/raw/import/71012200/71012200_2023_02.html
import,2023-02-01,2023,2,February,71012200,Cultured Pearls,Cultured pearls - worked,CHINA P RP,PARTNER,0.02,R,KGS,2026-08-20,Feb-2023  (R),gemstrategy_data/raw/import/71012200/71012200_2023_02.html
import,2023-02-01,2023,2,February,71012200,Cultured Pearls,Cultured pearls - worked,DENMARK,PARTNER,0.0,R,KGS,2026-08-20,Feb-2023  (R),gemstrategy_data/raw/import/71012200/71012200_2023_02.html
import,2023-02-01,2023,2,February,71012200,Cultured Pearls,Cultured pearls - worked,FRANCE,PARTNER,0.0,R,KGS,2026-08-20,Feb-2023  (R),gemstrategy_data/raw/import/71012200/71012200_2023_02.html
import,2023-02-01,2023,2,February,71012200,Cultured Pearls,Cultured pearls - worked,GERMANY,PARTNER,0.0,R,KGS,2026-08-20,Feb-2023  (R),gemstrategy_data/raw/import/71012200/71012200_2023_02.html
import,2023-02-01,2023,2,February,71012200,Cultured Pearls,Cultured pearls - worked,HONG KONG,PARTNER,0.04,R,KGS,2026-08-20,Feb-2023  (R),gemstrategy_data/raw/import/71012200/71012200_2023_02.html
import,2023-02-01,2023,2,February,71012200,Cultured Pearls,Cultured pearls - worked,INDONESIA,PARTNER,0.0,R,KGS,2026-08-20,Feb-2023  (R),gemstrategy_data/raw/import/71012200/71012200_2023_02.html
import,2023-02-01,2023,2,February,71012200,Cultured Pearls,Cultured pearls - worked,ITALY,PARTNER,0.0,R,KGS,2026-08-20,Feb-2023  (R),gemstrategy_data/raw/import/71012200/71012200_2023_02.html
import,2023-02-01,2023,2,February,71012200,Cultured Pearls,Cultured pearls - worked,JAPAN,PARTNER,0.11,R,KGS,2026-08-20,Feb-2023  (R),gemstrategy_data/raw/import/71012200/71012200_2023_02.html
import,2023-02-01,2023,2,February,71012200,Cultured Pearls,Cultured pearls - worked,KOREA RP,PARTNER,0.0,R,KGS,2026-08-20,Feb-2023  (R),gemstrategy_data/raw/import/71012200/71012200_2023_02.html
import,2023-02-01,2023,2,February,71012200,Cultured Pearls,Cultured pearls - worked,SINGAPORE,PARTNER,0.0,R,KGS,2026-08-20,Feb-2023  (R),gemstrategy_data/raw/import/71012200/71012200_2023_02.html
import,2023-02-01,2023,2,February,71012200,Cultured Pearls,Cultured pearls - worked,SPAIN,PARTNER,0.0,R,KGS,2026-08-20,Feb-2023  (R),gemstrategy_data/raw/import/71012200/71012200_2023_02.html
import,2023-02-01,2023,2,February,71012200,Cultured Pearls,Cultured pearls - worked,THAILAND,PARTNER,0.01,R,KGS,2026-08-20,Feb-2023  (R),gemstrategy_data/raw/import/71012200/71012200_2023_02.html
import,2023-02-01,2023,2,February,71012200,Cultured Pearls,Cultured pearls - worked,U ARAB EMTS,PARTNER,0.0,R,KGS,2026-08-20,Feb-2023  (R),gemstrategy_data/raw/import/71012200/71012200_2023_02.html
import,2023-02-01,2023,2,February,71012200,Cultured Pearls,Cultured pearls - worked,U K,PARTNER,0.01,R,KGS,2026-08-20,Feb-2023  (R),gemstrategy_data/raw/import/71012200/71012200_2023_02.html
import,2023-02-01,2023,2,February,71012200,Cultured Pearls,Cultured pearls - worked,U S A,PARTNER,0.13,R,KGS,2026-08-20,Feb-2023  (R),gemstrategy_data/raw/import/71012200/71012200_2023_02.html
import,2023-02-01,2023,2,February,71012200,Cultured Pearls,Cultured pearls - worked,Total,TOTAL,0.33,R,KGS,2026-08-20,Feb-2023  (R),gemstrategy_data/raw/import/71012200/71012200_2023_02.html
import,2023-03-01,2023,3,March,71011010,Natural Pearls,Natural (real) pearls - unworked,BAHARAIN IS,PARTNER,0.0,R,KGS,2026-08-20,Mar-2023  (R),gemstrategy_data/raw/import/71011010/71011010_2023_03.html
import,2023-03-01,2023,3,March,71011010,Natural Pearls,Natural (real) pearls - unworked,CHINA P RP,PARTNER,0.0,R,KGS,2026-08-20,Mar-2023  (R),gemstrategy_data/raw/import/71011010/71011010_2023_03.html
import,2023-03-01,2023,3,March,71011010,Natural Pearls,Natural (real) pearls - unworked,FRANCE,PARTNER,0.0,R,KGS,2026-08-20,Mar-2023  (R),gemstrategy_data/raw/import/71011010/71011010_2023_03.html
import,2023-03-01,2023,3,March,71011010,Natural Pearls,Natural (real) pearls - unworked,HONG KONG,PARTNER,0.48,R,KGS,2026-08-20,Mar-2023  (R),gemstrategy_data/raw/import/71011010/71011010_2023_03.html
import,2023-03-01,2023,3,March,71011010,Natural Pearls,Natural (real) pearls - unworked,INDONESIA,PARTNER,0.0,R,KGS,2026-08-20,Mar-2023  (R),gemstrategy_data/raw/import/71011010/71011010_2023_03.html
import,2023-03-01,2023,3,March,71011010,Natural Pearls,Natural (real) pearls - unworked,JAPAN,PARTNER,0.03,R,KGS,2026-08-20,Mar-2023  (R),gemstrategy_data/raw/import/71011010/71011010_2023_03.html
import,2023-03-01,2023,3,March,71011010,Natural Pearls,Natural (real) pearls - unworked,SWITZERLAND,PARTNER,0.0,R,KGS,2026-08-20,Mar-2023  (R),gemstrategy_data/raw/import/71011010/71011010_2023_03.html
import,2023-03-01,2023,3,March,71011010,Natural Pearls,Natural (real) pearls - unworked,THAILAND,PARTNER,0.0,R,KGS,2026-08-20,Mar-2023  (R),gemstrategy_data/raw/import/71011010/71011010_2023_03.html
import,2023-03-01,2023,3,March,71011010,Natural Pearls,Natural (real) pearls - unworked,U K,PARTNER,0.0,R,KGS,2026-08-20,Mar-2023  (R),gemstrategy_data/raw/import/71011010/71011010_2023_03.html
import,2023-03-01,2023,3,March,71011010,Natural Pearls,Natural (real) pearls - unworked,U S A,PARTNER,0.03,R,KGS,2026-08-20,Mar-2023  (R),gemstrategy_data/raw/import/71011010/71011010_2023_03.html
import,2023-03-01,2023,3,March,71011010,Natural Pearls,Natural (real) pearls - unworked,Total,TOTAL,0.53,R,KGS,2026-08-20,Mar-2023  (R),gemstrategy_data/raw/import/71011010/71011010_2023_03.html
import,2023-03-01,2023,3,March,71011020,Natural Pearls,Natural (real) pearls - worked,CHINA P RP,PARTNER,0.0,R,KGS,2026-08-20,Mar-2023  (R),gemstrategy_data/raw/import/71011020/71011020_2023_03.html
import,2023-03-01,2023,3,March,71011020,Natural Pearls,Natural (real) pearls - worked,FRANCE,PARTNER,0.0,R,KGS,2026-08-20,Mar-2023  (R),gemstrategy_data/raw/import/71011020/71011020_2023_03.html
import,2023-03-01,2023,3,March,71011020,Natural Pearls,Natural (real) pearls - worked,GERMANY,PARTNER,0.03,R,KGS,2026-08-20,Mar-2023  (R),gemstrategy_data/raw/import/71011020/71011020_2023_03.html
import,2023-03-01,2023,3,March,71011020,Natural Pearls,Natural (real) pearls - worked,HONG KONG,PARTNER,0.23,R,KGS,2026-08-20,Mar-2023  (R),gemstrategy_data/raw/import/71011020/71011020_2023_03.html
import,2023-03-01,2023,3,March,71011020,Natural Pearls,Natural (real) pearls - worked,JAPAN,PARTNER,0.0,R,KGS,2026-08-20,Mar-2023  (R),gemstrategy_data/raw/import/71011020/71011020_2023_03.html
import,2023-03-01,2023,3,March,71011020,Natural Pearls,Natural (real) pearls - worked,QATAR,PARTNER,0.0,R,KGS,2026-08-20,Mar-2023  (R),gemstrategy_data/raw/import/71011020/71011020_2023_03.html
import,2023-03-01,2023,3,March,71011020,Natural Pearls,Natural (real) pearls - worked,SWITZERLAND,PARTNER,0.0,R,KGS,2026-08-20,Mar-2023  (R),gemstrategy_data/raw/import/71011020/71011020_2023_03.html
import,2023-03-01,2023,3,March,71011020,Natural Pearls,Natural (real) pearls - worked,THAILAND,PARTNER,0.0,R,KGS,2026-08-20,Mar-2023  (R),gemstrategy_data/raw/import/71011020/71011020_2023_03.html
import,2023-03-01,2023,3,March,71011020,Natural Pearls,Natural (real) pearls - worked,U ARAB EMTS,PARTNER,0.0,R,KGS,2026-08-20,Mar-2023  (R),gemstrategy_data/raw/import/71011020/71011020_2023_03.html
import,2023-03-01,2023,3,March,71011020,Natural Pearls,Natural (real) pearls - worked,U S A,PARTNER,0.0,R,KGS,2026-08-20,Mar-2023  (R),gemstrategy_data/raw/import/71011020/71011020_2023_03.html
import,2023-03-01,2023,3,March,71011020,Natural Pearls,Natural (real) pearls - worked,Total,TOTAL,0.26,R,KGS,2026-08-20,Mar-2023  (R),gemstrategy_data/raw/import/71011020/71011020_2023_03.html
import,2023-03-01,2023,3,March,71012100,Cultured Pearls,Cultured pearls - unworked,CHINA P RP,PARTNER,1.03,R,KGS,2026-08-20,Mar-2023  (R),gemstrategy_data/raw/import/71012100/71012100_2023_03.html
import,2023-03-01,2023,3,March,71012100,Cultured Pearls,Cultured pearls - unworked,FRANCE,PARTNER,0.0,R,KGS,2026-08-20,Mar-2023  (R),gemstrategy_data/raw/import/71012100/71012100_2023_03.html
import,2023-03-01,2023,3,March,71012100,Cultured Pearls,Cultured pearls - unworked,GERMANY,PARTNER,0.0,R,KGS,2026-08-20,Mar-2023  (R),gemstrategy_data/raw/import/71012100/71012100_2023_03.html
import,2023-03-01,2023,3,March,71012100,Cultured Pearls,Cultured pearls - unworked,HONG KONG,PARTNER,0.34,R,KGS,2026-08-20,Mar-2023  (R),gemstrategy_data/raw/import/71012100/71012100_2023_03.html
import,2023-03-01,2023,3,March,71012100,Cultured Pearls,Cultured pearls - unworked,INDONESIA,PARTNER,0.0,R,KGS,2026-08-20,Mar-2023  (R),gemstrategy_data/raw/import/71012100/71012100_2023_03.html
import,2023-03-01,2023,3,March,71012100,Cultured Pearls,Cultured pearls - unworked,JAPAN,PARTNER,0.0,R,KGS,2026-08-20,Mar-2023  (R),gemstrategy_data/raw/import/71012100/71012100_2023_03.html
import,2023-03-01,2023,3,March,71012100,Cultured Pearls,Cultured pearls - unworked,LEBANON,PARTNER,0.0,R,KGS,2026-08-20,Mar-2023  (R),gemstrategy_data/raw/import/71012100/71012100_2023_03.html
import,2023-03-01,2023,3,March,71012100,Cultured Pearls,Cultured pearls - unworked,THAILAND,PARTNER,0.0,R,KGS,2026-08-20,Mar-2023  (R),gemstrategy_data/raw/import/71012100/71012100_2023_03.html
import,2023-03-01,2023,3,March,71012100,Cultured Pearls,Cultured pearls - unworked,U S A,PARTNER,0.0,R,KGS,2026-08-20,Mar-2023  (R),gemstrategy_data/raw/import/71012100/71012100_2023_03.html
import,2023-03-01,2023,3,March,71012100,Cultured Pearls,Cultured pearls - unworked,Total,TOTAL,1.37,R,KGS,2026-08-20,Mar-2023  (R),gemstrategy_data/raw/import/71012100/71012100_2023_03.html
import,2023-03-01,2023,3,March,71012200,Cultured Pearls,Cultured pearls - worked,AUSTRALIA,PARTNER,0.0,R,KGS,2026-08-20,Mar-2023  (R),gemstrategy_data/raw/import/71012200/71012200_2023_03.html
import,2023-03-01,2023,3,March,71012200,Cultured Pearls,Cultured pearls - worked,BRAZIL,PARTNER,0.0,R,KGS,2026-08-20,Mar-2023  (R),gemstrategy_data/raw/import/71012200/71012200_2023_03.html
import,2023-03-01,2023,3,March,71012200,Cultured Pearls,Cultured pearls - worked,CANADA,PARTNER,0.0,R,KGS,2026-08-20,Mar-2023  (R),gemstrategy_data/raw/import/71012200/71012200_2023_03.html
import,2023-03-01,2023,3,March,71012200,Cultured Pearls,Cultured pearls - worked,CHINA P RP,PARTNER,0.09,R,KGS,2026-08-20,Mar-2023  (R),gemstrategy_data/raw/import/71012200/71012200_2023_03.html
import,2023-03-01,2023,3,March,71012200,Cultured Pearls,Cultured pearls - worked,DENMARK,PARTNER,0.0,R,KGS,2026-08-20,Mar-2023  (R),gemstrategy_data/raw/import/71012200/71012200_2023_03.html
import,2023-03-01,2023,3,March,71012200,Cultured Pearls,Cultured pearls - worked,FRANCE,PARTNER,0.0,R,KGS,2026-08-20,Mar-2023  (R),gemstrategy_data/raw/import/71012200/71012200_2023_03.html
import,2023-03-01,2023,3,March,71012200,Cultured Pearls,Cultured pearls - worked,GERMANY,PARTNER,0.0,R,KGS,2026-08-20,Mar-2023  (R),gemstrategy_data/raw/import/71012200/71012200_2023_03.html
import,2023-03-01,2023,3,March,71012200,Cultured Pearls,Cultured pearls - worked,HONG KONG,PARTNER,0.74,R,KGS,2026-08-20,Mar-2023  (R),gemstrategy_data/raw/import/71012200/71012200_2023_03.html
import,2023-03-01,2023,3,March,71012200,Cultured Pearls,Cultured pearls - worked,INDONESIA,PARTNER,0.0,R,KGS,2026-08-20,Mar-2023  (R),gemstrategy_data/raw/import/71012200/71012200_2023_03.html
import,2023-03-01,2023,3,March,71012200,Cultured Pearls,Cultured pearls - worked,ITALY,PARTNER,0.0,R,KGS,2026-08-20,Mar-2023  (R),gemstrategy_data/raw/import/71012200/71012200_2023_03.html
import,2023-03-01,2023,3,March,71012200,Cultured Pearls,Cultured pearls - worked,JAPAN,PARTNER,0.07,R,KGS,2026-08-20,Mar-2023  (R),gemstrategy_data/raw/import/71012200/71012200_2023_03.html
import,2023-03-01,2023,3,March,71012200,Cultured Pearls,Cultured pearls - worked,KOREA RP,PARTNER,0.0,R,KGS,2026-08-20,Mar-2023  (R),gemstrategy_data/raw/import/71012200/71012200_2023_03.html
import,2023-03-01,2023,3,March,71012200,Cultured Pearls,Cultured pearls - worked,LEBANON,PARTNER,0.0,R,KGS,2026-08-20,Mar-2023  (R),gemstrategy_data/raw/import/71012200/71012200_2023_03.html
import,2023-03-01,2023,3,March,71012200,Cultured Pearls,Cultured pearls - worked,SINGAPORE,PARTNER,0.0,R,KGS,2026-08-20,Mar-2023  (R),gemstrategy_data/raw/import/71012200/71012200_2023_03.html
import,2023-03-01,2023,3,March,71012200,Cultured Pearls,Cultured pearls - worked,SPAIN,PARTNER,0.0,R,KGS,2026-08-20,Mar-2023  (R),gemstrategy_data/raw/import/71012200/71012200_2023_03.html
import,2023-03-01,2023,3,March,71012200,Cultured Pearls,Cultured pearls - worked,THAILAND,PARTNER,0.0,R,KGS,2026-08-20,Mar-2023  (R),gemstrategy_data/raw/import/71012200/71012200_2023_03.html
import,2023-03-01,2023,3,March,71012200,Cultured Pearls,Cultured pearls - worked,U ARAB EMTS,PARTNER,0.0,R,KGS,2026-08-20,Mar-2023  (R),gemstrategy_data/raw/import/71012200/71012200_2023_03.html
import,2023-03-01,2023,3,March,71012200,Cultured Pearls,Cultured pearls - worked,U K,PARTNER,0.0,R,KGS,2026-08-20,Mar-2023  (R),gemstrategy_data/raw/import/71012200/71012200_2023_03.html
import,2023-03-01,2023,3,March,71012200,Cultured Pearls,Cultured pearls - worked,U S A,PARTNER,0.13,R,KGS,2026-08-20,Mar-2023  (R),gemstrategy_data/raw/import/71012200/71012200_2023_03.html
import,2023-03-01,2023,3,March,71012200,Cultured Pearls,Cultured pearls - worked,Total,TOTAL,1.05,R,KGS,2026-08-20,Mar-2023  (R),gemstrategy_data/raw/import/71012200/71012200_2023_03.html
import,2023-04-01,2023,4,April,71011010,Natural Pearls,Natural (real) pearls - unworked,HONG KONG,PARTNER,0.26,R,KGS,2026-08-20,Apr-2023  (R),gemstrategy_data/raw/import/71011010/71011010_2023_04.html
import,2023-04-01,2023,4,April,71011010,Natural Pearls,Natural (real) pearls - unworked,INDONESIA,PARTNER,0.0,R,KGS,2026-08-20,Apr-2023  (R),gemstrategy_data/raw/import/71011010/71011010_2023_04.html
import,2023-04-01,2023,4,April,71011010,Natural Pearls,Natural (real) pearls - unworked,JAPAN,PARTNER,0.0,R,KGS,2026-08-20,Apr-2023  (R),gemstrategy_data/raw/import/71011010/71011010_2023_04.html
import,2023-04-01,2023,4,April,71011010,Natural Pearls,Natural (real) pearls - unworked,Total,TOTAL,0.26,R,KGS,2026-08-20,Apr-2023  (R),gemstrategy_data/raw/import/71011010/71011010_2023_04.html
import,2023-04-01,2023,4,April,71011020,Natural Pearls,Natural (real) pearls - worked,HONG KONG,PARTNER,0.02,R,KGS,2026-08-20,Apr-2023  (R),gemstrategy_data/raw/import/71011020/71011020_2023_04.html
import,2023-04-01,2023,4,April,71011020,Natural Pearls,Natural (real) pearls - worked,U S A,PARTNER,0.0,R,KGS,2026-08-20,Apr-2023  (R),gemstrategy_data/raw/import/71011020/71011020_2023_04.html
import,2023-04-01,2023,4,April,71011020,Natural Pearls,Natural (real) pearls - worked,Total,TOTAL,0.02,R,KGS,2026-08-20,Apr-2023  (R),gemstrategy_data/raw/import/71011020/71011020_2023_04.html
import,2023-04-01,2023,4,April,71012100,Cultured Pearls,Cultured pearls - unworked,CHINA P RP,PARTNER,0.82,R,KGS,2026-08-20,Apr-2023  (R),gemstrategy_data/raw/import/71012100/71012100_2023_04.html
import,2023-04-01,2023,4,April,71012100,Cultured Pearls,Cultured pearls - unworked,FRANCE,PARTNER,0.0,R,KGS,2026-08-20,Apr-2023  (R),gemstrategy_data/raw/import/71012100/71012100_2023_04.html
import,2023-04-01,2023,4,April,71012100,Cultured Pearls,Cultured pearls - unworked,HONG KONG,PARTNER,0.0,R,KGS,2026-08-20,Apr-2023  (R),gemstrategy_data/raw/import/71012100/71012100_2023_04.html
import,2023-04-01,2023,4,April,71012100,Cultured Pearls,Cultured pearls - unworked,JAPAN,PARTNER,0.0,R,KGS,2026-08-20,Apr-2023  (R),gemstrategy_data/raw/import/71012100/71012100_2023_04.html
import,2023-04-01,2023,4,April,71012100,Cultured Pearls,Cultured pearls - unworked,Total,TOTAL,0.82,R,KGS,2026-08-20,Apr-2023  (R),gemstrategy_data/raw/import/71012100/71012100_2023_04.html
import,2023-04-01,2023,4,April,71012200,Cultured Pearls,Cultured pearls - worked,CHINA P RP,PARTNER,0.71,R,KGS,2026-08-20,Apr-2023  (R),gemstrategy_data/raw/import/71012200/71012200_2023_04.html
import,2023-04-01,2023,4,April,71012200,Cultured Pearls,Cultured pearls - worked,HONG KONG,PARTNER,0.0,R,KGS,2026-08-20,Apr-2023  (R),gemstrategy_data/raw/import/71012200/71012200_2023_04.html
import,2023-04-01,2023,4,April,71012200,Cultured Pearls,Cultured pearls - worked,ITALY,PARTNER,0.0,R,KGS,2026-08-20,Apr-2023  (R),gemstrategy_data/raw/import/71012200/71012200_2023_04.html
import,2023-04-01,2023,4,April,71012200,Cultured Pearls,Cultured pearls - worked,JAPAN,PARTNER,0.0,R,KGS,2026-08-20,Apr-2023  (R),gemstrategy_data/raw/import/71012200/71012200_2023_04.html
import,2023-04-01,2023,4,April,71012200,Cultured Pearls,Cultured pearls - worked,KOREA RP,PARTNER,0.0,R,KGS,2026-08-20,Apr-2023  (R),gemstrategy_data/raw/import/71012200/71012200_2023_04.html
import,2023-04-01,2023,4,April,71012200,Cultured Pearls,Cultured pearls - worked,SPAIN,PARTNER,0.0,R,KGS,2026-08-20,Apr-2023  (R),gemstrategy_data/raw/import/71012200/71012200_2023_04.html
import,2023-04-01,2023,4,April,71012200,Cultured Pearls,Cultured pearls - worked,THAILAND,PARTNER,0.0,R,KGS,2026-08-20,Apr-2023  (R),gemstrategy_data/raw/import/71012200/71012200_2023_04.html
import,2023-04-01,2023,4,April,71012200,Cultured Pearls,Cultured pearls - worked,U ARAB EMTS,PARTNER,0.0,R,KGS,2026-08-20,Apr-2023  (R),gemstrategy_data/raw/import/71012200/71012200_2023_04.html
import,2023-04-01,2023,4,April,71012200,Cultured Pearls,Cultured pearls - worked,U S A,PARTNER,0.0,R,KGS,2026-08-20,Apr-2023  (R),gemstrategy_data/raw/import/71012200/71012200_2023_04.html
import,2023-04-01,2023,4,April,71012200,Cultured Pearls,Cultured pearls - worked,Total,TOTAL,0.71,R,KGS,2026-08-20,Apr-2023  (R),gemstrategy_data/raw/import/71012200/71012200_2023_04.html
import,2023-05-01,2023,5,May,71011010,Natural Pearls,Natural (real) pearls - unworked,BAHARAIN IS,PARTNER,0.0,R,KGS,2026-08-20,May-2023  (R),gemstrategy_data/raw/import/71011010/71011010_2023_05.html
import,2023-05-01,2023,5,May,71011010,Natural Pearls,Natural (real) pearls - unworked,FRANCE,PARTNER,0.82,R,KGS,2026-08-20,May-2023  (R),gemstrategy_data/raw/import/71011010/71011010_2023_05.html
import,2023-05-01,2023,5,May,71011010,Natural Pearls,Natural (real) pearls - unworked,HONG KONG,PARTNER,0.0,R,KGS,2026-08-20,May-2023  (R),gemstrategy_data/raw/import/71011010/71011010_2023_05.html
import,2023-05-01,2023,5,May,71011010,Natural Pearls,Natural (real) pearls - unworked,INDONESIA,PARTNER,0.0,R,KGS,2026-08-20,May-2023  (R),gemstrategy_data/raw/import/71011010/71011010_2023_05.html
import,2023-05-01,2023,5,May,71011010,Natural Pearls,Natural (real) pearls - unworked,JAPAN,PARTNER,0.0,R,KGS,2026-08-20,May-2023  (R),gemstrategy_data/raw/import/71011010/71011010_2023_05.html
import,2023-05-01,2023,5,May,71011010,Natural Pearls,Natural (real) pearls - unworked,SWITZERLAND,PARTNER,0.0,R,KGS,2026-08-20,May-2023  (R),gemstrategy_data/raw/import/71011010/71011010_2023_05.html
import,2023-05-01,2023,5,May,71011010,Natural Pearls,Natural (real) pearls - unworked,THAILAND,PARTNER,0.0,R,KGS,2026-08-20,May-2023  (R),gemstrategy_data/raw/import/71011010/71011010_2023_05.html
import,2023-05-01,2023,5,May,71011010,Natural Pearls,Natural (real) pearls - unworked,Total,TOTAL,0.82,R,KGS,2026-08-20,May-2023  (R),gemstrategy_data/raw/import/71011010/71011010_2023_05.html
import,2023-05-01,2023,5,May,71011020,Natural Pearls,Natural (real) pearls - worked,HONG KONG,PARTNER,0.05,R,KGS,2026-08-20,May-2023  (R),gemstrategy_data/raw/import/71011020/71011020_2023_05.html
import,2023-05-01,2023,5,May,71011020,Natural Pearls,Natural (real) pearls - worked,JAPAN,PARTNER,0.0,R,KGS,2026-08-20,May-2023  (R),gemstrategy_data/raw/import/71011020/71011020_2023_05.html
import,2023-05-01,2023,5,May,71011020,Natural Pearls,Natural (real) pearls - worked,QATAR,PARTNER,0.0,R,KGS,2026-08-20,May-2023  (R),gemstrategy_data/raw/import/71011020/71011020_2023_05.html
import,2023-05-01,2023,5,May,71011020,Natural Pearls,Natural (real) pearls - worked,SWITZERLAND,PARTNER,0.0,R,KGS,2026-08-20,May-2023  (R),gemstrategy_data/raw/import/71011020/71011020_2023_05.html
import,2023-05-01,2023,5,May,71011020,Natural Pearls,Natural (real) pearls - worked,U ARAB EMTS,PARTNER,0.0,R,KGS,2026-08-20,May-2023  (R),gemstrategy_data/raw/import/71011020/71011020_2023_05.html
import,2023-05-01,2023,5,May,71011020,Natural Pearls,Natural (real) pearls - worked,U S A,PARTNER,0.0,R,KGS,2026-08-20,May-2023  (R),gemstrategy_data/raw/import/71011020/71011020_2023_05.html
import,2023-05-01,2023,5,May,71011020,Natural Pearls,Natural (real) pearls - worked,Total,TOTAL,0.05,R,KGS,2026-08-20,May-2023  (R),gemstrategy_data/raw/import/71011020/71011020_2023_05.html
import,2023-05-01,2023,5,May,71012100,Cultured Pearls,Cultured pearls - unworked,CHINA P RP,PARTNER,1.53,R,KGS,2026-08-20,May-2023  (R),gemstrategy_data/raw/import/71012100/71012100_2023_05.html
import,2023-05-01,2023,5,May,71012100,Cultured Pearls,Cultured pearls - unworked,FRANCE,PARTNER,0.0,R,KGS,2026-08-20,May-2023  (R),gemstrategy_data/raw/import/71012100/71012100_2023_05.html
import,2023-05-01,2023,5,May,71012100,Cultured Pearls,Cultured pearls - unworked,HONG KONG,PARTNER,0.0,R,KGS,2026-08-20,May-2023  (R),gemstrategy_data/raw/import/71012100/71012100_2023_05.html
import,2023-05-01,2023,5,May,71012100,Cultured Pearls,Cultured pearls - unworked,JAPAN,PARTNER,0.0,R,KGS,2026-08-20,May-2023  (R),gemstrategy_data/raw/import/71012100/71012100_2023_05.html
import,2023-05-01,2023,5,May,71012100,Cultured Pearls,Cultured pearls - unworked,THAILAND,PARTNER,0.0,R,KGS,2026-08-20,May-2023  (R),gemstrategy_data/raw/import/71012100/71012100_2023_05.html
import,2023-05-01,2023,5,May,71012100,Cultured Pearls,Cultured pearls - unworked,Total,TOTAL,1.53,R,KGS,2026-08-20,May-2023  (R),gemstrategy_data/raw/import/71012100/71012100_2023_05.html
import,2023-05-01,2023,5,May,71012200,Cultured Pearls,Cultured pearls - worked,CANADA,PARTNER,0.0,R,KGS,2026-08-20,May-2023  (R),gemstrategy_data/raw/import/71012200/71012200_2023_05.html
import,2023-05-01,2023,5,May,71012200,Cultured Pearls,Cultured pearls - worked,CHINA P RP,PARTNER,0.69,R,KGS,2026-08-20,May-2023  (R),gemstrategy_data/raw/import/71012200/71012200_2023_05.html
import,2023-05-01,2023,5,May,71012200,Cultured Pearls,Cultured pearls - worked,FRANCE,PARTNER,0.0,R,KGS,2026-08-20,May-2023  (R),gemstrategy_data/raw/import/71012200/71012200_2023_05.html
import,2023-05-01,2023,5,May,71012200,Cultured Pearls,Cultured pearls - worked,HONG KONG,PARTNER,0.0,R,KGS,2026-08-20,May-2023  (R),gemstrategy_data/raw/import/71012200/71012200_2023_05.html
import,2023-05-01,2023,5,May,71012200,Cultured Pearls,Cultured pearls - worked,ITALY,PARTNER,0.0,R,KGS,2026-08-20,May-2023  (R),gemstrategy_data/raw/import/71012200/71012200_2023_05.html
import,2023-05-01,2023,5,May,71012200,Cultured Pearls,Cultured pearls - worked,JAPAN,PARTNER,0.0,R,KGS,2026-08-20,May-2023  (R),gemstrategy_data/raw/import/71012200/71012200_2023_05.html
import,2023-05-01,2023,5,May,71012200,Cultured Pearls,Cultured pearls - worked,KOREA RP,PARTNER,0.0,R,KGS,2026-08-20,May-2023  (R),gemstrategy_data/raw/import/71012200/71012200_2023_05.html
import,2023-05-01,2023,5,May,71012200,Cultured Pearls,Cultured pearls - worked,SPAIN,PARTNER,0.0,R,KGS,2026-08-20,May-2023  (R),gemstrategy_data/raw/import/71012200/71012200_2023_05.html
import,2023-05-01,2023,5,May,71012200,Cultured Pearls,Cultured pearls - worked,THAILAND,PARTNER,0.0,R,KGS,2026-08-20,May-2023  (R),gemstrategy_data/raw/import/71012200/71012200_2023_05.html
import,2023-05-01,2023,5,May,71012200,Cultured Pearls,Cultured pearls - worked,U ARAB EMTS,PARTNER,0.0,R,KGS,2026-08-20,May-2023  (R),gemstrategy_data/raw/import/71012200/71012200_2023_05.html
import,2023-05-01,2023,5,May,71012200,Cultured Pearls,Cultured pearls - worked,U S A,PARTNER,0.0,R,KGS,2026-08-20,May-2023  (R),gemstrategy_data/raw/import/71012200/71012200_2023_05.html
import,2023-05-01,2023,5,May,71012200,Cultured Pearls,Cultured pearls - worked,Total,TOTAL,0.69,R,KGS,2026-08-20,May-2023  (R),gemstrategy_data/raw/import/71012200/71012200_2023_05.html
import,2023-06-01,2023,6,June,71011010,Natural Pearls,Natural (real) pearls - unworked,BAHARAIN IS,PARTNER,0.0,R,KGS,2026-08-20,Jun-2023  (R),gemstrategy_data/raw/import/71011010/71011010_2023_06.html
import,2023-06-01,2023,6,June,71011010,Natural Pearls,Natural (real) pearls - unworked,FRANCE,PARTNER,0.79,R,KGS,2026-08-20,Jun-2023  (R),gemstrategy_data/raw/import/71011010/71011010_2023_06.html
import,2023-06-01,2023,6,June,71011010,Natural Pearls,Natural (real) pearls - unworked,HONG KONG,PARTNER,0.0,R,KGS,2026-08-20,Jun-2023  (R),gemstrategy_data/raw/import/71011010/71011010_2023_06.html
import,2023-06-01,2023,6,June,71011010,Natural Pearls,Natural (real) pearls - unworked,INDONESIA,PARTNER,0.0,R,KGS,2026-08-20,Jun-2023  (R),gemstrategy_data/raw/import/71011010/71011010_2023_06.html
import,2023-06-01,2023,6,June,71011010,Natural Pearls,Natural (real) pearls - unworked,JAPAN,PARTNER,0.0,R,KGS,2026-08-20,Jun-2023  (R),gemstrategy_data/raw/import/71011010/71011010_2023_06.html
import,2023-06-01,2023,6,June,71011010,Natural Pearls,Natural (real) pearls - unworked,SWITZERLAND,PARTNER,0.0,R,KGS,2026-08-20,Jun-2023  (R),gemstrategy_data/raw/import/71011010/71011010_2023_06.html
import,2023-06-01,2023,6,June,71011010,Natural Pearls,Natural (real) pearls - unworked,THAILAND,PARTNER,0.0,R,KGS,2026-08-20,Jun-2023  (R),gemstrategy_data/raw/import/71011010/71011010_2023_06.html
import,2023-06-01,2023,6,June,71011010,Natural Pearls,Natural (real) pearls - unworked,U S A,PARTNER,0.0,R,KGS,2026-08-20,Jun-2023  (R),gemstrategy_data/raw/import/71011010/71011010_2023_06.html
import,2023-06-01,2023,6,June,71011010,Natural Pearls,Natural (real) pearls - unworked,Total,TOTAL,0.79,R,KGS,2026-08-20,Jun-2023  (R),gemstrategy_data/raw/import/71011010/71011010_2023_06.html
import,2023-06-01,2023,6,June,71011020,Natural Pearls,Natural (real) pearls - worked,CHINA P RP,PARTNER,0.09,R,KGS,2026-08-20,Jun-2023  (R),gemstrategy_data/raw/import/71011020/71011020_2023_06.html
import,2023-06-01,2023,6,June,71011020,Natural Pearls,Natural (real) pearls - worked,HONG KONG,PARTNER,0.0,R,KGS,2026-08-20,Jun-2023  (R),gemstrategy_data/raw/import/71011020/71011020_2023_06.html
import,2023-06-01,2023,6,June,71011020,Natural Pearls,Natural (real) pearls - worked,JAPAN,PARTNER,0.0,R,KGS,2026-08-20,Jun-2023  (R),gemstrategy_data/raw/import/71011020/71011020_2023_06.html
import,2023-06-01,2023,6,June,71011020,Natural Pearls,Natural (real) pearls - worked,QATAR,PARTNER,0.0,R,KGS,2026-08-20,Jun-2023  (R),gemstrategy_data/raw/import/71011020/71011020_2023_06.html
import,2023-06-01,2023,6,June,71011020,Natural Pearls,Natural (real) pearls - worked,SWITZERLAND,PARTNER,0.0,R,KGS,2026-08-20,Jun-2023  (R),gemstrategy_data/raw/import/71011020/71011020_2023_06.html
import,2023-06-01,2023,6,June,71011020,Natural Pearls,Natural (real) pearls - worked,U ARAB EMTS,PARTNER,0.0,R,KGS,2026-08-20,Jun-2023  (R),gemstrategy_data/raw/import/71011020/71011020_2023_06.html
import,2023-06-01,2023,6,June,71011020,Natural Pearls,Natural (real) pearls - worked,U S A,PARTNER,0.0,R,KGS,2026-08-20,Jun-2023  (R),gemstrategy_data/raw/import/71011020/71011020_2023_06.html
import,2023-06-01,2023,6,June,71011020,Natural Pearls,Natural (real) pearls - worked,Total,TOTAL,0.09,R,KGS,2026-08-20,Jun-2023  (R),gemstrategy_data/raw/import/71011020/71011020_2023_06.html
import,2023-06-01,2023,6,June,71012100,Cultured Pearls,Cultured pearls - unworked,CHINA P RP,PARTNER,1.01,R,KGS,2026-08-20,Jun-2023  (R),gemstrategy_data/raw/import/71012100/71012100_2023_06.html
import,2023-06-01,2023,6,June,71012100,Cultured Pearls,Cultured pearls - unworked,FRANCE,PARTNER,0.0,R,KGS,2026-08-20,Jun-2023  (R),gemstrategy_data/raw/import/71012100/71012100_2023_06.html
import,2023-06-01,2023,6,June,71012100,Cultured Pearls,Cultured pearls - unworked,HONG KONG,PARTNER,0.0,R,KGS,2026-08-20,Jun-2023  (R),gemstrategy_data/raw/import/71012100/71012100_2023_06.html
import,2023-06-01,2023,6,June,71012100,Cultured Pearls,Cultured pearls - unworked,JAPAN,PARTNER,0.0,R,KGS,2026-08-20,Jun-2023  (R),gemstrategy_data/raw/import/71012100/71012100_2023_06.html
import,2023-06-01,2023,6,June,71012100,Cultured Pearls,Cultured pearls - unworked,THAILAND,PARTNER,0.0,R,KGS,2026-08-20,Jun-2023  (R),gemstrategy_data/raw/import/71012100/71012100_2023_06.html
import,2023-06-01,2023,6,June,71012100,Cultured Pearls,Cultured pearls - unworked,Total,TOTAL,1.01,R,KGS,2026-08-20,Jun-2023  (R),gemstrategy_data/raw/import/71012100/71012100_2023_06.html
import,2023-06-01,2023,6,June,71012200,Cultured Pearls,Cultured pearls - worked,CANADA,PARTNER,0.0,R,KGS,2026-08-20,Jun-2023  (R),gemstrategy_data/raw/import/71012200/71012200_2023_06.html
import,2023-06-01,2023,6,June,71012200,Cultured Pearls,Cultured pearls - worked,CHINA P RP,PARTNER,0.54,R,KGS,2026-08-20,Jun-2023  (R),gemstrategy_data/raw/import/71012200/71012200_2023_06.html
import,2023-06-01,2023,6,June,71012200,Cultured Pearls,Cultured pearls - worked,FRANCE,PARTNER,0.0,R,KGS,2026-08-20,Jun-2023  (R),gemstrategy_data/raw/import/71012200/71012200_2023_06.html
import,2023-06-01,2023,6,June,71012200,Cultured Pearls,Cultured pearls - worked,HONG KONG,PARTNER,0.0,R,KGS,2026-08-20,Jun-2023  (R),gemstrategy_data/raw/import/71012200/71012200_2023_06.html
import,2023-06-01,2023,6,June,71012200,Cultured Pearls,Cultured pearls - worked,INDONESIA,PARTNER,0.0,R,KGS,2026-08-20,Jun-2023  (R),gemstrategy_data/raw/import/71012200/71012200_2023_06.html
import,2023-06-01,2023,6,June,71012200,Cultured Pearls,Cultured pearls - worked,ITALY,PARTNER,0.0,R,KGS,2026-08-20,Jun-2023  (R),gemstrategy_data/raw/import/71012200/71012200_2023_06.html
import,2023-06-01,2023,6,June,71012200,Cultured Pearls,Cultured pearls - worked,JAPAN,PARTNER,0.0,R,KGS,2026-08-20,Jun-2023  (R),gemstrategy_data/raw/import/71012200/71012200_2023_06.html
import,2023-06-01,2023,6,June,71012200,Cultured Pearls,Cultured pearls - worked,KOREA RP,PARTNER,0.0,R,KGS,2026-08-20,Jun-2023  (R),gemstrategy_data/raw/import/71012200/71012200_2023_06.html
import,2023-06-01,2023,6,June,71012200,Cultured Pearls,Cultured pearls - worked,SPAIN,PARTNER,0.0,R,KGS,2026-08-20,Jun-2023  (R),gemstrategy_data/raw/import/71012200/71012200_2023_06.html
import,2023-06-01,2023,6,June,71012200,Cultured Pearls,Cultured pearls - worked,THAILAND,PARTNER,0.0,R,KGS,2026-08-20,Jun-2023  (R),gemstrategy_data/raw/import/71012200/71012200_2023_06.html
import,2023-06-01,2023,6,June,71012200,Cultured Pearls,Cultured pearls - worked,U ARAB EMTS,PARTNER,0.0,R,KGS,2026-08-20,Jun-2023  (R),gemstrategy_data/raw/import/71012200/71012200_2023_06.html
import,2023-06-01,2023,6,June,71012200,Cultured Pearls,Cultured pearls - worked,U K,PARTNER,0.0,R,KGS,2026-08-20,Jun-2023  (R),gemstrategy_data/raw/import/71012200/71012200_2023_06.html
import,2023-06-01,2023,6,June,71012200,Cultured Pearls,Cultured pearls - worked,U S A,PARTNER,0.0,R,KGS,2026-08-20,Jun-2023  (R),gemstrategy_data/raw/import/71012200/71012200_2023_06.html
import,2023-06-01,2023,6,June,71012200,Cultured Pearls,Cultured pearls - worked,Total,TOTAL,0.54,R,KGS,2026-08-20,Jun-2023  (R),gemstrategy_data/raw/import/71012200/71012200_2023_06.html
import,2023-07-01,2023,7,July,71011010,Natural Pearls,Natural (real) pearls - unworked,BAHARAIN IS,PARTNER,0.0,R,KGS,2026-08-20,Jul-2023  (R),gemstrategy_data/raw/import/71011010/71011010_2023_07.html
import,2023-07-01,2023,7,July,71011010,Natural Pearls,Natural (real) pearls - unworked,FRANCE,PARTNER,0.36,R,KGS,2026-08-20,Jul-2023  (R),gemstrategy_data/raw/import/71011010/71011010_2023_07.html
import,2023-07-01,2023,7,July,71011010,Natural Pearls,Natural (real) pearls - unworked,HONG KONG,PARTNER,0.0,R,KGS,2026-08-20,Jul-2023  (R),gemstrategy_data/raw/import/71011010/71011010_2023_07.html
import,2023-07-01,2023,7,July,71011010,Natural Pearls,Natural (real) pearls - unworked,INDONESIA,PARTNER,0.0,R,KGS,2026-08-20,Jul-2023  (R),gemstrategy_data/raw/import/71011010/71011010_2023_07.html
import,2023-07-01,2023,7,July,71011010,Natural Pearls,Natural (real) pearls - unworked,JAPAN,PARTNER,0.0,R,KGS,2026-08-20,Jul-2023  (R),gemstrategy_data/raw/import/71011010/71011010_2023_07.html
import,2023-07-01,2023,7,July,71011010,Natural Pearls,Natural (real) pearls - unworked,SWITZERLAND,PARTNER,0.0,R,KGS,2026-08-20,Jul-2023  (R),gemstrategy_data/raw/import/71011010/71011010_2023_07.html
import,2023-07-01,2023,7,July,71011010,Natural Pearls,Natural (real) pearls - unworked,THAILAND,PARTNER,0.0,R,KGS,2026-08-20,Jul-2023  (R),gemstrategy_data/raw/import/71011010/71011010_2023_07.html
import,2023-07-01,2023,7,July,71011010,Natural Pearls,Natural (real) pearls - unworked,U S A,PARTNER,0.0,R,KGS,2026-08-20,Jul-2023  (R),gemstrategy_data/raw/import/71011010/71011010_2023_07.html
import,2023-07-01,2023,7,July,71011010,Natural Pearls,Natural (real) pearls - unworked,Total,TOTAL,0.36,R,KGS,2026-08-20,Jul-2023  (R),gemstrategy_data/raw/import/71011010/71011010_2023_07.html
import,2023-07-01,2023,7,July,71011020,Natural Pearls,Natural (real) pearls - worked,CHINA P RP,PARTNER,0.01,R,KGS,2026-08-20,Jul-2023  (R),gemstrategy_data/raw/import/71011020/71011020_2023_07.html
import,2023-07-01,2023,7,July,71011020,Natural Pearls,Natural (real) pearls - worked,HONG KONG,PARTNER,0.0,R,KGS,2026-08-20,Jul-2023  (R),gemstrategy_data/raw/import/71011020/71011020_2023_07.html
import,2023-07-01,2023,7,July,71011020,Natural Pearls,Natural (real) pearls - worked,JAPAN,PARTNER,0.0,R,KGS,2026-08-20,Jul-2023  (R),gemstrategy_data/raw/import/71011020/71011020_2023_07.html
import,2023-07-01,2023,7,July,71011020,Natural Pearls,Natural (real) pearls - worked,QATAR,PARTNER,0.0,R,KGS,2026-08-20,Jul-2023  (R),gemstrategy_data/raw/import/71011020/71011020_2023_07.html
import,2023-07-01,2023,7,July,71011020,Natural Pearls,Natural (real) pearls - worked,SWITZERLAND,PARTNER,0.0,R,KGS,2026-08-20,Jul-2023  (R),gemstrategy_data/raw/import/71011020/71011020_2023_07.html
import,2023-07-01,2023,7,July,71011020,Natural Pearls,Natural (real) pearls - worked,U ARAB EMTS,PARTNER,0.0,R,KGS,2026-08-20,Jul-2023  (R),gemstrategy_data/raw/import/71011020/71011020_2023_07.html
import,2023-07-01,2023,7,July,71011020,Natural Pearls,Natural (real) pearls - worked,U S A,PARTNER,0.0,R,KGS,2026-08-20,Jul-2023  (R),gemstrategy_data/raw/import/71011020/71011020_2023_07.html
import,2023-07-01,2023,7,July,71011020,Natural Pearls,Natural (real) pearls - worked,Total,TOTAL,0.01,R,KGS,2026-08-20,Jul-2023  (R),gemstrategy_data/raw/import/71011020/71011020_2023_07.html
import,2023-07-01,2023,7,July,71012100,Cultured Pearls,Cultured pearls - unworked,CHINA P RP,PARTNER,2.32,R,KGS,2026-08-20,Jul-2023  (R),gemstrategy_data/raw/import/71012100/71012100_2023_07.html
import,2023-07-01,2023,7,July,71012100,Cultured Pearls,Cultured pearls - unworked,FRANCE,PARTNER,0.0,R,KGS,2026-08-20,Jul-2023  (R),gemstrategy_data/raw/import/71012100/71012100_2023_07.html
import,2023-07-01,2023,7,July,71012100,Cultured Pearls,Cultured pearls - unworked,HONG KONG,PARTNER,0.0,R,KGS,2026-08-20,Jul-2023  (R),gemstrategy_data/raw/import/71012100/71012100_2023_07.html
import,2023-07-01,2023,7,July,71012100,Cultured Pearls,Cultured pearls - unworked,INDONESIA,PARTNER,0.0,R,KGS,2026-08-20,Jul-2023  (R),gemstrategy_data/raw/import/71012100/71012100_2023_07.html
import,2023-07-01,2023,7,July,71012100,Cultured Pearls,Cultured pearls - unworked,JAPAN,PARTNER,0.0,R,KGS,2026-08-20,Jul-2023  (R),gemstrategy_data/raw/import/71012100/71012100_2023_07.html
import,2023-07-01,2023,7,July,71012100,Cultured Pearls,Cultured pearls - unworked,THAILAND,PARTNER,0.0,R,KGS,2026-08-20,Jul-2023  (R),gemstrategy_data/raw/import/71012100/71012100_2023_07.html
import,2023-07-01,2023,7,July,71012100,Cultured Pearls,Cultured pearls - unworked,Total,TOTAL,2.32,R,KGS,2026-08-20,Jul-2023  (R),gemstrategy_data/raw/import/71012100/71012100_2023_07.html
import,2023-07-01,2023,7,July,71012200,Cultured Pearls,Cultured pearls - worked,AUSTRALIA,PARTNER,1.17,R,KGS,2026-08-20,Jul-2023  (R),gemstrategy_data/raw/import/71012200/71012200_2023_07.html
import,2023-07-01,2023,7,July,71012200,Cultured Pearls,Cultured pearls - worked,CANADA,PARTNER,0.0,R,KGS,2026-08-20,Jul-2023  (R),gemstrategy_data/raw/import/71012200/71012200_2023_07.html
import,2023-07-01,2023,7,July,71012200,Cultured Pearls,Cultured pearls - worked,CHINA P RP,PARTNER,0.0,R,KGS,2026-08-20,Jul-2023  (R),gemstrategy_data/raw/import/71012200/71012200_2023_07.html
import,2023-07-01,2023,7,July,71012200,Cultured Pearls,Cultured pearls - worked,FRANCE,PARTNER,0.0,R,KGS,2026-08-20,Jul-2023  (R),gemstrategy_data/raw/import/71012200/71012200_2023_07.html
import,2023-07-01,2023,7,July,71012200,Cultured Pearls,Cultured pearls - worked,HONG KONG,PARTNER,0.0,R,KGS,2026-08-20,Jul-2023  (R),gemstrategy_data/raw/import/71012200/71012200_2023_07.html
import,2023-07-01,2023,7,July,71012200,Cultured Pearls,Cultured pearls - worked,INDONESIA,PARTNER,0.0,R,KGS,2026-08-20,Jul-2023  (R),gemstrategy_data/raw/import/71012200/71012200_2023_07.html
import,2023-07-01,2023,7,July,71012200,Cultured Pearls,Cultured pearls - worked,ITALY,PARTNER,0.0,R,KGS,2026-08-20,Jul-2023  (R),gemstrategy_data/raw/import/71012200/71012200_2023_07.html
import,2023-07-01,2023,7,July,71012200,Cultured Pearls,Cultured pearls - worked,JAPAN,PARTNER,0.0,R,KGS,2026-08-20,Jul-2023  (R),gemstrategy_data/raw/import/71012200/71012200_2023_07.html
import,2023-07-01,2023,7,July,71012200,Cultured Pearls,Cultured pearls - worked,KOREA RP,PARTNER,0.0,R,KGS,2026-08-20,Jul-2023  (R),gemstrategy_data/raw/import/71012200/71012200_2023_07.html
import,2023-07-01,2023,7,July,71012200,Cultured Pearls,Cultured pearls - worked,SPAIN,PARTNER,0.0,R,KGS,2026-08-20,Jul-2023  (R),gemstrategy_data/raw/import/71012200/71012200_2023_07.html
import,2023-07-01,2023,7,July,71012200,Cultured Pearls,Cultured pearls - worked,THAILAND,PARTNER,0.0,R,KGS,2026-08-20,Jul-2023  (R),gemstrategy_data/raw/import/71012200/71012200_2023_07.html
import,2023-07-01,2023,7,July,71012200,Cultured Pearls,Cultured pearls - worked,U ARAB EMTS,PARTNER,0.0,R,KGS,2026-08-20,Jul-2023  (R),gemstrategy_data/raw/import/71012200/71012200_2023_07.html
import,2023-07-01,2023,7,July,71012200,Cultured Pearls,Cultured pearls - worked,U K,PARTNER,0.0,R,KGS,2026-08-20,Jul-2023  (R),gemstrategy_data/raw/import/71012200/71012200_2023_07.html
import,2023-07-01,2023,7,July,71012200,Cultured Pearls,Cultured pearls - worked,U S A,PARTNER,0.0,R,KGS,2026-08-20,Jul-2023  (R),gemstrategy_data/raw/import/71012200/71012200_2023_07.html
import,2023-07-01,2023,7,July,71012200,Cultured Pearls,Cultured pearls - worked,Total,TOTAL,1.17,R,KGS,2026-08-20,Jul-2023  (R),gemstrategy_data/raw/import/71012200/71012200_2023_07.html
import,2023-08-01,2023,8,August,71011010,Natural Pearls,Natural (real) pearls - unworked,BAHARAIN IS,PARTNER,0.0,R,KGS,2026-08-20,Aug-2023  (R),gemstrategy_data/raw/import/71011010/71011010_2023_08.html
import,2023-08-01,2023,8,August,71011010,Natural Pearls,Natural (real) pearls - unworked,FRANCE,PARTNER,0.09,R,KGS,2026-08-20,Aug-2023  (R),gemstrategy_data/raw/import/71011010/71011010_2023_08.html
import,2023-08-01,2023,8,August,71011010,Natural Pearls,Natural (real) pearls - unworked,HONG KONG,PARTNER,0.0,R,KGS,2026-08-20,Aug-2023  (R),gemstrategy_data/raw/import/71011010/71011010_2023_08.html
import,2023-08-01,2023,8,August,71011010,Natural Pearls,Natural (real) pearls - unworked,INDONESIA,PARTNER,0.0,R,KGS,2026-08-20,Aug-2023  (R),gemstrategy_data/raw/import/71011010/71011010_2023_08.html
import,2023-08-01,2023,8,August,71011010,Natural Pearls,Natural (real) pearls - unworked,JAPAN,PARTNER,0.0,R,KGS,2026-08-20,Aug-2023  (R),gemstrategy_data/raw/import/71011010/71011010_2023_08.html
import,2023-08-01,2023,8,August,71011010,Natural Pearls,Natural (real) pearls - unworked,SWITZERLAND,PARTNER,0.0,R,KGS,2026-08-20,Aug-2023  (R),gemstrategy_data/raw/import/71011010/71011010_2023_08.html
import,2023-08-01,2023,8,August,71011010,Natural Pearls,Natural (real) pearls - unworked,THAILAND,PARTNER,0.0,R,KGS,2026-08-20,Aug-2023  (R),gemstrategy_data/raw/import/71011010/71011010_2023_08.html
import,2023-08-01,2023,8,August,71011010,Natural Pearls,Natural (real) pearls - unworked,U S A,PARTNER,0.0,R,KGS,2026-08-20,Aug-2023  (R),gemstrategy_data/raw/import/71011010/71011010_2023_08.html
import,2023-08-01,2023,8,August,71011010,Natural Pearls,Natural (real) pearls - unworked,Total,TOTAL,0.09,R,KGS,2026-08-20,Aug-2023  (R),gemstrategy_data/raw/import/71011010/71011010_2023_08.html
import,2023-08-01,2023,8,August,71011020,Natural Pearls,Natural (real) pearls - worked,CHINA P RP,PARTNER,0.02,R,KGS,2026-08-20,Aug-2023  (R),gemstrategy_data/raw/import/71011020/71011020_2023_08.html
import,2023-08-01,2023,8,August,71011020,Natural Pearls,Natural (real) pearls - worked,HONG KONG,PARTNER,0.0,R,KGS,2026-08-20,Aug-2023  (R),gemstrategy_data/raw/import/71011020/71011020_2023_08.html
import,2023-08-01,2023,8,August,71011020,Natural Pearls,Natural (real) pearls - worked,JAPAN,PARTNER,0.0,R,KGS,2026-08-20,Aug-2023  (R),gemstrategy_data/raw/import/71011020/71011020_2023_08.html
import,2023-08-01,2023,8,August,71011020,Natural Pearls,Natural (real) pearls - worked,QATAR,PARTNER,0.0,R,KGS,2026-08-20,Aug-2023  (R),gemstrategy_data/raw/import/71011020/71011020_2023_08.html
import,2023-08-01,2023,8,August,71011020,Natural Pearls,Natural (real) pearls - worked,SWITZERLAND,PARTNER,0.0,R,KGS,2026-08-20,Aug-2023  (R),gemstrategy_data/raw/import/71011020/71011020_2023_08.html
import,2023-08-01,2023,8,August,71011020,Natural Pearls,Natural (real) pearls - worked,U ARAB EMTS,PARTNER,0.0,R,KGS,2026-08-20,Aug-2023  (R),gemstrategy_data/raw/import/71011020/71011020_2023_08.html
import,2023-08-01,2023,8,August,71011020,Natural Pearls,Natural (real) pearls - worked,U S A,PARTNER,0.0,R,KGS,2026-08-20,Aug-2023  (R),gemstrategy_data/raw/import/71011020/71011020_2023_08.html
import,2023-08-01,2023,8,August,71011020,Natural Pearls,Natural (real) pearls - worked,Total,TOTAL,0.02,R,KGS,2026-08-20,Aug-2023  (R),gemstrategy_data/raw/import/71011020/71011020_2023_08.html
import,2023-08-01,2023,8,August,71012100,Cultured Pearls,Cultured pearls - unworked,CHINA P RP,PARTNER,2.02,R,KGS,2026-08-20,Aug-2023  (R),gemstrategy_data/raw/import/71012100/71012100_2023_08.html
import,2023-08-01,2023,8,August,71012100,Cultured Pearls,Cultured pearls - unworked,FRANCE,PARTNER,0.0,R,KGS,2026-08-20,Aug-2023  (R),gemstrategy_data/raw/import/71012100/71012100_2023_08.html
import,2023-08-01,2023,8,August,71012100,Cultured Pearls,Cultured pearls - unworked,HONG KONG,PARTNER,0.0,R,KGS,2026-08-20,Aug-2023  (R),gemstrategy_data/raw/import/71012100/71012100_2023_08.html
import,2023-08-01,2023,8,August,71012100,Cultured Pearls,Cultured pearls - unworked,INDONESIA,PARTNER,0.0,R,KGS,2026-08-20,Aug-2023  (R),gemstrategy_data/raw/import/71012100/71012100_2023_08.html
import,2023-08-01,2023,8,August,71012100,Cultured Pearls,Cultured pearls - unworked,JAPAN,PARTNER,0.0,R,KGS,2026-08-20,Aug-2023  (R),gemstrategy_data/raw/import/71012100/71012100_2023_08.html
import,2023-08-01,2023,8,August,71012100,Cultured Pearls,Cultured pearls - unworked,THAILAND,PARTNER,0.0,R,KGS,2026-08-20,Aug-2023  (R),gemstrategy_data/raw/import/71012100/71012100_2023_08.html
import,2023-08-01,2023,8,August,71012100,Cultured Pearls,Cultured pearls - unworked,Total,TOTAL,2.02,R,KGS,2026-08-20,Aug-2023  (R),gemstrategy_data/raw/import/71012100/71012100_2023_08.html
import,2023-08-01,2023,8,August,71012200,Cultured Pearls,Cultured pearls - worked,AUSTRALIA,PARTNER,0.74,R,KGS,2026-08-20,Aug-2023  (R),gemstrategy_data/raw/import/71012200/71012200_2023_08.html
import,2023-08-01,2023,8,August,71012200,Cultured Pearls,Cultured pearls - worked,CANADA,PARTNER,0.0,R,KGS,2026-08-20,Aug-2023  (R),gemstrategy_data/raw/import/71012200/71012200_2023_08.html
import,2023-08-01,2023,8,August,71012200,Cultured Pearls,Cultured pearls - worked,CHINA P RP,PARTNER,0.0,R,KGS,2026-08-20,Aug-2023  (R),gemstrategy_data/raw/import/71012200/71012200_2023_08.html
import,2023-08-01,2023,8,August,71012200,Cultured Pearls,Cultured pearls - worked,FRANCE,PARTNER,0.0,R,KGS,2026-08-20,Aug-2023  (R),gemstrategy_data/raw/import/71012200/71012200_2023_08.html
import,2023-08-01,2023,8,August,71012200,Cultured Pearls,Cultured pearls - worked,HONG KONG,PARTNER,0.0,R,KGS,2026-08-20,Aug-2023  (R),gemstrategy_data/raw/import/71012200/71012200_2023_08.html
import,2023-08-01,2023,8,August,71012200,Cultured Pearls,Cultured pearls - worked,INDONESIA,PARTNER,0.0,R,KGS,2026-08-20,Aug-2023  (R),gemstrategy_data/raw/import/71012200/71012200_2023_08.html
import,2023-08-01,2023,8,August,71012200,Cultured Pearls,Cultured pearls - worked,ITALY,PARTNER,0.0,R,KGS,2026-08-20,Aug-2023  (R),gemstrategy_data/raw/import/71012200/71012200_2023_08.html
import,2023-08-01,2023,8,August,71012200,Cultured Pearls,Cultured pearls - worked,JAPAN,PARTNER,0.0,R,KGS,2026-08-20,Aug-2023  (R),gemstrategy_data/raw/import/71012200/71012200_2023_08.html
import,2023-08-01,2023,8,August,71012200,Cultured Pearls,Cultured pearls - worked,KOREA RP,PARTNER,0.0,R,KGS,2026-08-20,Aug-2023  (R),gemstrategy_data/raw/import/71012200/71012200_2023_08.html
import,2023-08-01,2023,8,August,71012200,Cultured Pearls,Cultured pearls - worked,SPAIN,PARTNER,0.0,R,KGS,2026-08-20,Aug-2023  (R),gemstrategy_data/raw/import/71012200/71012200_2023_08.html
import,2023-08-01,2023,8,August,71012200,Cultured Pearls,Cultured pearls - worked,THAILAND,PARTNER,0.0,R,KGS,2026-08-20,Aug-2023  (R),gemstrategy_data/raw/import/71012200/71012200_2023_08.html
import,2023-08-01,2023,8,August,71012200,Cultured Pearls,Cultured pearls - worked,U ARAB EMTS,PARTNER,0.0,R,KGS,2026-08-20,Aug-2023  (R),gemstrategy_data/raw/import/71012200/71012200_2023_08.html
import,2023-08-01,2023,8,August,71012200,Cultured Pearls,Cultured pearls - worked,U K,PARTNER,0.0,R,KGS,2026-08-20,Aug-2023  (R),gemstrategy_data/raw/import/71012200/71012200_2023_08.html
import,2023-08-01,2023,8,August,71012200,Cultured Pearls,Cultured pearls - worked,U S A,PARTNER,0.0,R,KGS,2026-08-20,Aug-2023  (R),gemstrategy_data/raw/import/71012200/71012200_2023_08.html
import,2023-08-01,2023,8,August,71012200,Cultured Pearls,Cultured pearls - worked,Total,TOTAL,0.74,R,KGS,2026-08-20,Aug-2023  (R),gemstrategy_data/raw/import/71012200/71012200_2023_08.html
import,2023-09-01,2023,9,September,71011010,Natural Pearls,Natural (real) pearls - unworked,BAHARAIN IS,PARTNER,0.0,R,KGS,2026-08-20,Sep-2023  (R),gemstrategy_data/raw/import/71011010/71011010_2023_09.html
import,2023-09-01,2023,9,September,71011010,Natural Pearls,Natural (real) pearls - unworked,FRANCE,PARTNER,0.36,R,KGS,2026-08-20,Sep-2023  (R),gemstrategy_data/raw/import/71011010/71011010_2023_09.html
import,2023-09-01,2023,9,September,71011010,Natural Pearls,Natural (real) pearls - unworked,HONG KONG,PARTNER,0.0,R,KGS,2026-08-20,Sep-2023  (R),gemstrategy_data/raw/import/71011010/71011010_2023_09.html
import,2023-09-01,2023,9,September,71011010,Natural Pearls,Natural (real) pearls - unworked,INDONESIA,PARTNER,0.0,R,KGS,2026-08-20,Sep-2023  (R),gemstrategy_data/raw/import/71011010/71011010_2023_09.html
import,2023-09-01,2023,9,September,71011010,Natural Pearls,Natural (real) pearls - unworked,JAPAN,PARTNER,0.0,R,KGS,2026-08-20,Sep-2023  (R),gemstrategy_data/raw/import/71011010/71011010_2023_09.html
import,2023-09-01,2023,9,September,71011010,Natural Pearls,Natural (real) pearls - unworked,SWITZERLAND,PARTNER,0.0,R,KGS,2026-08-20,Sep-2023  (R),gemstrategy_data/raw/import/71011010/71011010_2023_09.html
import,2023-09-01,2023,9,September,71011010,Natural Pearls,Natural (real) pearls - unworked,THAILAND,PARTNER,0.0,R,KGS,2026-08-20,Sep-2023  (R),gemstrategy_data/raw/import/71011010/71011010_2023_09.html
import,2023-09-01,2023,9,September,71011010,Natural Pearls,Natural (real) pearls - unworked,U S A,PARTNER,0.0,R,KGS,2026-08-20,Sep-2023  (R),gemstrategy_data/raw/import/71011010/71011010_2023_09.html
import,2023-09-01,2023,9,September,71011010,Natural Pearls,Natural (real) pearls - unworked,Total,TOTAL,0.36,R,KGS,2026-08-20,Sep-2023  (R),gemstrategy_data/raw/import/71011010/71011010_2023_09.html
import,2023-09-01,2023,9,September,71011020,Natural Pearls,Natural (real) pearls - worked,CHINA P RP,PARTNER,0.0,R,KGS,2026-08-20,Sep-2023  (R),gemstrategy_data/raw/import/71011020/71011020_2023_09.html
import,2023-09-01,2023,9,September,71011020,Natural Pearls,Natural (real) pearls - worked,HONG KONG,PARTNER,0.0,R,KGS,2026-08-20,Sep-2023  (R),gemstrategy_data/raw/import/71011020/71011020_2023_09.html
import,2023-09-01,2023,9,September,71011020,Natural Pearls,Natural (real) pearls - worked,JAPAN,PARTNER,0.0,R,KGS,2026-08-20,Sep-2023  (R),gemstrategy_data/raw/import/71011020/71011020_2023_09.html
import,2023-09-01,2023,9,September,71011020,Natural Pearls,Natural (real) pearls - worked,QATAR,PARTNER,0.0,R,KGS,2026-08-20,Sep-2023  (R),gemstrategy_data/raw/import/71011020/71011020_2023_09.html
import,2023-09-01,2023,9,September,71011020,Natural Pearls,Natural (real) pearls - worked,SWITZERLAND,PARTNER,0.0,R,KGS,2026-08-20,Sep-2023  (R),gemstrategy_data/raw/import/71011020/71011020_2023_09.html
import,2023-09-01,2023,9,September,71011020,Natural Pearls,Natural (real) pearls - worked,THAILAND,PARTNER,0.0,R,KGS,2026-08-20,Sep-2023  (R),gemstrategy_data/raw/import/71011020/71011020_2023_09.html
import,2023-09-01,2023,9,September,71011020,Natural Pearls,Natural (real) pearls - worked,U ARAB EMTS,PARTNER,0.0,R,KGS,2026-08-20,Sep-2023  (R),gemstrategy_data/raw/import/71011020/71011020_2023_09.html
import,2023-09-01,2023,9,September,71011020,Natural Pearls,Natural (real) pearls - worked,U S A,PARTNER,0.0,R,KGS,2026-08-20,Sep-2023  (R),gemstrategy_data/raw/import/71011020/71011020_2023_09.html
import,2023-09-01,2023,9,September,71011020,Natural Pearls,Natural (real) pearls - worked,Total,TOTAL,0.0,R,KGS,2026-08-20,Sep-2023  (R),gemstrategy_data/raw/import/71011020/71011020_2023_09.html
import,2023-09-01,2023,9,September,71012100,Cultured Pearls,Cultured pearls - unworked,CHINA P RP,PARTNER,1.14,R,KGS,2026-08-20,Sep-2023  (R),gemstrategy_data/raw/import/71012100/71012100_2023_09.html
import,2023-09-01,2023,9,September,71012100,Cultured Pearls,Cultured pearls - unworked,FRANCE,PARTNER,0.0,R,KGS,2026-08-20,Sep-2023  (R),gemstrategy_data/raw/import/71012100/71012100_2023_09.html
import,2023-09-01,2023,9,September,71012100,Cultured Pearls,Cultured pearls - unworked,HONG KONG,PARTNER,0.0,R,KGS,2026-08-20,Sep-2023  (R),gemstrategy_data/raw/import/71012100/71012100_2023_09.html
import,2023-09-01,2023,9,September,71012100,Cultured Pearls,Cultured pearls - unworked,INDONESIA,PARTNER,0.0,R,KGS,2026-08-20,Sep-2023  (R),gemstrategy_data/raw/import/71012100/71012100_2023_09.html
import,2023-09-01,2023,9,September,71012100,Cultured Pearls,Cultured pearls - unworked,JAPAN,PARTNER,0.0,R,KGS,2026-08-20,Sep-2023  (R),gemstrategy_data/raw/import/71012100/71012100_2023_09.html
import,2023-09-01,2023,9,September,71012100,Cultured Pearls,Cultured pearls - unworked,THAILAND,PARTNER,0.0,R,KGS,2026-08-20,Sep-2023  (R),gemstrategy_data/raw/import/71012100/71012100_2023_09.html
import,2023-09-01,2023,9,September,71012100,Cultured Pearls,Cultured pearls - unworked,Total,TOTAL,1.14,R,KGS,2026-08-20,Sep-2023  (R),gemstrategy_data/raw/import/71012100/71012100_2023_09.html
import,2023-09-01,2023,9,September,71012200,Cultured Pearls,Cultured pearls - worked,AUSTRALIA,PARTNER,0.64,R,KGS,2026-08-20,Sep-2023  (R),gemstrategy_data/raw/import/71012200/71012200_2023_09.html
import,2023-09-01,2023,9,September,71012200,Cultured Pearls,Cultured pearls - worked,CANADA,PARTNER,0.0,R,KGS,2026-08-20,Sep-2023  (R),gemstrategy_data/raw/import/71012200/71012200_2023_09.html
import,2023-09-01,2023,9,September,71012200,Cultured Pearls,Cultured pearls - worked,CHINA P RP,PARTNER,0.0,R,KGS,2026-08-20,Sep-2023  (R),gemstrategy_data/raw/import/71012200/71012200_2023_09.html
import,2023-09-01,2023,9,September,71012200,Cultured Pearls,Cultured pearls - worked,FRANCE,PARTNER,0.0,R,KGS,2026-08-20,Sep-2023  (R),gemstrategy_data/raw/import/71012200/71012200_2023_09.html
import,2023-09-01,2023,9,September,71012200,Cultured Pearls,Cultured pearls - worked,HONG KONG,PARTNER,0.0,R,KGS,2026-08-20,Sep-2023  (R),gemstrategy_data/raw/import/71012200/71012200_2023_09.html
import,2023-09-01,2023,9,September,71012200,Cultured Pearls,Cultured pearls - worked,INDONESIA,PARTNER,0.0,R,KGS,2026-08-20,Sep-2023  (R),gemstrategy_data/raw/import/71012200/71012200_2023_09.html
import,2023-09-01,2023,9,September,71012200,Cultured Pearls,Cultured pearls - worked,ITALY,PARTNER,0.0,R,KGS,2026-08-20,Sep-2023  (R),gemstrategy_data/raw/import/71012200/71012200_2023_09.html
import,2023-09-01,2023,9,September,71012200,Cultured Pearls,Cultured pearls - worked,JAPAN,PARTNER,0.0,R,KGS,2026-08-20,Sep-2023  (R),gemstrategy_data/raw/import/71012200/71012200_2023_09.html
import,2023-09-01,2023,9,September,71012200,Cultured Pearls,Cultured pearls - worked,KOREA RP,PARTNER,0.0,R,KGS,2026-08-20,Sep-2023  (R),gemstrategy_data/raw/import/71012200/71012200_2023_09.html
import,2023-09-01,2023,9,September,71012200,Cultured Pearls,Cultured pearls - worked,SPAIN,PARTNER,0.0,R,KGS,2026-08-20,Sep-2023  (R),gemstrategy_data/raw/import/71012200/71012200_2023_09.html
import,2023-09-01,2023,9,September,71012200,Cultured Pearls,Cultured pearls - worked,THAILAND,PARTNER,0.0,R,KGS,2026-08-20,Sep-2023  (R),gemstrategy_data/raw/import/71012200/71012200_2023_09.html
import,2023-09-01,2023,9,September,71012200,Cultured Pearls,Cultured pearls - worked,U ARAB EMTS,PARTNER,0.0,R,KGS,2026-08-20,Sep-2023  (R),gemstrategy_data/raw/import/71012200/71012200_2023_09.html
import,2023-09-01,2023,9,September,71012200,Cultured Pearls,Cultured pearls - worked,U K,PARTNER,0.0,R,KGS,2026-08-20,Sep-2023  (R),gemstrategy_data/raw/import/71012200/71012200_2023_09.html
import,2023-09-01,2023,9,September,71012200,Cultured Pearls,Cultured pearls - worked,U S A,PARTNER,0.0,R,KGS,2026-08-20,Sep-2023  (R),gemstrategy_data/raw/import/71012200/71012200_2023_09.html
import,2023-09-01,2023,9,September,71012200,Cultured Pearls,Cultured pearls - worked,Total,TOTAL,0.64,R,KGS,2026-08-20,Sep-2023  (R),gemstrategy_data/raw/import/71012200/71012200_2023_09.html
import,2023-10-01,2023,10,October,71011010,Natural Pearls,Natural (real) pearls - unworked,BAHARAIN IS,PARTNER,0.0,R,KGS,2026-08-20,Oct-2023  (R),gemstrategy_data/raw/import/71011010/71011010_2023_10.html
import,2023-10-01,2023,10,October,71011010,Natural Pearls,Natural (real) pearls - unworked,FRANCE,PARTNER,0.21,R,KGS,2026-08-20,Oct-2023  (R),gemstrategy_data/raw/import/71011010/71011010_2023_10.html
import,2023-10-01,2023,10,October,71011010,Natural Pearls,Natural (real) pearls - unworked,HONG KONG,PARTNER,0.0,R,KGS,2026-08-20,Oct-2023  (R),gemstrategy_data/raw/import/71011010/71011010_2023_10.html
import,2023-10-01,2023,10,October,71011010,Natural Pearls,Natural (real) pearls - unworked,INDONESIA,PARTNER,0.0,R,KGS,2026-08-20,Oct-2023  (R),gemstrategy_data/raw/import/71011010/71011010_2023_10.html
import,2023-10-01,2023,10,October,71011010,Natural Pearls,Natural (real) pearls - unworked,JAPAN,PARTNER,0.0,R,KGS,2026-08-20,Oct-2023  (R),gemstrategy_data/raw/import/71011010/71011010_2023_10.html
import,2023-10-01,2023,10,October,71011010,Natural Pearls,Natural (real) pearls - unworked,SWITZERLAND,PARTNER,0.0,R,KGS,2026-08-20,Oct-2023  (R),gemstrategy_data/raw/import/71011010/71011010_2023_10.html
import,2023-10-01,2023,10,October,71011010,Natural Pearls,Natural (real) pearls - unworked,THAILAND,PARTNER,0.0,R,KGS,2026-08-20,Oct-2023  (R),gemstrategy_data/raw/import/71011010/71011010_2023_10.html
import,2023-10-01,2023,10,October,71011010,Natural Pearls,Natural (real) pearls - unworked,U S A,PARTNER,0.0,R,KGS,2026-08-20,Oct-2023  (R),gemstrategy_data/raw/import/71011010/71011010_2023_10.html
import,2023-10-01,2023,10,October,71011010,Natural Pearls,Natural (real) pearls - unworked,Total,TOTAL,0.21,R,KGS,2026-08-20,Oct-2023  (R),gemstrategy_data/raw/import/71011010/71011010_2023_10.html
import,2023-10-01,2023,10,October,71011020,Natural Pearls,Natural (real) pearls - worked,CHINA P RP,PARTNER,0.04,R,KGS,2026-08-20,Oct-2023  (R),gemstrategy_data/raw/import/71011020/71011020_2023_10.html
import,2023-10-01,2023,10,October,71011020,Natural Pearls,Natural (real) pearls - worked,HONG KONG,PARTNER,0.0,R,KGS,2026-08-20,Oct-2023  (R),gemstrategy_data/raw/import/71011020/71011020_2023_10.html
import,2023-10-01,2023,10,October,71011020,Natural Pearls,Natural (real) pearls - worked,JAPAN,PARTNER,0.0,R,KGS,2026-08-20,Oct-2023  (R),gemstrategy_data/raw/import/71011020/71011020_2023_10.html
import,2023-10-01,2023,10,October,71011020,Natural Pearls,Natural (real) pearls - worked,QATAR,PARTNER,0.0,R,KGS,2026-08-20,Oct-2023  (R),gemstrategy_data/raw/import/71011020/71011020_2023_10.html
import,2023-10-01,2023,10,October,71011020,Natural Pearls,Natural (real) pearls - worked,SWITZERLAND,PARTNER,0.0,R,KGS,2026-08-20,Oct-2023  (R),gemstrategy_data/raw/import/71011020/71011020_2023_10.html
import,2023-10-01,2023,10,October,71011020,Natural Pearls,Natural (real) pearls - worked,THAILAND,PARTNER,0.0,R,KGS,2026-08-20,Oct-2023  (R),gemstrategy_data/raw/import/71011020/71011020_2023_10.html
import,2023-10-01,2023,10,October,71011020,Natural Pearls,Natural (real) pearls - worked,U ARAB EMTS,PARTNER,0.0,R,KGS,2026-08-20,Oct-2023  (R),gemstrategy_data/raw/import/71011020/71011020_2023_10.html
import,2023-10-01,2023,10,October,71011020,Natural Pearls,Natural (real) pearls - worked,U S A,PARTNER,0.0,R,KGS,2026-08-20,Oct-2023  (R),gemstrategy_data/raw/import/71011020/71011020_2023_10.html
import,2023-10-01,2023,10,October,71011020,Natural Pearls,Natural (real) pearls - worked,Total,TOTAL,0.04,R,KGS,2026-08-20,Oct-2023  (R),gemstrategy_data/raw/import/71011020/71011020_2023_10.html
import,2023-10-01,2023,10,October,71012100,Cultured Pearls,Cultured pearls - unworked,CHINA P RP,PARTNER,1.37,R,KGS,2026-08-20,Oct-2023  (R),gemstrategy_data/raw/import/71012100/71012100_2023_10.html
import,2023-10-01,2023,10,October,71012100,Cultured Pearls,Cultured pearls - unworked,FRANCE,PARTNER,0.0,R,KGS,2026-08-20,Oct-2023  (R),gemstrategy_data/raw/import/71012100/71012100_2023_10.html
import,2023-10-01,2023,10,October,71012100,Cultured Pearls,Cultured pearls - unworked,HONG KONG,PARTNER,0.0,R,KGS,2026-08-20,Oct-2023  (R),gemstrategy_data/raw/import/71012100/71012100_2023_10.html
import,2023-10-01,2023,10,October,71012100,Cultured Pearls,Cultured pearls - unworked,INDONESIA,PARTNER,0.0,R,KGS,2026-08-20,Oct-2023  (R),gemstrategy_data/raw/import/71012100/71012100_2023_10.html
import,2023-10-01,2023,10,October,71012100,Cultured Pearls,Cultured pearls - unworked,JAPAN,PARTNER,0.0,R,KGS,2026-08-20,Oct-2023  (R),gemstrategy_data/raw/import/71012100/71012100_2023_10.html
import,2023-10-01,2023,10,October,71012100,Cultured Pearls,Cultured pearls - unworked,THAILAND,PARTNER,0.0,R,KGS,2026-08-20,Oct-2023  (R),gemstrategy_data/raw/import/71012100/71012100_2023_10.html
import,2023-10-01,2023,10,October,71012100,Cultured Pearls,Cultured pearls - unworked,Total,TOTAL,1.37,R,KGS,2026-08-20,Oct-2023  (R),gemstrategy_data/raw/import/71012100/71012100_2023_10.html
import,2023-10-01,2023,10,October,71012200,Cultured Pearls,Cultured pearls - worked,AUSTRALIA,PARTNER,1.28,R,KGS,2026-08-20,Oct-2023  (R),gemstrategy_data/raw/import/71012200/71012200_2023_10.html
import,2023-10-01,2023,10,October,71012200,Cultured Pearls,Cultured pearls - worked,BRAZIL,PARTNER,0.0,R,KGS,2026-08-20,Oct-2023  (R),gemstrategy_data/raw/import/71012200/71012200_2023_10.html
import,2023-10-01,2023,10,October,71012200,Cultured Pearls,Cultured pearls - worked,CANADA,PARTNER,0.0,R,KGS,2026-08-20,Oct-2023  (R),gemstrategy_data/raw/import/71012200/71012200_2023_10.html
import,2023-10-01,2023,10,October,71012200,Cultured Pearls,Cultured pearls - worked,CHINA P RP,PARTNER,0.0,R,KGS,2026-08-20,Oct-2023  (R),gemstrategy_data/raw/import/71012200/71012200_2023_10.html
import,2023-10-01,2023,10,October,71012200,Cultured Pearls,Cultured pearls - worked,FRANCE,PARTNER,0.0,R,KGS,2026-08-20,Oct-2023  (R),gemstrategy_data/raw/import/71012200/71012200_2023_10.html
import,2023-10-01,2023,10,October,71012200,Cultured Pearls,Cultured pearls - worked,HONG KONG,PARTNER,0.0,R,KGS,2026-08-20,Oct-2023  (R),gemstrategy_data/raw/import/71012200/71012200_2023_10.html
import,2023-10-01,2023,10,October,71012200,Cultured Pearls,Cultured pearls - worked,INDONESIA,PARTNER,0.0,R,KGS,2026-08-20,Oct-2023  (R),gemstrategy_data/raw/import/71012200/71012200_2023_10.html
import,2023-10-01,2023,10,October,71012200,Cultured Pearls,Cultured pearls - worked,ITALY,PARTNER,0.0,R,KGS,2026-08-20,Oct-2023  (R),gemstrategy_data/raw/import/71012200/71012200_2023_10.html
import,2023-10-01,2023,10,October,71012200,Cultured Pearls,Cultured pearls - worked,JAPAN,PARTNER,0.0,R,KGS,2026-08-20,Oct-2023  (R),gemstrategy_data/raw/import/71012200/71012200_2023_10.html
import,2023-10-01,2023,10,October,71012200,Cultured Pearls,Cultured pearls - worked,KOREA RP,PARTNER,0.0,R,KGS,2026-08-20,Oct-2023  (R),gemstrategy_data/raw/import/71012200/71012200_2023_10.html
import,2023-10-01,2023,10,October,71012200,Cultured Pearls,Cultured pearls - worked,SINGAPORE,PARTNER,0.0,R,KGS,2026-08-20,Oct-2023  (R),gemstrategy_data/raw/import/71012200/71012200_2023_10.html
import,2023-10-01,2023,10,October,71012200,Cultured Pearls,Cultured pearls - worked,SPAIN,PARTNER,0.0,R,KGS,2026-08-20,Oct-2023  (R),gemstrategy_data/raw/import/71012200/71012200_2023_10.html
import,2023-10-01,2023,10,October,71012200,Cultured Pearls,Cultured pearls - worked,THAILAND,PARTNER,0.0,R,KGS,2026-08-20,Oct-2023  (R),gemstrategy_data/raw/import/71012200/71012200_2023_10.html
import,2023-10-01,2023,10,October,71012200,Cultured Pearls,Cultured pearls - worked,U ARAB EMTS,PARTNER,0.0,R,KGS,2026-08-20,Oct-2023  (R),gemstrategy_data/raw/import/71012200/71012200_2023_10.html
import,2023-10-01,2023,10,October,71012200,Cultured Pearls,Cultured pearls - worked,U K,PARTNER,0.0,R,KGS,2026-08-20,Oct-2023  (R),gemstrategy_data/raw/import/71012200/71012200_2023_10.html
import,2023-10-01,2023,10,October,71012200,Cultured Pearls,Cultured pearls - worked,U S A,PARTNER,0.0,R,KGS,2026-08-20,Oct-2023  (R),gemstrategy_data/raw/import/71012200/71012200_2023_10.html
import,2023-10-01,2023,10,October,71012200,Cultured Pearls,Cultured pearls - worked,Total,TOTAL,1.28,R,KGS,2026-08-20,Oct-2023  (R),gemstrategy_data/raw/import/71012200/71012200_2023_10.html
import,2023-11-01,2023,11,November,71011010,Natural Pearls,Natural (real) pearls - unworked,BAHARAIN IS,PARTNER,0.0,R,KGS,2026-08-20,Nov-2023  (R),gemstrategy_data/raw/import/71011010/71011010_2023_11.html
import,2023-11-01,2023,11,November,71011010,Natural Pearls,Natural (real) pearls - unworked,FRANCE,PARTNER,0.0,R,KGS,2026-08-20,Nov-2023  (R),gemstrategy_data/raw/import/71011010/71011010_2023_11.html
import,2023-11-01,2023,11,November,71011010,Natural Pearls,Natural (real) pearls - unworked,HONG KONG,PARTNER,0.0,R,KGS,2026-08-20,Nov-2023  (R),gemstrategy_data/raw/import/71011010/71011010_2023_11.html
import,2023-11-01,2023,11,November,71011010,Natural Pearls,Natural (real) pearls - unworked,INDONESIA,PARTNER,0.0,R,KGS,2026-08-20,Nov-2023  (R),gemstrategy_data/raw/import/71011010/71011010_2023_11.html
import,2023-11-01,2023,11,November,71011010,Natural Pearls,Natural (real) pearls - unworked,JAPAN,PARTNER,0.0,R,KGS,2026-08-20,Nov-2023  (R),gemstrategy_data/raw/import/71011010/71011010_2023_11.html
import,2023-11-01,2023,11,November,71011010,Natural Pearls,Natural (real) pearls - unworked,SWITZERLAND,PARTNER,0.0,R,KGS,2026-08-20,Nov-2023  (R),gemstrategy_data/raw/import/71011010/71011010_2023_11.html
import,2023-11-01,2023,11,November,71011010,Natural Pearls,Natural (real) pearls - unworked,THAILAND,PARTNER,0.0,R,KGS,2026-08-20,Nov-2023  (R),gemstrategy_data/raw/import/71011010/71011010_2023_11.html
import,2023-11-01,2023,11,November,71011010,Natural Pearls,Natural (real) pearls - unworked,U S A,PARTNER,0.0,R,KGS,2026-08-20,Nov-2023  (R),gemstrategy_data/raw/import/71011010/71011010_2023_11.html
import,2023-11-01,2023,11,November,71011010,Natural Pearls,Natural (real) pearls - unworked,Total,TOTAL,0.0,R,KGS,2026-08-20,Nov-2023  (R),gemstrategy_data/raw/import/71011010/71011010_2023_11.html
import,2023-11-01,2023,11,November,71011020,Natural Pearls,Natural (real) pearls - worked,CHINA P RP,PARTNER,0.07,R,KGS,2026-08-20,Nov-2023  (R),gemstrategy_data/raw/import/71011020/71011020_2023_11.html
import,2023-11-01,2023,11,November,71011020,Natural Pearls,Natural (real) pearls - worked,HONG KONG,PARTNER,0.0,R,KGS,2026-08-20,Nov-2023  (R),gemstrategy_data/raw/import/71011020/71011020_2023_11.html
import,2023-11-01,2023,11,November,71011020,Natural Pearls,Natural (real) pearls - worked,JAPAN,PARTNER,0.0,R,KGS,2026-08-20,Nov-2023  (R),gemstrategy_data/raw/import/71011020/71011020_2023_11.html
import,2023-11-01,2023,11,November,71011020,Natural Pearls,Natural (real) pearls - worked,QATAR,PARTNER,0.0,R,KGS,2026-08-20,Nov-2023  (R),gemstrategy_data/raw/import/71011020/71011020_2023_11.html
import,2023-11-01,2023,11,November,71011020,Natural Pearls,Natural (real) pearls - worked,SWITZERLAND,PARTNER,0.0,R,KGS,2026-08-20,Nov-2023  (R),gemstrategy_data/raw/import/71011020/71011020_2023_11.html
import,2023-11-01,2023,11,November,71011020,Natural Pearls,Natural (real) pearls - worked,THAILAND,PARTNER,0.0,R,KGS,2026-08-20,Nov-2023  (R),gemstrategy_data/raw/import/71011020/71011020_2023_11.html
import,2023-11-01,2023,11,November,71011020,Natural Pearls,Natural (real) pearls - worked,U ARAB EMTS,PARTNER,0.0,R,KGS,2026-08-20,Nov-2023  (R),gemstrategy_data/raw/import/71011020/71011020_2023_11.html
import,2023-11-01,2023,11,November,71011020,Natural Pearls,Natural (real) pearls - worked,U S A,PARTNER,0.0,R,KGS,2026-08-20,Nov-2023  (R),gemstrategy_data/raw/import/71011020/71011020_2023_11.html
import,2023-11-01,2023,11,November,71011020,Natural Pearls,Natural (real) pearls - worked,Total,TOTAL,0.07,R,KGS,2026-08-20,Nov-2023  (R),gemstrategy_data/raw/import/71011020/71011020_2023_11.html
import,2023-11-01,2023,11,November,71012100,Cultured Pearls,Cultured pearls - unworked,CHINA P RP,PARTNER,0.66,R,KGS,2026-08-20,Nov-2023  (R),gemstrategy_data/raw/import/71012100/71012100_2023_11.html
import,2023-11-01,2023,11,November,71012100,Cultured Pearls,Cultured pearls - unworked,FRANCE,PARTNER,0.0,R,KGS,2026-08-20,Nov-2023  (R),gemstrategy_data/raw/import/71012100/71012100_2023_11.html
import,2023-11-01,2023,11,November,71012100,Cultured Pearls,Cultured pearls - unworked,HONG KONG,PARTNER,0.0,R,KGS,2026-08-20,Nov-2023  (R),gemstrategy_data/raw/import/71012100/71012100_2023_11.html
import,2023-11-01,2023,11,November,71012100,Cultured Pearls,Cultured pearls - unworked,INDONESIA,PARTNER,0.0,R,KGS,2026-08-20,Nov-2023  (R),gemstrategy_data/raw/import/71012100/71012100_2023_11.html
import,2023-11-01,2023,11,November,71012100,Cultured Pearls,Cultured pearls - unworked,JAPAN,PARTNER,0.0,R,KGS,2026-08-20,Nov-2023  (R),gemstrategy_data/raw/import/71012100/71012100_2023_11.html
import,2023-11-01,2023,11,November,71012100,Cultured Pearls,Cultured pearls - unworked,THAILAND,PARTNER,0.0,R,KGS,2026-08-20,Nov-2023  (R),gemstrategy_data/raw/import/71012100/71012100_2023_11.html
import,2023-11-01,2023,11,November,71012100,Cultured Pearls,Cultured pearls - unworked,Total,TOTAL,0.66,R,KGS,2026-08-20,Nov-2023  (R),gemstrategy_data/raw/import/71012100/71012100_2023_11.html
import,2023-11-01,2023,11,November,71012200,Cultured Pearls,Cultured pearls - worked,AUSTRALIA,PARTNER,0.32,R,KGS,2026-08-20,Nov-2023  (R),gemstrategy_data/raw/import/71012200/71012200_2023_11.html
import,2023-11-01,2023,11,November,71012200,Cultured Pearls,Cultured pearls - worked,BRAZIL,PARTNER,0.0,R,KGS,2026-08-20,Nov-2023  (R),gemstrategy_data/raw/import/71012200/71012200_2023_11.html
import,2023-11-01,2023,11,November,71012200,Cultured Pearls,Cultured pearls - worked,CANADA,PARTNER,0.0,R,KGS,2026-08-20,Nov-2023  (R),gemstrategy_data/raw/import/71012200/71012200_2023_11.html
import,2023-11-01,2023,11,November,71012200,Cultured Pearls,Cultured pearls - worked,CHINA P RP,PARTNER,0.0,R,KGS,2026-08-20,Nov-2023  (R),gemstrategy_data/raw/import/71012200/71012200_2023_11.html
import,2023-11-01,2023,11,November,71012200,Cultured Pearls,Cultured pearls - worked,FRANCE,PARTNER,0.0,R,KGS,2026-08-20,Nov-2023  (R),gemstrategy_data/raw/import/71012200/71012200_2023_11.html
import,2023-11-01,2023,11,November,71012200,Cultured Pearls,Cultured pearls - worked,HONG KONG,PARTNER,0.0,R,KGS,2026-08-20,Nov-2023  (R),gemstrategy_data/raw/import/71012200/71012200_2023_11.html
import,2023-11-01,2023,11,November,71012200,Cultured Pearls,Cultured pearls - worked,INDONESIA,PARTNER,0.0,R,KGS,2026-08-20,Nov-2023  (R),gemstrategy_data/raw/import/71012200/71012200_2023_11.html
import,2023-11-01,2023,11,November,71012200,Cultured Pearls,Cultured pearls - worked,ITALY,PARTNER,0.0,R,KGS,2026-08-20,Nov-2023  (R),gemstrategy_data/raw/import/71012200/71012200_2023_11.html
import,2023-11-01,2023,11,November,71012200,Cultured Pearls,Cultured pearls - worked,JAPAN,PARTNER,0.0,R,KGS,2026-08-20,Nov-2023  (R),gemstrategy_data/raw/import/71012200/71012200_2023_11.html
import,2023-11-01,2023,11,November,71012200,Cultured Pearls,Cultured pearls - worked,KOREA RP,PARTNER,0.0,R,KGS,2026-08-20,Nov-2023  (R),gemstrategy_data/raw/import/71012200/71012200_2023_11.html
import,2023-11-01,2023,11,November,71012200,Cultured Pearls,Cultured pearls - worked,SINGAPORE,PARTNER,0.0,R,KGS,2026-08-20,Nov-2023  (R),gemstrategy_data/raw/import/71012200/71012200_2023_11.html
import,2023-11-01,2023,11,November,71012200,Cultured Pearls,Cultured pearls - worked,SPAIN,PARTNER,0.0,R,KGS,2026-08-20,Nov-2023  (R),gemstrategy_data/raw/import/71012200/71012200_2023_11.html
import,2023-11-01,2023,11,November,71012200,Cultured Pearls,Cultured pearls - worked,THAILAND,PARTNER,0.0,R,KGS,2026-08-20,Nov-2023  (R),gemstrategy_data/raw/import/71012200/71012200_2023_11.html
import,2023-11-01,2023,11,November,71012200,Cultured Pearls,Cultured pearls - worked,U ARAB EMTS,PARTNER,0.0,R,KGS,2026-08-20,Nov-2023  (R),gemstrategy_data/raw/import/71012200/71012200_2023_11.html
import,2023-11-01,2023,11,November,71012200,Cultured Pearls,Cultured pearls - worked,U K,PARTNER,0.0,R,KGS,2026-08-20,Nov-2023  (R),gemstrategy_data/raw/import/71012200/71012200_2023_11.html
import,2023-11-01,2023,11,November,71012200,Cultured Pearls,Cultured pearls - worked,U S A,PARTNER,0.0,R,KGS,2026-08-20,Nov-2023  (R),gemstrategy_data/raw/import/71012200/71012200_2023_11.html
import,2023-11-01,2023,11,November,71012200,Cultured Pearls,Cultured pearls - worked,Total,TOTAL,0.32,R,KGS,2026-08-20,Nov-2023  (R),gemstrategy_data/raw/import/71012200/71012200_2023_11.html
import,2023-12-01,2023,12,December,71011010,Natural Pearls,Natural (real) pearls - unworked,BAHARAIN IS,PARTNER,0.0,R,KGS,2026-08-20,Dec-2023  (R),gemstrategy_data/raw/import/71011010/71011010_2023_12.html
import,2023-12-01,2023,12,December,71011010,Natural Pearls,Natural (real) pearls - unworked,FRANCE,PARTNER,0.33,R,KGS,2026-08-20,Dec-2023  (R),gemstrategy_data/raw/import/71011010/71011010_2023_12.html
import,2023-12-01,2023,12,December,71011010,Natural Pearls,Natural (real) pearls - unworked,HONG KONG,PARTNER,0.0,R,KGS,2026-08-20,Dec-2023  (R),gemstrategy_data/raw/import/71011010/71011010_2023_12.html
import,2023-12-01,2023,12,December,71011010,Natural Pearls,Natural (real) pearls - unworked,INDONESIA,PARTNER,0.0,R,KGS,2026-08-20,Dec-2023  (R),gemstrategy_data/raw/import/71011010/71011010_2023_12.html
import,2023-12-01,2023,12,December,71011010,Natural Pearls,Natural (real) pearls - unworked,JAPAN,PARTNER,0.0,R,KGS,2026-08-20,Dec-2023  (R),gemstrategy_data/raw/import/71011010/71011010_2023_12.html
import,2023-12-01,2023,12,December,71011010,Natural Pearls,Natural (real) pearls - unworked,SWITZERLAND,PARTNER,0.0,R,KGS,2026-08-20,Dec-2023  (R),gemstrategy_data/raw/import/71011010/71011010_2023_12.html
import,2023-12-01,2023,12,December,71011010,Natural Pearls,Natural (real) pearls - unworked,THAILAND,PARTNER,0.0,R,KGS,2026-08-20,Dec-2023  (R),gemstrategy_data/raw/import/71011010/71011010_2023_12.html
import,2023-12-01,2023,12,December,71011010,Natural Pearls,Natural (real) pearls - unworked,U S A,PARTNER,0.0,R,KGS,2026-08-20,Dec-2023  (R),gemstrategy_data/raw/import/71011010/71011010_2023_12.html
import,2023-12-01,2023,12,December,71011010,Natural Pearls,Natural (real) pearls - unworked,Total,TOTAL,0.33,R,KGS,2026-08-20,Dec-2023  (R),gemstrategy_data/raw/import/71011010/71011010_2023_12.html
import,2023-12-01,2023,12,December,71011020,Natural Pearls,Natural (real) pearls - worked,CHINA P RP,PARTNER,0.0,R,KGS,2026-08-20,Dec-2023  (R),gemstrategy_data/raw/import/71011020/71011020_2023_12.html
import,2023-12-01,2023,12,December,71011020,Natural Pearls,Natural (real) pearls - worked,HONG KONG,PARTNER,0.0,R,KGS,2026-08-20,Dec-2023  (R),gemstrategy_data/raw/import/71011020/71011020_2023_12.html
import,2023-12-01,2023,12,December,71011020,Natural Pearls,Natural (real) pearls - worked,JAPAN,PARTNER,0.0,R,KGS,2026-08-20,Dec-2023  (R),gemstrategy_data/raw/import/71011020/71011020_2023_12.html
import,2023-12-01,2023,12,December,71011020,Natural Pearls,Natural (real) pearls - worked,QATAR,PARTNER,0.0,R,KGS,2026-08-20,Dec-2023  (R),gemstrategy_data/raw/import/71011020/71011020_2023_12.html
import,2023-12-01,2023,12,December,71011020,Natural Pearls,Natural (real) pearls - worked,SWITZERLAND,PARTNER,0.0,R,KGS,2026-08-20,Dec-2023  (R),gemstrategy_data/raw/import/71011020/71011020_2023_12.html
import,2023-12-01,2023,12,December,71011020,Natural Pearls,Natural (real) pearls - worked,THAILAND,PARTNER,0.0,R,KGS,2026-08-20,Dec-2023  (R),gemstrategy_data/raw/import/71011020/71011020_2023_12.html
import,2023-12-01,2023,12,December,71011020,Natural Pearls,Natural (real) pearls - worked,U ARAB EMTS,PARTNER,0.0,R,KGS,2026-08-20,Dec-2023  (R),gemstrategy_data/raw/import/71011020/71011020_2023_12.html
import,2023-12-01,2023,12,December,71011020,Natural Pearls,Natural (real) pearls - worked,U S A,PARTNER,0.0,R,KGS,2026-08-20,Dec-2023  (R),gemstrategy_data/raw/import/71011020/71011020_2023_12.html
import,2023-12-01,2023,12,December,71011020,Natural Pearls,Natural (real) pearls - worked,Total,TOTAL,0.0,R,KGS,2026-08-20,Dec-2023  (R),gemstrategy_data/raw/import/71011020/71011020_2023_12.html
import,2023-12-01,2023,12,December,71012100,Cultured Pearls,Cultured pearls - unworked,CHINA P RP,PARTNER,1.6,R,KGS,2026-08-20,Dec-2023  (R),gemstrategy_data/raw/import/71012100/71012100_2023_12.html
import,2023-12-01,2023,12,December,71012100,Cultured Pearls,Cultured pearls - unworked,FRANCE,PARTNER,0.0,R,KGS,2026-08-20,Dec-2023  (R),gemstrategy_data/raw/import/71012100/71012100_2023_12.html
import,2023-12-01,2023,12,December,71012100,Cultured Pearls,Cultured pearls - unworked,HONG KONG,PARTNER,0.0,R,KGS,2026-08-20,Dec-2023  (R),gemstrategy_data/raw/import/71012100/71012100_2023_12.html
import,2023-12-01,2023,12,December,71012100,Cultured Pearls,Cultured pearls - unworked,INDONESIA,PARTNER,0.0,R,KGS,2026-08-20,Dec-2023  (R),gemstrategy_data/raw/import/71012100/71012100_2023_12.html
import,2023-12-01,2023,12,December,71012100,Cultured Pearls,Cultured pearls - unworked,JAPAN,PARTNER,0.0,R,KGS,2026-08-20,Dec-2023  (R),gemstrategy_data/raw/import/71012100/71012100_2023_12.html
import,2023-12-01,2023,12,December,71012100,Cultured Pearls,Cultured pearls - unworked,THAILAND,PARTNER,0.0,R,KGS,2026-08-20,Dec-2023  (R),gemstrategy_data/raw/import/71012100/71012100_2023_12.html
import,2023-12-01,2023,12,December,71012100,Cultured Pearls,Cultured pearls - unworked,Total,TOTAL,1.6,R,KGS,2026-08-20,Dec-2023  (R),gemstrategy_data/raw/import/71012100/71012100_2023_12.html
import,2023-12-01,2023,12,December,71012200,Cultured Pearls,Cultured pearls - worked,AUSTRALIA,PARTNER,0.98,R,KGS,2026-08-20,Dec-2023  (R),gemstrategy_data/raw/import/71012200/71012200_2023_12.html
import,2023-12-01,2023,12,December,71012200,Cultured Pearls,Cultured pearls - worked,BRAZIL,PARTNER,0.0,R,KGS,2026-08-20,Dec-2023  (R),gemstrategy_data/raw/import/71012200/71012200_2023_12.html
import,2023-12-01,2023,12,December,71012200,Cultured Pearls,Cultured pearls - worked,CANADA,PARTNER,0.0,R,KGS,2026-08-20,Dec-2023  (R),gemstrategy_data/raw/import/71012200/71012200_2023_12.html
import,2023-12-01,2023,12,December,71012200,Cultured Pearls,Cultured pearls - worked,CHINA P RP,PARTNER,0.0,R,KGS,2026-08-20,Dec-2023  (R),gemstrategy_data/raw/import/71012200/71012200_2023_12.html
import,2023-12-01,2023,12,December,71012200,Cultured Pearls,Cultured pearls - worked,FRANCE,PARTNER,0.0,R,KGS,2026-08-20,Dec-2023  (R),gemstrategy_data/raw/import/71012200/71012200_2023_12.html
import,2023-12-01,2023,12,December,71012200,Cultured Pearls,Cultured pearls - worked,HONG KONG,PARTNER,0.0,R,KGS,2026-08-20,Dec-2023  (R),gemstrategy_data/raw/import/71012200/71012200_2023_12.html
import,2023-12-01,2023,12,December,71012200,Cultured Pearls,Cultured pearls - worked,INDONESIA,PARTNER,0.0,R,KGS,2026-08-20,Dec-2023  (R),gemstrategy_data/raw/import/71012200/71012200_2023_12.html
import,2023-12-01,2023,12,December,71012200,Cultured Pearls,Cultured pearls - worked,ITALY,PARTNER,0.0,R,KGS,2026-08-20,Dec-2023  (R),gemstrategy_data/raw/import/71012200/71012200_2023_12.html
import,2023-12-01,2023,12,December,71012200,Cultured Pearls,Cultured pearls - worked,JAPAN,PARTNER,0.0,R,KGS,2026-08-20,Dec-2023  (R),gemstrategy_data/raw/import/71012200/71012200_2023_12.html
import,2023-12-01,2023,12,December,71012200,Cultured Pearls,Cultured pearls - worked,KOREA RP,PARTNER,0.0,R,KGS,2026-08-20,Dec-2023  (R),gemstrategy_data/raw/import/71012200/71012200_2023_12.html
import,2023-12-01,2023,12,December,71012200,Cultured Pearls,Cultured pearls - worked,SINGAPORE,PARTNER,0.0,R,KGS,2026-08-20,Dec-2023  (R),gemstrategy_data/raw/import/71012200/71012200_2023_12.html
import,2023-12-01,2023,12,December,71012200,Cultured Pearls,Cultured pearls - worked,SPAIN,PARTNER,0.0,R,KGS,2026-08-20,Dec-2023  (R),gemstrategy_data/raw/import/71012200/71012200_2023_12.html
import,2023-12-01,2023,12,December,71012200,Cultured Pearls,Cultured pearls - worked,THAILAND,PARTNER,0.0,R,KGS,2026-08-20,Dec-2023  (R),gemstrategy_data/raw/import/71012200/71012200_2023_12.html
import,2023-12-01,2023,12,December,71012200,Cultured Pearls,Cultured pearls - worked,U ARAB EMTS,PARTNER,0.0,R,KGS,2026-08-20,Dec-2023  (R),gemstrategy_data/raw/import/71012200/71012200_2023_12.html
import,2023-12-01,2023,12,December,71012200,Cultured Pearls,Cultured pearls - worked,U K,PARTNER,0.0,R,KGS,2026-08-20,Dec-2023  (R),gemstrategy_data/raw/import/71012200/71012200_2023_12.html
import,2023-12-01,2023,12,December,71012200,Cultured Pearls,Cultured pearls - worked,U S A,PARTNER,0.0,R,KGS,2026-08-20,Dec-2023  (R),gemstrategy_data/raw/import/71012200/71012200_2023_12.html
import,2023-12-01,2023,12,December,71012200,Cultured Pearls,Cultured pearls - worked,Total,TOTAL,0.98,R,KGS,2026-08-20,Dec-2023  (R),gemstrategy_data/raw/import/71012200/71012200_2023_12.html
import,2024-01-01,2024,1,January,71011010,Natural Pearls,Natural (real) pearls - unworked,BAHARAIN IS,PARTNER,0.1,R,KGS,2026-08-20,Jan-2024  (R),gemstrategy_data/raw/import/71011010/71011010_2024_01.html
import,2024-01-01,2024,1,January,71011010,Natural Pearls,Natural (real) pearls - unworked,FRANCE,PARTNER,0.0,R,KGS,2026-08-20,Jan-2024  (R),gemstrategy_data/raw/import/71011010/71011010_2024_01.html
import,2024-01-01,2024,1,January,71011010,Natural Pearls,Natural (real) pearls - unworked,HONG KONG,PARTNER,0.0,R,KGS,2026-08-20,Jan-2024  (R),gemstrategy_data/raw/import/71011010/71011010_2024_01.html
import,2024-01-01,2024,1,January,71011010,Natural Pearls,Natural (real) pearls - unworked,INDONESIA,PARTNER,0.0,R,KGS,2026-08-20,Jan-2024  (R),gemstrategy_data/raw/import/71011010/71011010_2024_01.html
import,2024-01-01,2024,1,January,71011010,Natural Pearls,Natural (real) pearls - unworked,JAPAN,PARTNER,0.0,R,KGS,2026-08-20,Jan-2024  (R),gemstrategy_data/raw/import/71011010/71011010_2024_01.html
import,2024-01-01,2024,1,January,71011010,Natural Pearls,Natural (real) pearls - unworked,SWITZERLAND,PARTNER,0.0,R,KGS,2026-08-20,Jan-2024  (R),gemstrategy_data/raw/import/71011010/71011010_2024_01.html
import,2024-01-01,2024,1,January,71011010,Natural Pearls,Natural (real) pearls - unworked,THAILAND,PARTNER,0.0,R,KGS,2026-08-20,Jan-2024  (R),gemstrategy_data/raw/import/71011010/71011010_2024_01.html
import,2024-01-01,2024,1,January,71011010,Natural Pearls,Natural (real) pearls - unworked,U S A,PARTNER,0.0,R,KGS,2026-08-20,Jan-2024  (R),gemstrategy_data/raw/import/71011010/71011010_2024_01.html
import,2024-01-01,2024,1,January,71011010,Natural Pearls,Natural (real) pearls - unworked,Total,TOTAL,0.1,R,KGS,2026-08-20,Jan-2024  (R),gemstrategy_data/raw/import/71011010/71011010_2024_01.html
import,2024-01-01,2024,1,January,71011020,Natural Pearls,Natural (real) pearls - worked,CHINA P RP,PARTNER,0.07,R,KGS,2026-08-20,Jan-2024  (R),gemstrategy_data/raw/import/71011020/71011020_2024_01.html
import,2024-01-01,2024,1,January,71011020,Natural Pearls,Natural (real) pearls - worked,FRANCE,PARTNER,0.0,R,KGS,2026-08-20,Jan-2024  (R),gemstrategy_data/raw/import/71011020/71011020_2024_01.html
import,2024-01-01,2024,1,January,71011020,Natural Pearls,Natural (real) pearls - worked,HONG KONG,PARTNER,0.0,R,KGS,2026-08-20,Jan-2024  (R),gemstrategy_data/raw/import/71011020/71011020_2024_01.html
import,2024-01-01,2024,1,January,71011020,Natural Pearls,Natural (real) pearls - worked,JAPAN,PARTNER,0.0,R,KGS,2026-08-20,Jan-2024  (R),gemstrategy_data/raw/import/71011020/71011020_2024_01.html
import,2024-01-01,2024,1,January,71011020,Natural Pearls,Natural (real) pearls - worked,QATAR,PARTNER,0.0,R,KGS,2026-08-20,Jan-2024  (R),gemstrategy_data/raw/import/71011020/71011020_2024_01.html
import,2024-01-01,2024,1,January,71011020,Natural Pearls,Natural (real) pearls - worked,SWITZERLAND,PARTNER,0.0,R,KGS,2026-08-20,Jan-2024  (R),gemstrategy_data/raw/import/71011020/71011020_2024_01.html
import,2024-01-01,2024,1,January,71011020,Natural Pearls,Natural (real) pearls - worked,THAILAND,PARTNER,0.0,R,KGS,2026-08-20,Jan-2024  (R),gemstrategy_data/raw/import/71011020/71011020_2024_01.html
import,2024-01-01,2024,1,January,71011020,Natural Pearls,Natural (real) pearls - worked,U ARAB EMTS,PARTNER,0.0,R,KGS,2026-08-20,Jan-2024  (R),gemstrategy_data/raw/import/71011020/71011020_2024_01.html
import,2024-01-01,2024,1,January,71011020,Natural Pearls,Natural (real) pearls - worked,U S A,PARTNER,0.0,R,KGS,2026-08-20,Jan-2024  (R),gemstrategy_data/raw/import/71011020/71011020_2024_01.html
import,2024-01-01,2024,1,January,71011020,Natural Pearls,Natural (real) pearls - worked,Total,TOTAL,0.07,R,KGS,2026-08-20,Jan-2024  (R),gemstrategy_data/raw/import/71011020/71011020_2024_01.html
import,2024-01-01,2024,1,January,71012100,Cultured Pearls,Cultured pearls - unworked,CHINA P RP,PARTNER,1.45,R,KGS,2026-08-20,Jan-2024  (R),gemstrategy_data/raw/import/71012100/71012100_2024_01.html
import,2024-01-01,2024,1,January,71012100,Cultured Pearls,Cultured pearls - unworked,FRANCE,PARTNER,0.0,R,KGS,2026-08-20,Jan-2024  (R),gemstrategy_data/raw/import/71012100/71012100_2024_01.html
import,2024-01-01,2024,1,January,71012100,Cultured Pearls,Cultured pearls - unworked,HONG KONG,PARTNER,0.0,R,KGS,2026-08-20,Jan-2024  (R),gemstrategy_data/raw/import/71012100/71012100_2024_01.html
import,2024-01-01,2024,1,January,71012100,Cultured Pearls,Cultured pearls - unworked,INDONESIA,PARTNER,0.0,R,KGS,2026-08-20,Jan-2024  (R),gemstrategy_data/raw/import/71012100/71012100_2024_01.html
import,2024-01-01,2024,1,January,71012100,Cultured Pearls,Cultured pearls - unworked,JAPAN,PARTNER,0.0,R,KGS,2026-08-20,Jan-2024  (R),gemstrategy_data/raw/import/71012100/71012100_2024_01.html
import,2024-01-01,2024,1,January,71012100,Cultured Pearls,Cultured pearls - unworked,THAILAND,PARTNER,0.0,R,KGS,2026-08-20,Jan-2024  (R),gemstrategy_data/raw/import/71012100/71012100_2024_01.html
import,2024-01-01,2024,1,January,71012100,Cultured Pearls,Cultured pearls - unworked,Total,TOTAL,1.45,R,KGS,2026-08-20,Jan-2024  (R),gemstrategy_data/raw/import/71012100/71012100_2024_01.html
import,2024-01-01,2024,1,January,71012200,Cultured Pearls,Cultured pearls - worked,AUSTRALIA,PARTNER,0.61,R,KGS,2026-08-20,Jan-2024  (R),gemstrategy_data/raw/import/71012200/71012200_2024_01.html
import,2024-01-01,2024,1,January,71012200,Cultured Pearls,Cultured pearls - worked,BRAZIL,PARTNER,0.0,R,KGS,2026-08-20,Jan-2024  (R),gemstrategy_data/raw/import/71012200/71012200_2024_01.html
import,2024-01-01,2024,1,January,71012200,Cultured Pearls,Cultured pearls - worked,CANADA,PARTNER,0.0,R,KGS,2026-08-20,Jan-2024  (R),gemstrategy_data/raw/import/71012200/71012200_2024_01.html
import,2024-01-01,2024,1,January,71012200,Cultured Pearls,Cultured pearls - worked,CHINA P RP,PARTNER,0.0,R,KGS,2026-08-20,Jan-2024  (R),gemstrategy_data/raw/import/71012200/71012200_2024_01.html
import,2024-01-01,2024,1,January,71012200,Cultured Pearls,Cultured pearls - worked,FRANCE,PARTNER,0.0,R,KGS,2026-08-20,Jan-2024  (R),gemstrategy_data/raw/import/71012200/71012200_2024_01.html
import,2024-01-01,2024,1,January,71012200,Cultured Pearls,Cultured pearls - worked,HONG KONG,PARTNER,0.0,R,KGS,2026-08-20,Jan-2024  (R),gemstrategy_data/raw/import/71012200/71012200_2024_01.html
import,2024-01-01,2024,1,January,71012200,Cultured Pearls,Cultured pearls - worked,INDONESIA,PARTNER,0.0,R,KGS,2026-08-20,Jan-2024  (R),gemstrategy_data/raw/import/71012200/71012200_2024_01.html
import,2024-01-01,2024,1,January,71012200,Cultured Pearls,Cultured pearls - worked,ITALY,PARTNER,0.0,R,KGS,2026-08-20,Jan-2024  (R),gemstrategy_data/raw/import/71012200/71012200_2024_01.html
import,2024-01-01,2024,1,January,71012200,Cultured Pearls,Cultured pearls - worked,JAPAN,PARTNER,0.0,R,KGS,2026-08-20,Jan-2024  (R),gemstrategy_data/raw/import/71012200/71012200_2024_01.html
import,2024-01-01,2024,1,January,71012200,Cultured Pearls,Cultured pearls - worked,KOREA RP,PARTNER,0.0,R,KGS,2026-08-20,Jan-2024  (R),gemstrategy_data/raw/import/71012200/71012200_2024_01.html
import,2024-01-01,2024,1,January,71012200,Cultured Pearls,Cultured pearls - worked,SINGAPORE,PARTNER,0.0,R,KGS,2026-08-20,Jan-2024  (R),gemstrategy_data/raw/import/71012200/71012200_2024_01.html
import,2024-01-01,2024,1,January,71012200,Cultured Pearls,Cultured pearls - worked,SPAIN,PARTNER,0.0,R,KGS,2026-08-20,Jan-2024  (R),gemstrategy_data/raw/import/71012200/71012200_2024_01.html
import,2024-01-01,2024,1,January,71012200,Cultured Pearls,Cultured pearls - worked,THAILAND,PARTNER,0.0,R,KGS,2026-08-20,Jan-2024  (R),gemstrategy_data/raw/import/71012200/71012200_2024_01.html
import,2024-01-01,2024,1,January,71012200,Cultured Pearls,Cultured pearls - worked,U ARAB EMTS,PARTNER,0.0,R,KGS,2026-08-20,Jan-2024  (R),gemstrategy_data/raw/import/71012200/71012200_2024_01.html
import,2024-01-01,2024,1,January,71012200,Cultured Pearls,Cultured pearls - worked,U K,PARTNER,0.0,R,KGS,2026-08-20,Jan-2024  (R),gemstrategy_data/raw/import/71012200/71012200_2024_01.html
import,2024-01-01,2024,1,January,71012200,Cultured Pearls,Cultured pearls - worked,U S A,PARTNER,0.0,R,KGS,2026-08-20,Jan-2024  (R),gemstrategy_data/raw/import/71012200/71012200_2024_01.html
import,2024-01-01,2024,1,January,71012200,Cultured Pearls,Cultured pearls - worked,Total,TOTAL,0.61,R,KGS,2026-08-20,Jan-2024  (R),gemstrategy_data/raw/import/71012200/71012200_2024_01.html
import,2024-02-01,2024,2,February,71011010,Natural Pearls,Natural (real) pearls - unworked,BAHARAIN IS,PARTNER,0.04,R,KGS,2026-08-20,Feb-2024  (R),gemstrategy_data/raw/import/71011010/71011010_2024_02.html
import,2024-02-01,2024,2,February,71011010,Natural Pearls,Natural (real) pearls - unworked,FRANCE,PARTNER,0.0,R,KGS,2026-08-20,Feb-2024  (R),gemstrategy_data/raw/import/71011010/71011010_2024_02.html
import,2024-02-01,2024,2,February,71011010,Natural Pearls,Natural (real) pearls - unworked,HONG KONG,PARTNER,0.0,R,KGS,2026-08-20,Feb-2024  (R),gemstrategy_data/raw/import/71011010/71011010_2024_02.html
import,2024-02-01,2024,2,February,71011010,Natural Pearls,Natural (real) pearls - unworked,INDONESIA,PARTNER,0.0,R,KGS,2026-08-20,Feb-2024  (R),gemstrategy_data/raw/import/71011010/71011010_2024_02.html
import,2024-02-01,2024,2,February,71011010,Natural Pearls,Natural (real) pearls - unworked,JAPAN,PARTNER,0.0,R,KGS,2026-08-20,Feb-2024  (R),gemstrategy_data/raw/import/71011010/71011010_2024_02.html
import,2024-02-01,2024,2,February,71011010,Natural Pearls,Natural (real) pearls - unworked,SWITZERLAND,PARTNER,0.0,R,KGS,2026-08-20,Feb-2024  (R),gemstrategy_data/raw/import/71011010/71011010_2024_02.html
import,2024-02-01,2024,2,February,71011010,Natural Pearls,Natural (real) pearls - unworked,THAILAND,PARTNER,0.0,R,KGS,2026-08-20,Feb-2024  (R),gemstrategy_data/raw/import/71011010/71011010_2024_02.html
import,2024-02-01,2024,2,February,71011010,Natural Pearls,Natural (real) pearls - unworked,U S A,PARTNER,0.0,R,KGS,2026-08-20,Feb-2024  (R),gemstrategy_data/raw/import/71011010/71011010_2024_02.html
import,2024-02-01,2024,2,February,71011010,Natural Pearls,Natural (real) pearls - unworked,Total,TOTAL,0.04,R,KGS,2026-08-20,Feb-2024  (R),gemstrategy_data/raw/import/71011010/71011010_2024_02.html
import,2024-02-01,2024,2,February,71011020,Natural Pearls,Natural (real) pearls - worked,CHINA P RP,PARTNER,0.0,R,KGS,2026-08-20,Feb-2024  (R),gemstrategy_data/raw/import/71011020/71011020_2024_02.html
import,2024-02-01,2024,2,February,71011020,Natural Pearls,Natural (real) pearls - worked,FRANCE,PARTNER,0.0,R,KGS,2026-08-20,Feb-2024  (R),gemstrategy_data/raw/import/71011020/71011020_2024_02.html
import,2024-02-01,2024,2,February,71011020,Natural Pearls,Natural (real) pearls - worked,HONG KONG,PARTNER,0.0,R,KGS,2026-08-20,Feb-2024  (R),gemstrategy_data/raw/import/71011020/71011020_2024_02.html
import,2024-02-01,2024,2,February,71011020,Natural Pearls,Natural (real) pearls - worked,JAPAN,PARTNER,0.0,R,KGS,2026-08-20,Feb-2024  (R),gemstrategy_data/raw/import/71011020/71011020_2024_02.html
import,2024-02-01,2024,2,February,71011020,Natural Pearls,Natural (real) pearls - worked,QATAR,PARTNER,0.0,R,KGS,2026-08-20,Feb-2024  (R),gemstrategy_data/raw/import/71011020/71011020_2024_02.html
import,2024-02-01,2024,2,February,71011020,Natural Pearls,Natural (real) pearls - worked,SWITZERLAND,PARTNER,0.0,R,KGS,2026-08-20,Feb-2024  (R),gemstrategy_data/raw/import/71011020/71011020_2024_02.html
import,2024-02-01,2024,2,February,71011020,Natural Pearls,Natural (real) pearls - worked,THAILAND,PARTNER,0.0,R,KGS,2026-08-20,Feb-2024  (R),gemstrategy_data/raw/import/71011020/71011020_2024_02.html
import,2024-02-01,2024,2,February,71011020,Natural Pearls,Natural (real) pearls - worked,U ARAB EMTS,PARTNER,0.0,R,KGS,2026-08-20,Feb-2024  (R),gemstrategy_data/raw/import/71011020/71011020_2024_02.html
import,2024-02-01,2024,2,February,71011020,Natural Pearls,Natural (real) pearls - worked,U S A,PARTNER,0.0,R,KGS,2026-08-20,Feb-2024  (R),gemstrategy_data/raw/import/71011020/71011020_2024_02.html
import,2024-02-01,2024,2,February,71011020,Natural Pearls,Natural (real) pearls - worked,Total,TOTAL,0.0,R,KGS,2026-08-20,Feb-2024  (R),gemstrategy_data/raw/import/71011020/71011020_2024_02.html
import,2024-02-01,2024,2,February,71012100,Cultured Pearls,Cultured pearls - unworked,CHINA P RP,PARTNER,0.85,R,KGS,2026-08-20,Feb-2024  (R),gemstrategy_data/raw/import/71012100/71012100_2024_02.html
import,2024-02-01,2024,2,February,71012100,Cultured Pearls,Cultured pearls - unworked,FRANCE,PARTNER,0.0,R,KGS,2026-08-20,Feb-2024  (R),gemstrategy_data/raw/import/71012100/71012100_2024_02.html
import,2024-02-01,2024,2,February,71012100,Cultured Pearls,Cultured pearls - unworked,HONG KONG,PARTNER,0.0,R,KGS,2026-08-20,Feb-2024  (R),gemstrategy_data/raw/import/71012100/71012100_2024_02.html
import,2024-02-01,2024,2,February,71012100,Cultured Pearls,Cultured pearls - unworked,INDONESIA,PARTNER,0.0,R,KGS,2026-08-20,Feb-2024  (R),gemstrategy_data/raw/import/71012100/71012100_2024_02.html
import,2024-02-01,2024,2,February,71012100,Cultured Pearls,Cultured pearls - unworked,JAPAN,PARTNER,0.0,R,KGS,2026-08-20,Feb-2024  (R),gemstrategy_data/raw/import/71012100/71012100_2024_02.html
import,2024-02-01,2024,2,February,71012100,Cultured Pearls,Cultured pearls - unworked,THAILAND,PARTNER,0.0,R,KGS,2026-08-20,Feb-2024  (R),gemstrategy_data/raw/import/71012100/71012100_2024_02.html
import,2024-02-01,2024,2,February,71012100,Cultured Pearls,Cultured pearls - unworked,Total,TOTAL,0.85,R,KGS,2026-08-20,Feb-2024  (R),gemstrategy_data/raw/import/71012100/71012100_2024_02.html
import,2024-02-01,2024,2,February,71012200,Cultured Pearls,Cultured pearls - worked,AUSTRALIA,PARTNER,0.59,R,KGS,2026-08-20,Feb-2024  (R),gemstrategy_data/raw/import/71012200/71012200_2024_02.html
import,2024-02-01,2024,2,February,71012200,Cultured Pearls,Cultured pearls - worked,BRAZIL,PARTNER,0.0,R,KGS,2026-08-20,Feb-2024  (R),gemstrategy_data/raw/import/71012200/71012200_2024_02.html
import,2024-02-01,2024,2,February,71012200,Cultured Pearls,Cultured pearls - worked,CANADA,PARTNER,0.0,R,KGS,2026-08-20,Feb-2024  (R),gemstrategy_data/raw/import/71012200/71012200_2024_02.html
import,2024-02-01,2024,2,February,71012200,Cultured Pearls,Cultured pearls - worked,CHINA P RP,PARTNER,0.0,R,KGS,2026-08-20,Feb-2024  (R),gemstrategy_data/raw/import/71012200/71012200_2024_02.html
import,2024-02-01,2024,2,February,71012200,Cultured Pearls,Cultured pearls - worked,FRANCE,PARTNER,0.0,R,KGS,2026-08-20,Feb-2024  (R),gemstrategy_data/raw/import/71012200/71012200_2024_02.html
import,2024-02-01,2024,2,February,71012200,Cultured Pearls,Cultured pearls - worked,HONG KONG,PARTNER,0.0,R,KGS,2026-08-20,Feb-2024  (R),gemstrategy_data/raw/import/71012200/71012200_2024_02.html
import,2024-02-01,2024,2,February,71012200,Cultured Pearls,Cultured pearls - worked,INDONESIA,PARTNER,0.0,R,KGS,2026-08-20,Feb-2024  (R),gemstrategy_data/raw/import/71012200/71012200_2024_02.html
import,2024-02-01,2024,2,February,71012200,Cultured Pearls,Cultured pearls - worked,ITALY,PARTNER,0.0,R,KGS,2026-08-20,Feb-2024  (R),gemstrategy_data/raw/import/71012200/71012200_2024_02.html
import,2024-02-01,2024,2,February,71012200,Cultured Pearls,Cultured pearls - worked,JAPAN,PARTNER,0.0,R,KGS,2026-08-20,Feb-2024  (R),gemstrategy_data/raw/import/71012200/71012200_2024_02.html
import,2024-02-01,2024,2,February,71012200,Cultured Pearls,Cultured pearls - worked,KOREA RP,PARTNER,0.0,R,KGS,2026-08-20,Feb-2024  (R),gemstrategy_data/raw/import/71012200/71012200_2024_02.html
import,2024-02-01,2024,2,February,71012200,Cultured Pearls,Cultured pearls - worked,SINGAPORE,PARTNER,0.0,R,KGS,2026-08-20,Feb-2024  (R),gemstrategy_data/raw/import/71012200/71012200_2024_02.html
import,2024-02-01,2024,2,February,71012200,Cultured Pearls,Cultured pearls - worked,SPAIN,PARTNER,0.0,R,KGS,2026-08-20,Feb-2024  (R),gemstrategy_data/raw/import/71012200/71012200_2024_02.html
import,2024-02-01,2024,2,February,71012200,Cultured Pearls,Cultured pearls - worked,THAILAND,PARTNER,0.0,R,KGS,2026-08-20,Feb-2024  (R),gemstrategy_data/raw/import/71012200/71012200_2024_02.html
import,2024-02-01,2024,2,February,71012200,Cultured Pearls,Cultured pearls - worked,U ARAB EMTS,PARTNER,0.0,R,KGS,2026-08-20,Feb-2024  (R),gemstrategy_data/raw/import/71012200/71012200_2024_02.html
import,2024-02-01,2024,2,February,71012200,Cultured Pearls,Cultured pearls - worked,U K,PARTNER,0.0,R,KGS,2026-08-20,Feb-2024  (R),gemstrategy_data/raw/import/71012200/71012200_2024_02.html
import,2024-02-01,2024,2,February,71012200,Cultured Pearls,Cultured pearls - worked,U S A,PARTNER,0.0,R,KGS,2026-08-20,Feb-2024  (R),gemstrategy_data/raw/import/71012200/71012200_2024_02.html
import,2024-02-01,2024,2,February,71012200,Cultured Pearls,Cultured pearls - worked,Total,TOTAL,0.59,R,KGS,2026-08-20,Feb-2024  (R),gemstrategy_data/raw/import/71012200/71012200_2024_02.html
import,2024-03-01,2024,3,March,71011010,Natural Pearls,Natural (real) pearls - unworked,BAHARAIN IS,PARTNER,0.69,R,KGS,2026-08-20,Mar-2024  (R),gemstrategy_data/raw/import/71011010/71011010_2024_03.html
import,2024-03-01,2024,3,March,71011010,Natural Pearls,Natural (real) pearls - unworked,FRANCE,PARTNER,0.0,R,KGS,2026-08-20,Mar-2024  (R),gemstrategy_data/raw/import/71011010/71011010_2024_03.html
import,2024-03-01,2024,3,March,71011010,Natural Pearls,Natural (real) pearls - unworked,HONG KONG,PARTNER,0.0,R,KGS,2026-08-20,Mar-2024  (R),gemstrategy_data/raw/import/71011010/71011010_2024_03.html
import,2024-03-01,2024,3,March,71011010,Natural Pearls,Natural (real) pearls - unworked,INDONESIA,PARTNER,0.0,R,KGS,2026-08-20,Mar-2024  (R),gemstrategy_data/raw/import/71011010/71011010_2024_03.html
import,2024-03-01,2024,3,March,71011010,Natural Pearls,Natural (real) pearls - unworked,JAPAN,PARTNER,0.0,R,KGS,2026-08-20,Mar-2024  (R),gemstrategy_data/raw/import/71011010/71011010_2024_03.html
import,2024-03-01,2024,3,March,71011010,Natural Pearls,Natural (real) pearls - unworked,SWITZERLAND,PARTNER,0.0,R,KGS,2026-08-20,Mar-2024  (R),gemstrategy_data/raw/import/71011010/71011010_2024_03.html
import,2024-03-01,2024,3,March,71011010,Natural Pearls,Natural (real) pearls - unworked,THAILAND,PARTNER,0.0,R,KGS,2026-08-20,Mar-2024  (R),gemstrategy_data/raw/import/71011010/71011010_2024_03.html
import,2024-03-01,2024,3,March,71011010,Natural Pearls,Natural (real) pearls - unworked,U S A,PARTNER,0.0,R,KGS,2026-08-20,Mar-2024  (R),gemstrategy_data/raw/import/71011010/71011010_2024_03.html
import,2024-03-01,2024,3,March,71011010,Natural Pearls,Natural (real) pearls - unworked,Total,TOTAL,0.69,R,KGS,2026-08-20,Mar-2024  (R),gemstrategy_data/raw/import/71011010/71011010_2024_03.html
import,2024-03-01,2024,3,March,71011020,Natural Pearls,Natural (real) pearls - worked,CHINA P RP,PARTNER,1.07,R,KGS,2026-08-20,Mar-2024  (R),gemstrategy_data/raw/import/71011020/71011020_2024_03.html
import,2024-03-01,2024,3,March,71011020,Natural Pearls,Natural (real) pearls - worked,FRANCE,PARTNER,0.0,R,KGS,2026-08-20,Mar-2024  (R),gemstrategy_data/raw/import/71011020/71011020_2024_03.html
import,2024-03-01,2024,3,March,71011020,Natural Pearls,Natural (real) pearls - worked,GERMANY,PARTNER,0.0,R,KGS,2026-08-20,Mar-2024  (R),gemstrategy_data/raw/import/71011020/71011020_2024_03.html
import,2024-03-01,2024,3,March,71011020,Natural Pearls,Natural (real) pearls - worked,HONG KONG,PARTNER,0.0,R,KGS,2026-08-20,Mar-2024  (R),gemstrategy_data/raw/import/71011020/71011020_2024_03.html
import,2024-03-01,2024,3,March,71011020,Natural Pearls,Natural (real) pearls - worked,JAPAN,PARTNER,0.0,R,KGS,2026-08-20,Mar-2024  (R),gemstrategy_data/raw/import/71011020/71011020_2024_03.html
import,2024-03-01,2024,3,March,71011020,Natural Pearls,Natural (real) pearls - worked,QATAR,PARTNER,0.0,R,KGS,2026-08-20,Mar-2024  (R),gemstrategy_data/raw/import/71011020/71011020_2024_03.html
import,2024-03-01,2024,3,March,71011020,Natural Pearls,Natural (real) pearls - worked,SWITZERLAND,PARTNER,0.0,R,KGS,2026-08-20,Mar-2024  (R),gemstrategy_data/raw/import/71011020/71011020_2024_03.html
import,2024-03-01,2024,3,March,71011020,Natural Pearls,Natural (real) pearls - worked,THAILAND,PARTNER,0.0,R,KGS,2026-08-20,Mar-2024  (R),gemstrategy_data/raw/import/71011020/71011020_2024_03.html
import,2024-03-01,2024,3,March,71011020,Natural Pearls,Natural (real) pearls - worked,U ARAB EMTS,PARTNER,0.0,R,KGS,2026-08-20,Mar-2024  (R),gemstrategy_data/raw/import/71011020/71011020_2024_03.html
import,2024-03-01,2024,3,March,71011020,Natural Pearls,Natural (real) pearls - worked,U S A,PARTNER,0.0,R,KGS,2026-08-20,Mar-2024  (R),gemstrategy_data/raw/import/71011020/71011020_2024_03.html
import,2024-03-01,2024,3,March,71011020,Natural Pearls,Natural (real) pearls - worked,Total,TOTAL,1.07,R,KGS,2026-08-20,Mar-2024  (R),gemstrategy_data/raw/import/71011020/71011020_2024_03.html
import,2024-03-01,2024,3,March,71012100,Cultured Pearls,Cultured pearls - unworked,CHINA P RP,PARTNER,1.39,R,KGS,2026-08-20,Mar-2024  (R),gemstrategy_data/raw/import/71012100/71012100_2024_03.html
import,2024-03-01,2024,3,March,71012100,Cultured Pearls,Cultured pearls - unworked,FRANCE,PARTNER,0.0,R,KGS,2026-08-20,Mar-2024  (R),gemstrategy_data/raw/import/71012100/71012100_2024_03.html
import,2024-03-01,2024,3,March,71012100,Cultured Pearls,Cultured pearls - unworked,HONG KONG,PARTNER,0.0,R,KGS,2026-08-20,Mar-2024  (R),gemstrategy_data/raw/import/71012100/71012100_2024_03.html
import,2024-03-01,2024,3,March,71012100,Cultured Pearls,Cultured pearls - unworked,INDONESIA,PARTNER,0.0,R,KGS,2026-08-20,Mar-2024  (R),gemstrategy_data/raw/import/71012100/71012100_2024_03.html
import,2024-03-01,2024,3,March,71012100,Cultured Pearls,Cultured pearls - unworked,JAPAN,PARTNER,0.0,R,KGS,2026-08-20,Mar-2024  (R),gemstrategy_data/raw/import/71012100/71012100_2024_03.html
import,2024-03-01,2024,3,March,71012100,Cultured Pearls,Cultured pearls - unworked,LEBANON,PARTNER,0.0,R,KGS,2026-08-20,Mar-2024  (R),gemstrategy_data/raw/import/71012100/71012100_2024_03.html
import,2024-03-01,2024,3,March,71012100,Cultured Pearls,Cultured pearls - unworked,THAILAND,PARTNER,0.0,R,KGS,2026-08-20,Mar-2024  (R),gemstrategy_data/raw/import/71012100/71012100_2024_03.html
import,2024-03-01,2024,3,March,71012100,Cultured Pearls,Cultured pearls - unworked,U S A,PARTNER,0.0,R,KGS,2026-08-20,Mar-2024  (R),gemstrategy_data/raw/import/71012100/71012100_2024_03.html
import,2024-03-01,2024,3,March,71012100,Cultured Pearls,Cultured pearls - unworked,Total,TOTAL,1.39,R,KGS,2026-08-20,Mar-2024  (R),gemstrategy_data/raw/import/71012100/71012100_2024_03.html
import,2024-03-01,2024,3,March,71012200,Cultured Pearls,Cultured pearls - worked,AUSTRALIA,PARTNER,1.65,R,KGS,2026-08-20,Mar-2024  (R),gemstrategy_data/raw/import/71012200/71012200_2024_03.html
import,2024-03-01,2024,3,March,71012200,Cultured Pearls,Cultured pearls - worked,BRAZIL,PARTNER,0.0,R,KGS,2026-08-20,Mar-2024  (R),gemstrategy_data/raw/import/71012200/71012200_2024_03.html
import,2024-03-01,2024,3,March,71012200,Cultured Pearls,Cultured pearls - worked,CANADA,PARTNER,0.0,R,KGS,2026-08-20,Mar-2024  (R),gemstrategy_data/raw/import/71012200/71012200_2024_03.html
import,2024-03-01,2024,3,March,71012200,Cultured Pearls,Cultured pearls - worked,CHINA P RP,PARTNER,0.0,R,KGS,2026-08-20,Mar-2024  (R),gemstrategy_data/raw/import/71012200/71012200_2024_03.html
import,2024-03-01,2024,3,March,71012200,Cultured Pearls,Cultured pearls - worked,FRANCE,PARTNER,0.0,R,KGS,2026-08-20,Mar-2024  (R),gemstrategy_data/raw/import/71012200/71012200_2024_03.html
import,2024-03-01,2024,3,March,71012200,Cultured Pearls,Cultured pearls - worked,HONG KONG,PARTNER,0.0,R,KGS,2026-08-20,Mar-2024  (R),gemstrategy_data/raw/import/71012200/71012200_2024_03.html
import,2024-03-01,2024,3,March,71012200,Cultured Pearls,Cultured pearls - worked,INDONESIA,PARTNER,0.0,R,KGS,2026-08-20,Mar-2024  (R),gemstrategy_data/raw/import/71012200/71012200_2024_03.html
import,2024-03-01,2024,3,March,71012200,Cultured Pearls,Cultured pearls - worked,ITALY,PARTNER,0.0,R,KGS,2026-08-20,Mar-2024  (R),gemstrategy_data/raw/import/71012200/71012200_2024_03.html
import,2024-03-01,2024,3,March,71012200,Cultured Pearls,Cultured pearls - worked,JAPAN,PARTNER,0.0,R,KGS,2026-08-20,Mar-2024  (R),gemstrategy_data/raw/import/71012200/71012200_2024_03.html
import,2024-03-01,2024,3,March,71012200,Cultured Pearls,Cultured pearls - worked,KOREA RP,PARTNER,0.0,R,KGS,2026-08-20,Mar-2024  (R),gemstrategy_data/raw/import/71012200/71012200_2024_03.html
import,2024-03-01,2024,3,March,71012200,Cultured Pearls,Cultured pearls - worked,LEBANON,PARTNER,0.0,R,KGS,2026-08-20,Mar-2024  (R),gemstrategy_data/raw/import/71012200/71012200_2024_03.html
import,2024-03-01,2024,3,March,71012200,Cultured Pearls,Cultured pearls - worked,SINGAPORE,PARTNER,0.0,R,KGS,2026-08-20,Mar-2024  (R),gemstrategy_data/raw/import/71012200/71012200_2024_03.html
import,2024-03-01,2024,3,March,71012200,Cultured Pearls,Cultured pearls - worked,SPAIN,PARTNER,0.0,R,KGS,2026-08-20,Mar-2024  (R),gemstrategy_data/raw/import/71012200/71012200_2024_03.html
import,2024-03-01,2024,3,March,71012200,Cultured Pearls,Cultured pearls - worked,THAILAND,PARTNER,0.0,R,KGS,2026-08-20,Mar-2024  (R),gemstrategy_data/raw/import/71012200/71012200_2024_03.html
import,2024-03-01,2024,3,March,71012200,Cultured Pearls,Cultured pearls - worked,U ARAB EMTS,PARTNER,0.0,R,KGS,2026-08-20,Mar-2024  (R),gemstrategy_data/raw/import/71012200/71012200_2024_03.html
import,2024-03-01,2024,3,March,71012200,Cultured Pearls,Cultured pearls - worked,U K,PARTNER,0.0,R,KGS,2026-08-20,Mar-2024  (R),gemstrategy_data/raw/import/71012200/71012200_2024_03.html
import,2024-03-01,2024,3,March,71012200,Cultured Pearls,Cultured pearls - worked,U S A,PARTNER,0.0,R,KGS,2026-08-20,Mar-2024  (R),gemstrategy_data/raw/import/71012200/71012200_2024_03.html
import,2024-03-01,2024,3,March,71012200,Cultured Pearls,Cultured pearls - worked,Total,TOTAL,1.65,R,KGS,2026-08-20,Mar-2024  (R),gemstrategy_data/raw/import/71012200/71012200_2024_03.html
import,2024-04-01,2024,4,April,71011010,Natural Pearls,Natural (real) pearls - unworked,HONG KONG,PARTNER,0.37,R,KGS,2026-08-20,Apr-2024  (R),gemstrategy_data/raw/import/71011010/71011010_2024_04.html
import,2024-04-01,2024,4,April,71011010,Natural Pearls,Natural (real) pearls - unworked,JAPAN,PARTNER,0.39,R,KGS,2026-08-20,Apr-2024  (R),gemstrategy_data/raw/import/71011010/71011010_2024_04.html
import,2024-04-01,2024,4,April,71011010,Natural Pearls,Natural (real) pearls - unworked,U S A,PARTNER,0.0,R,KGS,2026-08-20,Apr-2024  (R),gemstrategy_data/raw/import/71011010/71011010_2024_04.html
import,2024-04-01,2024,4,April,71011010,Natural Pearls,Natural (real) pearls - unworked,Total,TOTAL,0.76,R,KGS,2026-08-20,Apr-2024  (R),gemstrategy_data/raw/import/71011010/71011010_2024_04.html
import,2024-04-01,2024,4,April,71011020,Natural Pearls,Natural (real) pearls - worked,BELGIUM,PARTNER,0.0,R,KGS,2026-08-20,Apr-2024  (R),gemstrategy_data/raw/import/71011020/71011020_2024_04.html
import,2024-04-01,2024,4,April,71011020,Natural Pearls,Natural (real) pearls - worked,HONG KONG,PARTNER,0.01,R,KGS,2026-08-20,Apr-2024  (R),gemstrategy_data/raw/import/71011020/71011020_2024_04.html
import,2024-04-01,2024,4,April,71011020,Natural Pearls,Natural (real) pearls - worked,JAPAN,PARTNER,0.0,R,KGS,2026-08-20,Apr-2024  (R),gemstrategy_data/raw/import/71011020/71011020_2024_04.html
import,2024-04-01,2024,4,April,71011020,Natural Pearls,Natural (real) pearls - worked,KOREA RP,PARTNER,0.0,R,KGS,2026-08-20,Apr-2024  (R),gemstrategy_data/raw/import/71011020/71011020_2024_04.html
import,2024-04-01,2024,4,April,71011020,Natural Pearls,Natural (real) pearls - worked,U S A,PARTNER,0.01,R,KGS,2026-08-20,Apr-2024  (R),gemstrategy_data/raw/import/71011020/71011020_2024_04.html
import,2024-04-01,2024,4,April,71011020,Natural Pearls,Natural (real) pearls - worked,Total,TOTAL,0.02,R,KGS,2026-08-20,Apr-2024  (R),gemstrategy_data/raw/import/71011020/71011020_2024_04.html
import,2024-04-01,2024,4,April,71012100,Cultured Pearls,Cultured pearls - unworked,CHINA P RP,PARTNER,0.41,R,KGS,2026-08-20,Apr-2024  (R),gemstrategy_data/raw/import/71012100/71012100_2024_04.html
import,2024-04-01,2024,4,April,71012100,Cultured Pearls,Cultured pearls - unworked,HONG KONG,PARTNER,0.26,R,KGS,2026-08-20,Apr-2024  (R),gemstrategy_data/raw/import/71012100/71012100_2024_04.html
import,2024-04-01,2024,4,April,71012100,Cultured Pearls,Cultured pearls - unworked,JAPAN,PARTNER,0.54,R,KGS,2026-08-20,Apr-2024  (R),gemstrategy_data/raw/import/71012100/71012100_2024_04.html
import,2024-04-01,2024,4,April,71012100,Cultured Pearls,Cultured pearls - unworked,Total,TOTAL,1.22,R,KGS,2026-08-20,Apr-2024  (R),gemstrategy_data/raw/import/71012100/71012100_2024_04.html
import,2024-04-01,2024,4,April,71012200,Cultured Pearls,Cultured pearls - worked,CHINA P RP,PARTNER,0.18,R,KGS,2026-08-20,Apr-2024  (R),gemstrategy_data/raw/import/71012200/71012200_2024_04.html
import,2024-04-01,2024,4,April,71012200,Cultured Pearls,Cultured pearls - worked,FRANCE,PARTNER,0.01,R,KGS,2026-08-20,Apr-2024  (R),gemstrategy_data/raw/import/71012200/71012200_2024_04.html
import,2024-04-01,2024,4,April,71012200,Cultured Pearls,Cultured pearls - worked,HONG KONG,PARTNER,0.22,R,KGS,2026-08-20,Apr-2024  (R),gemstrategy_data/raw/import/71012200/71012200_2024_04.html
import,2024-04-01,2024,4,April,71012200,Cultured Pearls,Cultured pearls - worked,INDONESIA,PARTNER,0.0,R,KGS,2026-08-20,Apr-2024  (R),gemstrategy_data/raw/import/71012200/71012200_2024_04.html
import,2024-04-01,2024,4,April,71012200,Cultured Pearls,Cultured pearls - worked,JAPAN,PARTNER,0.23,R,KGS,2026-08-20,Apr-2024  (R),gemstrategy_data/raw/import/71012200/71012200_2024_04.html
import,2024-04-01,2024,4,April,71012200,Cultured Pearls,Cultured pearls - worked,THAILAND,PARTNER,0.04,R,KGS,2026-08-20,Apr-2024  (R),gemstrategy_data/raw/import/71012200/71012200_2024_04.html
import,2024-04-01,2024,4,April,71012200,Cultured Pearls,Cultured pearls - worked,U K,PARTNER,0.0,R,KGS,2026-08-20,Apr-2024  (R),gemstrategy_data/raw/import/71012200/71012200_2024_04.html
import,2024-04-01,2024,4,April,71012200,Cultured Pearls,Cultured pearls - worked,U S A,PARTNER,0.07,R,KGS,2026-08-20,Apr-2024  (R),gemstrategy_data/raw/import/71012200/71012200_2024_04.html
import,2024-04-01,2024,4,April,71012200,Cultured Pearls,Cultured pearls - worked,Total,TOTAL,0.75,R,KGS,2026-08-20,Apr-2024  (R),gemstrategy_data/raw/import/71012200/71012200_2024_04.html
import,2024-05-01,2024,5,May,71011010,Natural Pearls,Natural (real) pearls - unworked,FRANCE,PARTNER,0.0,R,KGS,2026-08-20,May-2024  (R),gemstrategy_data/raw/import/71011010/71011010_2024_05.html
import,2024-05-01,2024,5,May,71011010,Natural Pearls,Natural (real) pearls - unworked,HONG KONG,PARTNER,0.2,R,KGS,2026-08-20,May-2024  (R),gemstrategy_data/raw/import/71011010/71011010_2024_05.html
import,2024-05-01,2024,5,May,71011010,Natural Pearls,Natural (real) pearls - unworked,JAPAN,PARTNER,0.1,R,KGS,2026-08-20,May-2024  (R),gemstrategy_data/raw/import/71011010/71011010_2024_05.html
import,2024-05-01,2024,5,May,71011010,Natural Pearls,Natural (real) pearls - unworked,THAILAND,PARTNER,0.03,R,KGS,2026-08-20,May-2024  (R),gemstrategy_data/raw/import/71011010/71011010_2024_05.html
import,2024-05-01,2024,5,May,71011010,Natural Pearls,Natural (real) pearls - unworked,U S A,PARTNER,0.0,R,KGS,2026-08-20,May-2024  (R),gemstrategy_data/raw/import/71011010/71011010_2024_05.html
import,2024-05-01,2024,5,May,71011010,Natural Pearls,Natural (real) pearls - unworked,Total,TOTAL,0.33,R,KGS,2026-08-20,May-2024  (R),gemstrategy_data/raw/import/71011010/71011010_2024_05.html
import,2024-05-01,2024,5,May,71011020,Natural Pearls,Natural (real) pearls - worked,AUSTRALIA,PARTNER,0.0,R,KGS,2026-08-20,May-2024  (R),gemstrategy_data/raw/import/71011020/71011020_2024_05.html
import,2024-05-01,2024,5,May,71011020,Natural Pearls,Natural (real) pearls - worked,BELGIUM,PARTNER,0.0,R,KGS,2026-08-20,May-2024  (R),gemstrategy_data/raw/import/71011020/71011020_2024_05.html
import,2024-05-01,2024,5,May,71011020,Natural Pearls,Natural (real) pearls - worked,HONG KONG,PARTNER,0.0,R,KGS,2026-08-20,May-2024  (R),gemstrategy_data/raw/import/71011020/71011020_2024_05.html
import,2024-05-01,2024,5,May,71011020,Natural Pearls,Natural (real) pearls - worked,JAPAN,PARTNER,0.0,R,KGS,2026-08-20,May-2024  (R),gemstrategy_data/raw/import/71011020/71011020_2024_05.html
import,2024-05-01,2024,5,May,71011020,Natural Pearls,Natural (real) pearls - worked,KOREA RP,PARTNER,0.01,R,KGS,2026-08-20,May-2024  (R),gemstrategy_data/raw/import/71011020/71011020_2024_05.html
import,2024-05-01,2024,5,May,71011020,Natural Pearls,Natural (real) pearls - worked,SWITZERLAND,PARTNER,0.03,R,KGS,2026-08-20,May-2024  (R),gemstrategy_data/raw/import/71011020/71011020_2024_05.html
import,2024-05-01,2024,5,May,71011020,Natural Pearls,Natural (real) pearls - worked,U S A,PARTNER,0.0,R,KGS,2026-08-20,May-2024  (R),gemstrategy_data/raw/import/71011020/71011020_2024_05.html
import,2024-05-01,2024,5,May,71011020,Natural Pearls,Natural (real) pearls - worked,VIETNAM SOC REP,PARTNER,0.0,R,KGS,2026-08-20,May-2024  (R),gemstrategy_data/raw/import/71011020/71011020_2024_05.html
import,2024-05-01,2024,5,May,71011020,Natural Pearls,Natural (real) pearls - worked,Total,TOTAL,0.04,R,KGS,2026-08-20,May-2024  (R),gemstrategy_data/raw/import/71011020/71011020_2024_05.html
import,2024-05-01,2024,5,May,71012100,Cultured Pearls,Cultured pearls - unworked,CHINA P RP,PARTNER,0.11,R,KGS,2026-08-20,May-2024  (R),gemstrategy_data/raw/import/71012100/71012100_2024_05.html
import,2024-05-01,2024,5,May,71012100,Cultured Pearls,Cultured pearls - unworked,HONG KONG,PARTNER,0.15,R,KGS,2026-08-20,May-2024  (R),gemstrategy_data/raw/import/71012100/71012100_2024_05.html
import,2024-05-01,2024,5,May,71012100,Cultured Pearls,Cultured pearls - unworked,INDONESIA,PARTNER,0.0,R,KGS,2026-08-20,May-2024  (R),gemstrategy_data/raw/import/71012100/71012100_2024_05.html
import,2024-05-01,2024,5,May,71012100,Cultured Pearls,Cultured pearls - unworked,JAPAN,PARTNER,0.1,R,KGS,2026-08-20,May-2024  (R),gemstrategy_data/raw/import/71012100/71012100_2024_05.html
import,2024-05-01,2024,5,May,71012100,Cultured Pearls,Cultured pearls - unworked,Total,TOTAL,0.36,R,KGS,2026-08-20,May-2024  (R),gemstrategy_data/raw/import/71012100/71012100_2024_05.html
import,2024-05-01,2024,5,May,71012200,Cultured Pearls,Cultured pearls - worked,CHINA P RP,PARTNER,0.09,R,KGS,2026-08-20,May-2024  (R),gemstrategy_data/raw/import/71012200/71012200_2024_05.html
import,2024-05-01,2024,5,May,71012200,Cultured Pearls,Cultured pearls - worked,FRANCE,PARTNER,0.0,R,KGS,2026-08-20,May-2024  (R),gemstrategy_data/raw/import/71012200/71012200_2024_05.html
import,2024-05-01,2024,5,May,71012200,Cultured Pearls,Cultured pearls - worked,HONG KONG,PARTNER,0.18,R,KGS,2026-08-20,May-2024  (R),gemstrategy_data/raw/import/71012200/71012200_2024_05.html
import,2024-05-01,2024,5,May,71012200,Cultured Pearls,Cultured pearls - worked,INDONESIA,PARTNER,0.0,R,KGS,2026-08-20,May-2024  (R),gemstrategy_data/raw/import/71012200/71012200_2024_05.html
import,2024-05-01,2024,5,May,71012200,Cultured Pearls,Cultured pearls - worked,JAPAN,PARTNER,0.0,R,KGS,2026-08-20,May-2024  (R),gemstrategy_data/raw/import/71012200/71012200_2024_05.html
import,2024-05-01,2024,5,May,71012200,Cultured Pearls,Cultured pearls - worked,SINGAPORE,PARTNER,0.0,R,KGS,2026-08-20,May-2024  (R),gemstrategy_data/raw/import/71012200/71012200_2024_05.html
import,2024-05-01,2024,5,May,71012200,Cultured Pearls,Cultured pearls - worked,THAILAND,PARTNER,0.02,R,KGS,2026-08-20,May-2024  (R),gemstrategy_data/raw/import/71012200/71012200_2024_05.html
import,2024-05-01,2024,5,May,71012200,Cultured Pearls,Cultured pearls - worked,U K,PARTNER,0.0,R,KGS,2026-08-20,May-2024  (R),gemstrategy_data/raw/import/71012200/71012200_2024_05.html
import,2024-05-01,2024,5,May,71012200,Cultured Pearls,Cultured pearls - worked,U S A,PARTNER,0.14,R,KGS,2026-08-20,May-2024  (R),gemstrategy_data/raw/import/71012200/71012200_2024_05.html
import,2024-05-01,2024,5,May,71012200,Cultured Pearls,Cultured pearls - worked,Total,TOTAL,0.43,R,KGS,2026-08-20,May-2024  (R),gemstrategy_data/raw/import/71012200/71012200_2024_05.html
import,2024-06-01,2024,6,June,71011010,Natural Pearls,Natural (real) pearls - unworked,FRANCE,PARTNER,0.0,R,KGS,2026-08-20,Jun-2024  (R),gemstrategy_data/raw/import/71011010/71011010_2024_06.html
import,2024-06-01,2024,6,June,71011010,Natural Pearls,Natural (real) pearls - unworked,HONG KONG,PARTNER,0.42,R,KGS,2026-08-20,Jun-2024  (R),gemstrategy_data/raw/import/71011010/71011010_2024_06.html
import,2024-06-01,2024,6,June,71011010,Natural Pearls,Natural (real) pearls - unworked,JAPAN,PARTNER,0.27,R,KGS,2026-08-20,Jun-2024  (R),gemstrategy_data/raw/import/71011010/71011010_2024_06.html
import,2024-06-01,2024,6,June,71011010,Natural Pearls,Natural (real) pearls - unworked,SWITZERLAND,PARTNER,0.01,R,KGS,2026-08-20,Jun-2024  (R),gemstrategy_data/raw/import/71011010/71011010_2024_06.html
import,2024-06-01,2024,6,June,71011010,Natural Pearls,Natural (real) pearls - unworked,THAILAND,PARTNER,0.0,R,KGS,2026-08-20,Jun-2024  (R),gemstrategy_data/raw/import/71011010/71011010_2024_06.html
import,2024-06-01,2024,6,June,71011010,Natural Pearls,Natural (real) pearls - unworked,U S A,PARTNER,0.0,R,KGS,2026-08-20,Jun-2024  (R),gemstrategy_data/raw/import/71011010/71011010_2024_06.html
import,2024-06-01,2024,6,June,71011010,Natural Pearls,Natural (real) pearls - unworked,Total,TOTAL,0.69,R,KGS,2026-08-20,Jun-2024  (R),gemstrategy_data/raw/import/71011010/71011010_2024_06.html
import,2024-06-01,2024,6,June,71011020,Natural Pearls,Natural (real) pearls - worked,AUSTRALIA,PARTNER,0.0,R,KGS,2026-08-20,Jun-2024  (R),gemstrategy_data/raw/import/71011020/71011020_2024_06.html
import,2024-06-01,2024,6,June,71011020,Natural Pearls,Natural (real) pearls - worked,BELGIUM,PARTNER,0.0,R,KGS,2026-08-20,Jun-2024  (R),gemstrategy_data/raw/import/71011020/71011020_2024_06.html
import,2024-06-01,2024,6,June,71011020,Natural Pearls,Natural (real) pearls - worked,CHINA P RP,PARTNER,0.0,R,KGS,2026-08-20,Jun-2024  (R),gemstrategy_data/raw/import/71011020/71011020_2024_06.html
import,2024-06-01,2024,6,June,71011020,Natural Pearls,Natural (real) pearls - worked,HONG KONG,PARTNER,0.39,R,KGS,2026-08-20,Jun-2024  (R),gemstrategy_data/raw/import/71011020/71011020_2024_06.html
import,2024-06-01,2024,6,June,71011020,Natural Pearls,Natural (real) pearls - worked,JAPAN,PARTNER,0.0,R,KGS,2026-08-20,Jun-2024  (R),gemstrategy_data/raw/import/71011020/71011020_2024_06.html
import,2024-06-01,2024,6,June,71011020,Natural Pearls,Natural (real) pearls - worked,KOREA RP,PARTNER,0.0,R,KGS,2026-08-20,Jun-2024  (R),gemstrategy_data/raw/import/71011020/71011020_2024_06.html
import,2024-06-01,2024,6,June,71011020,Natural Pearls,Natural (real) pearls - worked,SWITZERLAND,PARTNER,0.15,R,KGS,2026-08-20,Jun-2024  (R),gemstrategy_data/raw/import/71011020/71011020_2024_06.html
import,2024-06-01,2024,6,June,71011020,Natural Pearls,Natural (real) pearls - worked,U S A,PARTNER,0.02,R,KGS,2026-08-20,Jun-2024  (R),gemstrategy_data/raw/import/71011020/71011020_2024_06.html
import,2024-06-01,2024,6,June,71011020,Natural Pearls,Natural (real) pearls - worked,VIETNAM SOC REP,PARTNER,0.0,R,KGS,2026-08-20,Jun-2024  (R),gemstrategy_data/raw/import/71011020/71011020_2024_06.html
import,2024-06-01,2024,6,June,71011020,Natural Pearls,Natural (real) pearls - worked,Total,TOTAL,0.56,R,KGS,2026-08-20,Jun-2024  (R),gemstrategy_data/raw/import/71011020/71011020_2024_06.html
import,2024-06-01,2024,6,June,71012100,Cultured Pearls,Cultured pearls - unworked,CHINA P RP,PARTNER,0.24,R,KGS,2026-08-20,Jun-2024  (R),gemstrategy_data/raw/import/71012100/71012100_2024_06.html
import,2024-06-01,2024,6,June,71012100,Cultured Pearls,Cultured pearls - unworked,HONG KONG,PARTNER,0.13,R,KGS,2026-08-20,Jun-2024  (R),gemstrategy_data/raw/import/71012100/71012100_2024_06.html
import,2024-06-01,2024,6,June,71012100,Cultured Pearls,Cultured pearls - unworked,INDONESIA,PARTNER,0.0,R,KGS,2026-08-20,Jun-2024  (R),gemstrategy_data/raw/import/71012100/71012100_2024_06.html
import,2024-06-01,2024,6,June,71012100,Cultured Pearls,Cultured pearls - unworked,JAPAN,PARTNER,0.2,R,KGS,2026-08-20,Jun-2024  (R),gemstrategy_data/raw/import/71012100/71012100_2024_06.html
import,2024-06-01,2024,6,June,71012100,Cultured Pearls,Cultured pearls - unworked,U S A,PARTNER,0.0,R,KGS,2026-08-20,Jun-2024  (R),gemstrategy_data/raw/import/71012100/71012100_2024_06.html
import,2024-06-01,2024,6,June,71012100,Cultured Pearls,Cultured pearls - unworked,Total,TOTAL,0.57,R,KGS,2026-08-20,Jun-2024  (R),gemstrategy_data/raw/import/71012100/71012100_2024_06.html
import,2024-06-01,2024,6,June,71012200,Cultured Pearls,Cultured pearls - worked,CHINA P RP,PARTNER,0.08,R,KGS,2026-08-20,Jun-2024  (R),gemstrategy_data/raw/import/71012200/71012200_2024_06.html
import,2024-06-01,2024,6,June,71012200,Cultured Pearls,Cultured pearls - worked,FRANCE,PARTNER,0.0,R,KGS,2026-08-20,Jun-2024  (R),gemstrategy_data/raw/import/71012200/71012200_2024_06.html
import,2024-06-01,2024,6,June,71012200,Cultured Pearls,Cultured pearls - worked,HONG KONG,PARTNER,0.37,R,KGS,2026-08-20,Jun-2024  (R),gemstrategy_data/raw/import/71012200/71012200_2024_06.html
import,2024-06-01,2024,6,June,71012200,Cultured Pearls,Cultured pearls - worked,INDONESIA,PARTNER,0.01,R,KGS,2026-08-20,Jun-2024  (R),gemstrategy_data/raw/import/71012200/71012200_2024_06.html
import,2024-06-01,2024,6,June,71012200,Cultured Pearls,Cultured pearls - worked,JAPAN,PARTNER,0.03,R,KGS,2026-08-20,Jun-2024  (R),gemstrategy_data/raw/import/71012200/71012200_2024_06.html
import,2024-06-01,2024,6,June,71012200,Cultured Pearls,Cultured pearls - worked,SINGAPORE,PARTNER,0.0,R,KGS,2026-08-20,Jun-2024  (R),gemstrategy_data/raw/import/71012200/71012200_2024_06.html
import,2024-06-01,2024,6,June,71012200,Cultured Pearls,Cultured pearls - worked,SPAIN,PARTNER,0.0,R,KGS,2026-08-20,Jun-2024  (R),gemstrategy_data/raw/import/71012200/71012200_2024_06.html
import,2024-06-01,2024,6,June,71012200,Cultured Pearls,Cultured pearls - worked,THAILAND,PARTNER,0.0,R,KGS,2026-08-20,Jun-2024  (R),gemstrategy_data/raw/import/71012200/71012200_2024_06.html
import,2024-06-01,2024,6,June,71012200,Cultured Pearls,Cultured pearls - worked,U K,PARTNER,0.0,R,KGS,2026-08-20,Jun-2024  (R),gemstrategy_data/raw/import/71012200/71012200_2024_06.html
import,2024-06-01,2024,6,June,71012200,Cultured Pearls,Cultured pearls - worked,U S A,PARTNER,0.05,R,KGS,2026-08-20,Jun-2024  (R),gemstrategy_data/raw/import/71012200/71012200_2024_06.html
import,2024-06-01,2024,6,June,71012200,Cultured Pearls,Cultured pearls - worked,Total,TOTAL,0.55,R,KGS,2026-08-20,Jun-2024  (R),gemstrategy_data/raw/import/71012200/71012200_2024_06.html
import,2024-07-01,2024,7,July,71011010,Natural Pearls,Natural (real) pearls - unworked,FRANCE,PARTNER,0.0,R,KGS,2026-08-20,Jul-2024  (R),gemstrategy_data/raw/import/71011010/71011010_2024_07.html
import,2024-07-01,2024,7,July,71011010,Natural Pearls,Natural (real) pearls - unworked,HONG KONG,PARTNER,0.6,R,KGS,2026-08-20,Jul-2024  (R),gemstrategy_data/raw/import/71011010/71011010_2024_07.html
import,2024-07-01,2024,7,July,71011010,Natural Pearls,Natural (real) pearls - unworked,JAPAN,PARTNER,0.13,R,KGS,2026-08-20,Jul-2024  (R),gemstrategy_data/raw/import/71011010/71011010_2024_07.html
import,2024-07-01,2024,7,July,71011010,Natural Pearls,Natural (real) pearls - unworked,SWITZERLAND,PARTNER,0.0,R,KGS,2026-08-20,Jul-2024  (R),gemstrategy_data/raw/import/71011010/71011010_2024_07.html
import,2024-07-01,2024,7,July,71011010,Natural Pearls,Natural (real) pearls - unworked,THAILAND,PARTNER,0.0,R,KGS,2026-08-20,Jul-2024  (R),gemstrategy_data/raw/import/71011010/71011010_2024_07.html
import,2024-07-01,2024,7,July,71011010,Natural Pearls,Natural (real) pearls - unworked,U S A,PARTNER,0.0,R,KGS,2026-08-20,Jul-2024  (R),gemstrategy_data/raw/import/71011010/71011010_2024_07.html
import,2024-07-01,2024,7,July,71011010,Natural Pearls,Natural (real) pearls - unworked,Total,TOTAL,0.72,R,KGS,2026-08-20,Jul-2024  (R),gemstrategy_data/raw/import/71011010/71011010_2024_07.html
import,2024-07-01,2024,7,July,71011020,Natural Pearls,Natural (real) pearls - worked,AUSTRALIA,PARTNER,0.0,R,KGS,2026-08-20,Jul-2024  (R),gemstrategy_data/raw/import/71011020/71011020_2024_07.html
import,2024-07-01,2024,7,July,71011020,Natural Pearls,Natural (real) pearls - worked,BELGIUM,PARTNER,0.0,R,KGS,2026-08-20,Jul-2024  (R),gemstrategy_data/raw/import/71011020/71011020_2024_07.html
import,2024-07-01,2024,7,July,71011020,Natural Pearls,Natural (real) pearls - worked,CHINA P RP,PARTNER,0.0,R,KGS,2026-08-20,Jul-2024  (R),gemstrategy_data/raw/import/71011020/71011020_2024_07.html
import,2024-07-01,2024,7,July,71011020,Natural Pearls,Natural (real) pearls - worked,HONG KONG,PARTNER,0.0,R,KGS,2026-08-20,Jul-2024  (R),gemstrategy_data/raw/import/71011020/71011020_2024_07.html
import,2024-07-01,2024,7,July,71011020,Natural Pearls,Natural (real) pearls - worked,JAPAN,PARTNER,0.0,R,KGS,2026-08-20,Jul-2024  (R),gemstrategy_data/raw/import/71011020/71011020_2024_07.html
import,2024-07-01,2024,7,July,71011020,Natural Pearls,Natural (real) pearls - worked,KOREA RP,PARTNER,0.0,R,KGS,2026-08-20,Jul-2024  (R),gemstrategy_data/raw/import/71011020/71011020_2024_07.html
import,2024-07-01,2024,7,July,71011020,Natural Pearls,Natural (real) pearls - worked,SWITZERLAND,PARTNER,0.0,R,KGS,2026-08-20,Jul-2024  (R),gemstrategy_data/raw/import/71011020/71011020_2024_07.html
import,2024-07-01,2024,7,July,71011020,Natural Pearls,Natural (real) pearls - worked,U K,PARTNER,0.0,R,KGS,2026-08-20,Jul-2024  (R),gemstrategy_data/raw/import/71011020/71011020_2024_07.html
import,2024-07-01,2024,7,July,71011020,Natural Pearls,Natural (real) pearls - worked,U S A,PARTNER,0.0,R,KGS,2026-08-20,Jul-2024  (R),gemstrategy_data/raw/import/71011020/71011020_2024_07.html
import,2024-07-01,2024,7,July,71011020,Natural Pearls,Natural (real) pearls - worked,VIETNAM SOC REP,PARTNER,0.0,R,KGS,2026-08-20,Jul-2024  (R),gemstrategy_data/raw/import/71011020/71011020_2024_07.html
import,2024-07-01,2024,7,July,71011020,Natural Pearls,Natural (real) pearls - worked,Total,TOTAL,0.0,R,KGS,2026-08-20,Jul-2024  (R),gemstrategy_data/raw/import/71011020/71011020_2024_07.html
import,2024-07-01,2024,7,July,71012100,Cultured Pearls,Cultured pearls - unworked,CHINA P RP,PARTNER,0.03,R,KGS,2026-08-20,Jul-2024  (R),gemstrategy_data/raw/import/71012100/71012100_2024_07.html
import,2024-07-01,2024,7,July,71012100,Cultured Pearls,Cultured pearls - unworked,HONG KONG,PARTNER,0.35,R,KGS,2026-08-20,Jul-2024  (R),gemstrategy_data/raw/import/71012100/71012100_2024_07.html
import,2024-07-01,2024,7,July,71012100,Cultured Pearls,Cultured pearls - unworked,INDONESIA,PARTNER,0.0,R,KGS,2026-08-20,Jul-2024  (R),gemstrategy_data/raw/import/71012100/71012100_2024_07.html
import,2024-07-01,2024,7,July,71012100,Cultured Pearls,Cultured pearls - unworked,JAPAN,PARTNER,0.09,R,KGS,2026-08-20,Jul-2024  (R),gemstrategy_data/raw/import/71012100/71012100_2024_07.html
import,2024-07-01,2024,7,July,71012100,Cultured Pearls,Cultured pearls - unworked,THAILAND,PARTNER,0.05,R,KGS,2026-08-20,Jul-2024  (R),gemstrategy_data/raw/import/71012100/71012100_2024_07.html
import,2024-07-01,2024,7,July,71012100,Cultured Pearls,Cultured pearls - unworked,U S A,PARTNER,0.0,R,KGS,2026-08-20,Jul-2024  (R),gemstrategy_data/raw/import/71012100/71012100_2024_07.html
import,2024-07-01,2024,7,July,71012100,Cultured Pearls,Cultured pearls - unworked,Total,TOTAL,0.51,R,KGS,2026-08-20,Jul-2024  (R),gemstrategy_data/raw/import/71012100/71012100_2024_07.html
import,2024-07-01,2024,7,July,71012200,Cultured Pearls,Cultured pearls - worked,AUSTRALIA,PARTNER,0.0,R,KGS,2026-08-20,Jul-2024  (R),gemstrategy_data/raw/import/71012200/71012200_2024_07.html
import,2024-07-01,2024,7,July,71012200,Cultured Pearls,Cultured pearls - worked,CHINA P RP,PARTNER,0.1,R,KGS,2026-08-20,Jul-2024  (R),gemstrategy_data/raw/import/71012200/71012200_2024_07.html
import,2024-07-01,2024,7,July,71012200,Cultured Pearls,Cultured pearls - worked,FRANCE,PARTNER,0.0,R,KGS,2026-08-20,Jul-2024  (R),gemstrategy_data/raw/import/71012200/71012200_2024_07.html
import,2024-07-01,2024,7,July,71012200,Cultured Pearls,Cultured pearls - worked,HONG KONG,PARTNER,0.52,R,KGS,2026-08-20,Jul-2024  (R),gemstrategy_data/raw/import/71012200/71012200_2024_07.html
import,2024-07-01,2024,7,July,71012200,Cultured Pearls,Cultured pearls - worked,INDONESIA,PARTNER,0.0,R,KGS,2026-08-20,Jul-2024  (R),gemstrategy_data/raw/import/71012200/71012200_2024_07.html
import,2024-07-01,2024,7,July,71012200,Cultured Pearls,Cultured pearls - worked,ITALY,PARTNER,0.0,R,KGS,2026-08-20,Jul-2024  (R),gemstrategy_data/raw/import/71012200/71012200_2024_07.html
import,2024-07-01,2024,7,July,71012200,Cultured Pearls,Cultured pearls - worked,JAPAN,PARTNER,0.05,R,KGS,2026-08-20,Jul-2024  (R),gemstrategy_data/raw/import/71012200/71012200_2024_07.html
import,2024-07-01,2024,7,July,71012200,Cultured Pearls,Cultured pearls - worked,SINGAPORE,PARTNER,0.0,R,KGS,2026-08-20,Jul-2024  (R),gemstrategy_data/raw/import/71012200/71012200_2024_07.html
import,2024-07-01,2024,7,July,71012200,Cultured Pearls,Cultured pearls - worked,SPAIN,PARTNER,0.0,R,KGS,2026-08-20,Jul-2024  (R),gemstrategy_data/raw/import/71012200/71012200_2024_07.html
import,2024-07-01,2024,7,July,71012200,Cultured Pearls,Cultured pearls - worked,THAILAND,PARTNER,0.04,R,KGS,2026-08-20,Jul-2024  (R),gemstrategy_data/raw/import/71012200/71012200_2024_07.html
import,2024-07-01,2024,7,July,71012200,Cultured Pearls,Cultured pearls - worked,U K,PARTNER,0.0,R,KGS,2026-08-20,Jul-2024  (R),gemstrategy_data/raw/import/71012200/71012200_2024_07.html
import,2024-07-01,2024,7,July,71012200,Cultured Pearls,Cultured pearls - worked,U S A,PARTNER,0.02,R,KGS,2026-08-20,Jul-2024  (R),gemstrategy_data/raw/import/71012200/71012200_2024_07.html
import,2024-07-01,2024,7,July,71012200,Cultured Pearls,Cultured pearls - worked,Total,TOTAL,0.73,R,KGS,2026-08-20,Jul-2024  (R),gemstrategy_data/raw/import/71012200/71012200_2024_07.html
import,2024-08-01,2024,8,August,71011010,Natural Pearls,Natural (real) pearls - unworked,FRANCE,PARTNER,0.0,R,KGS,2026-08-20,Aug-2024  (R),gemstrategy_data/raw/import/71011010/71011010_2024_08.html
import,2024-08-01,2024,8,August,71011010,Natural Pearls,Natural (real) pearls - unworked,HONG KONG,PARTNER,0.09,R,KGS,2026-08-20,Aug-2024  (R),gemstrategy_data/raw/import/71011010/71011010_2024_08.html
import,2024-08-01,2024,8,August,71011010,Natural Pearls,Natural (real) pearls - unworked,JAPAN,PARTNER,0.0,R,KGS,2026-08-20,Aug-2024  (R),gemstrategy_data/raw/import/71011010/71011010_2024_08.html
import,2024-08-01,2024,8,August,71011010,Natural Pearls,Natural (real) pearls - unworked,SWITZERLAND,PARTNER,0.0,R,KGS,2026-08-20,Aug-2024  (R),gemstrategy_data/raw/import/71011010/71011010_2024_08.html
import,2024-08-01,2024,8,August,71011010,Natural Pearls,Natural (real) pearls - unworked,THAILAND,PARTNER,0.0,R,KGS,2026-08-20,Aug-2024  (R),gemstrategy_data/raw/import/71011010/71011010_2024_08.html
import,2024-08-01,2024,8,August,71011010,Natural Pearls,Natural (real) pearls - unworked,U ARAB EMTS,PARTNER,0.1,R,KGS,2026-08-20,Aug-2024  (R),gemstrategy_data/raw/import/71011010/71011010_2024_08.html
import,2024-08-01,2024,8,August,71011010,Natural Pearls,Natural (real) pearls - unworked,U S A,PARTNER,0.0,R,KGS,2026-08-20,Aug-2024  (R),gemstrategy_data/raw/import/71011010/71011010_2024_08.html
import,2024-08-01,2024,8,August,71011010,Natural Pearls,Natural (real) pearls - unworked,Total,TOTAL,0.19,R,KGS,2026-08-20,Aug-2024  (R),gemstrategy_data/raw/import/71011010/71011010_2024_08.html
import,2024-08-01,2024,8,August,71011020,Natural Pearls,Natural (real) pearls - worked,AUSTRALIA,PARTNER,0.0,R,KGS,2026-08-20,Aug-2024  (R),gemstrategy_data/raw/import/71011020/71011020_2024_08.html
import,2024-08-01,2024,8,August,71011020,Natural Pearls,Natural (real) pearls - worked,BELGIUM,PARTNER,0.0,R,KGS,2026-08-20,Aug-2024  (R),gemstrategy_data/raw/import/71011020/71011020_2024_08.html
import,2024-08-01,2024,8,August,71011020,Natural Pearls,Natural (real) pearls - worked,CHINA P RP,PARTNER,0.02,R,KGS,2026-08-20,Aug-2024  (R),gemstrategy_data/raw/import/71011020/71011020_2024_08.html
import,2024-08-01,2024,8,August,71011020,Natural Pearls,Natural (real) pearls - worked,HONG KONG,PARTNER,0.01,R,KGS,2026-08-20,Aug-2024  (R),gemstrategy_data/raw/import/71011020/71011020_2024_08.html
import,2024-08-01,2024,8,August,71011020,Natural Pearls,Natural (real) pearls - worked,JAPAN,PARTNER,0.0,R,KGS,2026-08-20,Aug-2024  (R),gemstrategy_data/raw/import/71011020/71011020_2024_08.html
import,2024-08-01,2024,8,August,71011020,Natural Pearls,Natural (real) pearls - worked,KOREA RP,PARTNER,0.0,R,KGS,2026-08-20,Aug-2024  (R),gemstrategy_data/raw/import/71011020/71011020_2024_08.html
import,2024-08-01,2024,8,August,71011020,Natural Pearls,Natural (real) pearls - worked,SRI LANKA DSR,PARTNER,0.0,R,KGS,2026-08-20,Aug-2024  (R),gemstrategy_data/raw/import/71011020/71011020_2024_08.html
import,2024-08-01,2024,8,August,71011020,Natural Pearls,Natural (real) pearls - worked,SWITZERLAND,PARTNER,0.0,R,KGS,2026-08-20,Aug-2024  (R),gemstrategy_data/raw/import/71011020/71011020_2024_08.html
import,2024-08-01,2024,8,August,71011020,Natural Pearls,Natural (real) pearls - worked,U K,PARTNER,0.0,R,KGS,2026-08-20,Aug-2024  (R),gemstrategy_data/raw/import/71011020/71011020_2024_08.html
import,2024-08-01,2024,8,August,71011020,Natural Pearls,Natural (real) pearls - worked,U S A,PARTNER,0.0,R,KGS,2026-08-20,Aug-2024  (R),gemstrategy_data/raw/import/71011020/71011020_2024_08.html
import,2024-08-01,2024,8,August,71011020,Natural Pearls,Natural (real) pearls - worked,VIETNAM SOC REP,PARTNER,0.0,R,KGS,2026-08-20,Aug-2024  (R),gemstrategy_data/raw/import/71011020/71011020_2024_08.html
import,2024-08-01,2024,8,August,71011020,Natural Pearls,Natural (real) pearls - worked,Total,TOTAL,0.03,R,KGS,2026-08-20,Aug-2024  (R),gemstrategy_data/raw/import/71011020/71011020_2024_08.html
import,2024-08-01,2024,8,August,71012100,Cultured Pearls,Cultured pearls - unworked,CHINA P RP,PARTNER,0.53,R,KGS,2026-08-20,Aug-2024  (R),gemstrategy_data/raw/import/71012100/71012100_2024_08.html
import,2024-08-01,2024,8,August,71012100,Cultured Pearls,Cultured pearls - unworked,HONG KONG,PARTNER,0.85,R,KGS,2026-08-20,Aug-2024  (R),gemstrategy_data/raw/import/71012100/71012100_2024_08.html
import,2024-08-01,2024,8,August,71012100,Cultured Pearls,Cultured pearls - unworked,INDONESIA,PARTNER,0.0,R,KGS,2026-08-20,Aug-2024  (R),gemstrategy_data/raw/import/71012100/71012100_2024_08.html
import,2024-08-01,2024,8,August,71012100,Cultured Pearls,Cultured pearls - unworked,JAPAN,PARTNER,0.31,R,KGS,2026-08-20,Aug-2024  (R),gemstrategy_data/raw/import/71012100/71012100_2024_08.html
import,2024-08-01,2024,8,August,71012100,Cultured Pearls,Cultured pearls - unworked,THAILAND,PARTNER,0.01,R,KGS,2026-08-20,Aug-2024  (R),gemstrategy_data/raw/import/71012100/71012100_2024_08.html
import,2024-08-01,2024,8,August,71012100,Cultured Pearls,Cultured pearls - unworked,U S A,PARTNER,0.0,R,KGS,2026-08-20,Aug-2024  (R),gemstrategy_data/raw/import/71012100/71012100_2024_08.html
import,2024-08-01,2024,8,August,71012100,Cultured Pearls,Cultured pearls - unworked,Total,TOTAL,1.7,R,KGS,2026-08-20,Aug-2024  (R),gemstrategy_data/raw/import/71012100/71012100_2024_08.html
import,2024-08-01,2024,8,August,71012200,Cultured Pearls,Cultured pearls - worked,AUSTRALIA,PARTNER,0.0,R,KGS,2026-08-20,Aug-2024  (R),gemstrategy_data/raw/import/71012200/71012200_2024_08.html
import,2024-08-01,2024,8,August,71012200,Cultured Pearls,Cultured pearls - worked,CHINA P RP,PARTNER,0.15,R,KGS,2026-08-20,Aug-2024  (R),gemstrategy_data/raw/import/71012200/71012200_2024_08.html
import,2024-08-01,2024,8,August,71012200,Cultured Pearls,Cultured pearls - worked,FRANCE,PARTNER,0.0,R,KGS,2026-08-20,Aug-2024  (R),gemstrategy_data/raw/import/71012200/71012200_2024_08.html
import,2024-08-01,2024,8,August,71012200,Cultured Pearls,Cultured pearls - worked,HONG KONG,PARTNER,0.26,R,KGS,2026-08-20,Aug-2024  (R),gemstrategy_data/raw/import/71012200/71012200_2024_08.html
import,2024-08-01,2024,8,August,71012200,Cultured Pearls,Cultured pearls - worked,INDONESIA,PARTNER,0.01,R,KGS,2026-08-20,Aug-2024  (R),gemstrategy_data/raw/import/71012200/71012200_2024_08.html
import,2024-08-01,2024,8,August,71012200,Cultured Pearls,Cultured pearls - worked,ITALY,PARTNER,0.0,R,KGS,2026-08-20,Aug-2024  (R),gemstrategy_data/raw/import/71012200/71012200_2024_08.html
import,2024-08-01,2024,8,August,71012200,Cultured Pearls,Cultured pearls - worked,JAPAN,PARTNER,0.36,R,KGS,2026-08-20,Aug-2024  (R),gemstrategy_data/raw/import/71012200/71012200_2024_08.html
import,2024-08-01,2024,8,August,71012200,Cultured Pearls,Cultured pearls - worked,SINGAPORE,PARTNER,0.0,R,KGS,2026-08-20,Aug-2024  (R),gemstrategy_data/raw/import/71012200/71012200_2024_08.html
import,2024-08-01,2024,8,August,71012200,Cultured Pearls,Cultured pearls - worked,SPAIN,PARTNER,0.0,R,KGS,2026-08-20,Aug-2024  (R),gemstrategy_data/raw/import/71012200/71012200_2024_08.html
import,2024-08-01,2024,8,August,71012200,Cultured Pearls,Cultured pearls - worked,THAILAND,PARTNER,0.0,R,KGS,2026-08-20,Aug-2024  (R),gemstrategy_data/raw/import/71012200/71012200_2024_08.html
import,2024-08-01,2024,8,August,71012200,Cultured Pearls,Cultured pearls - worked,U ARAB EMTS,PARTNER,0.0,R,KGS,2026-08-20,Aug-2024  (R),gemstrategy_data/raw/import/71012200/71012200_2024_08.html
import,2024-08-01,2024,8,August,71012200,Cultured Pearls,Cultured pearls - worked,U K,PARTNER,0.0,R,KGS,2026-08-20,Aug-2024  (R),gemstrategy_data/raw/import/71012200/71012200_2024_08.html
import,2024-08-01,2024,8,August,71012200,Cultured Pearls,Cultured pearls - worked,U S A,PARTNER,0.09,R,KGS,2026-08-20,Aug-2024  (R),gemstrategy_data/raw/import/71012200/71012200_2024_08.html
import,2024-08-01,2024,8,August,71012200,Cultured Pearls,Cultured pearls - worked,Total,TOTAL,0.88,R,KGS,2026-08-20,Aug-2024  (R),gemstrategy_data/raw/import/71012200/71012200_2024_08.html
import,2024-09-01,2024,9,September,71011010,Natural Pearls,Natural (real) pearls - unworked,FRANCE,PARTNER,0.0,R,KGS,2026-08-20,Sep-2024  (R),gemstrategy_data/raw/import/71011010/71011010_2024_09.html
import,2024-09-01,2024,9,September,71011010,Natural Pearls,Natural (real) pearls - unworked,HONG KONG,PARTNER,0.02,R,KGS,2026-08-20,Sep-2024  (R),gemstrategy_data/raw/import/71011010/71011010_2024_09.html
import,2024-09-01,2024,9,September,71011010,Natural Pearls,Natural (real) pearls - unworked,JAPAN,PARTNER,0.07,R,KGS,2026-08-20,Sep-2024  (R),gemstrategy_data/raw/import/71011010/71011010_2024_09.html
import,2024-09-01,2024,9,September,71011010,Natural Pearls,Natural (real) pearls - unworked,SWITZERLAND,PARTNER,0.0,R,KGS,2026-08-20,Sep-2024  (R),gemstrategy_data/raw/import/71011010/71011010_2024_09.html
import,2024-09-01,2024,9,September,71011010,Natural Pearls,Natural (real) pearls - unworked,THAILAND,PARTNER,0.0,R,KGS,2026-08-20,Sep-2024  (R),gemstrategy_data/raw/import/71011010/71011010_2024_09.html
import,2024-09-01,2024,9,September,71011010,Natural Pearls,Natural (real) pearls - unworked,U ARAB EMTS,PARTNER,0.0,R,KGS,2026-08-20,Sep-2024  (R),gemstrategy_data/raw/import/71011010/71011010_2024_09.html
import,2024-09-01,2024,9,September,71011010,Natural Pearls,Natural (real) pearls - unworked,U S A,PARTNER,0.0,R,KGS,2026-08-20,Sep-2024  (R),gemstrategy_data/raw/import/71011010/71011010_2024_09.html
import,2024-09-01,2024,9,September,71011010,Natural Pearls,Natural (real) pearls - unworked,Total,TOTAL,0.09,R,KGS,2026-08-20,Sep-2024  (R),gemstrategy_data/raw/import/71011010/71011010_2024_09.html
import,2024-09-01,2024,9,September,71011020,Natural Pearls,Natural (real) pearls - worked,AUSTRALIA,PARTNER,0.0,R,KGS,2026-08-20,Sep-2024  (R),gemstrategy_data/raw/import/71011020/71011020_2024_09.html
import,2024-09-01,2024,9,September,71011020,Natural Pearls,Natural (real) pearls - worked,BELGIUM,PARTNER,0.0,R,KGS,2026-08-20,Sep-2024  (R),gemstrategy_data/raw/import/71011020/71011020_2024_09.html
import,2024-09-01,2024,9,September,71011020,Natural Pearls,Natural (real) pearls - worked,CHINA P RP,PARTNER,0.0,R,KGS,2026-08-20,Sep-2024  (R),gemstrategy_data/raw/import/71011020/71011020_2024_09.html
import,2024-09-01,2024,9,September,71011020,Natural Pearls,Natural (real) pearls - worked,HONG KONG,PARTNER,0.71,R,KGS,2026-08-20,Sep-2024  (R),gemstrategy_data/raw/import/71011020/71011020_2024_09.html
import,2024-09-01,2024,9,September,71011020,Natural Pearls,Natural (real) pearls - worked,JAPAN,PARTNER,0.0,R,KGS,2026-08-20,Sep-2024  (R),gemstrategy_data/raw/import/71011020/71011020_2024_09.html
import,2024-09-01,2024,9,September,71011020,Natural Pearls,Natural (real) pearls - worked,KOREA RP,PARTNER,0.0,R,KGS,2026-08-20,Sep-2024  (R),gemstrategy_data/raw/import/71011020/71011020_2024_09.html
import,2024-09-01,2024,9,September,71011020,Natural Pearls,Natural (real) pearls - worked,SRI LANKA DSR,PARTNER,0.0,R,KGS,2026-08-20,Sep-2024  (R),gemstrategy_data/raw/import/71011020/71011020_2024_09.html
import,2024-09-01,2024,9,September,71011020,Natural Pearls,Natural (real) pearls - worked,SWITZERLAND,PARTNER,0.01,R,KGS,2026-08-20,Sep-2024  (R),gemstrategy_data/raw/import/71011020/71011020_2024_09.html
import,2024-09-01,2024,9,September,71011020,Natural Pearls,Natural (real) pearls - worked,U K,PARTNER,0.0,R,KGS,2026-08-20,Sep-2024  (R),gemstrategy_data/raw/import/71011020/71011020_2024_09.html
import,2024-09-01,2024,9,September,71011020,Natural Pearls,Natural (real) pearls - worked,U S A,PARTNER,0.0,R,KGS,2026-08-20,Sep-2024  (R),gemstrategy_data/raw/import/71011020/71011020_2024_09.html
import,2024-09-01,2024,9,September,71011020,Natural Pearls,Natural (real) pearls - worked,VIETNAM SOC REP,PARTNER,0.0,R,KGS,2026-08-20,Sep-2024  (R),gemstrategy_data/raw/import/71011020/71011020_2024_09.html
import,2024-09-01,2024,9,September,71011020,Natural Pearls,Natural (real) pearls - worked,Total,TOTAL,0.73,R,KGS,2026-08-20,Sep-2024  (R),gemstrategy_data/raw/import/71011020/71011020_2024_09.html
import,2024-09-01,2024,9,September,71012100,Cultured Pearls,Cultured pearls - unworked,CHINA P RP,PARTNER,0.82,R,KGS,2026-08-20,Sep-2024  (R),gemstrategy_data/raw/import/71012100/71012100_2024_09.html
import,2024-09-01,2024,9,September,71012100,Cultured Pearls,Cultured pearls - unworked,HONG KONG,PARTNER,1.05,R,KGS,2026-08-20,Sep-2024  (R),gemstrategy_data/raw/import/71012100/71012100_2024_09.html
import,2024-09-01,2024,9,September,71012100,Cultured Pearls,Cultured pearls - unworked,INDONESIA,PARTNER,0.0,R,KGS,2026-08-20,Sep-2024  (R),gemstrategy_data/raw/import/71012100/71012100_2024_09.html
import,2024-09-01,2024,9,September,71012100,Cultured Pearls,Cultured pearls - unworked,JAPAN,PARTNER,0.0,R,KGS,2026-08-20,Sep-2024  (R),gemstrategy_data/raw/import/71012100/71012100_2024_09.html
import,2024-09-01,2024,9,September,71012100,Cultured Pearls,Cultured pearls - unworked,THAILAND,PARTNER,0.01,R,KGS,2026-08-20,Sep-2024  (R),gemstrategy_data/raw/import/71012100/71012100_2024_09.html
import,2024-09-01,2024,9,September,71012100,Cultured Pearls,Cultured pearls - unworked,U S A,PARTNER,0.0,R,KGS,2026-08-20,Sep-2024  (R),gemstrategy_data/raw/import/71012100/71012100_2024_09.html
import,2024-09-01,2024,9,September,71012100,Cultured Pearls,Cultured pearls - unworked,Total,TOTAL,1.88,R,KGS,2026-08-20,Sep-2024  (R),gemstrategy_data/raw/import/71012100/71012100_2024_09.html
import,2024-09-01,2024,9,September,71012200,Cultured Pearls,Cultured pearls - worked,AUSTRALIA,PARTNER,0.0,R,KGS,2026-08-20,Sep-2024  (R),gemstrategy_data/raw/import/71012200/71012200_2024_09.html
import,2024-09-01,2024,9,September,71012200,Cultured Pearls,Cultured pearls - worked,CHINA P RP,PARTNER,0.03,R,KGS,2026-08-20,Sep-2024  (R),gemstrategy_data/raw/import/71012200/71012200_2024_09.html
import,2024-09-01,2024,9,September,71012200,Cultured Pearls,Cultured pearls - worked,FRANCE,PARTNER,0.0,R,KGS,2026-08-20,Sep-2024  (R),gemstrategy_data/raw/import/71012200/71012200_2024_09.html
import,2024-09-01,2024,9,September,71012200,Cultured Pearls,Cultured pearls - worked,HONG KONG,PARTNER,1.17,R,KGS,2026-08-20,Sep-2024  (R),gemstrategy_data/raw/import/71012200/71012200_2024_09.html
import,2024-09-01,2024,9,September,71012200,Cultured Pearls,Cultured pearls - worked,INDONESIA,PARTNER,0.01,R,KGS,2026-08-20,Sep-2024  (R),gemstrategy_data/raw/import/71012200/71012200_2024_09.html
import,2024-09-01,2024,9,September,71012200,Cultured Pearls,Cultured pearls - worked,ITALY,PARTNER,0.0,R,KGS,2026-08-20,Sep-2024  (R),gemstrategy_data/raw/import/71012200/71012200_2024_09.html
import,2024-09-01,2024,9,September,71012200,Cultured Pearls,Cultured pearls - worked,JAPAN,PARTNER,0.07,R,KGS,2026-08-20,Sep-2024  (R),gemstrategy_data/raw/import/71012200/71012200_2024_09.html
import,2024-09-01,2024,9,September,71012200,Cultured Pearls,Cultured pearls - worked,SINGAPORE,PARTNER,0.0,R,KGS,2026-08-20,Sep-2024  (R),gemstrategy_data/raw/import/71012200/71012200_2024_09.html
import,2024-09-01,2024,9,September,71012200,Cultured Pearls,Cultured pearls - worked,SPAIN,PARTNER,0.0,R,KGS,2026-08-20,Sep-2024  (R),gemstrategy_data/raw/import/71012200/71012200_2024_09.html
import,2024-09-01,2024,9,September,71012200,Cultured Pearls,Cultured pearls - worked,THAILAND,PARTNER,0.0,R,KGS,2026-08-20,Sep-2024  (R),gemstrategy_data/raw/import/71012200/71012200_2024_09.html
import,2024-09-01,2024,9,September,71012200,Cultured Pearls,Cultured pearls - worked,U ARAB EMTS,PARTNER,0.0,R,KGS,2026-08-20,Sep-2024  (R),gemstrategy_data/raw/import/71012200/71012200_2024_09.html
import,2024-09-01,2024,9,September,71012200,Cultured Pearls,Cultured pearls - worked,U K,PARTNER,0.01,R,KGS,2026-08-20,Sep-2024  (R),gemstrategy_data/raw/import/71012200/71012200_2024_09.html
import,2024-09-01,2024,9,September,71012200,Cultured Pearls,Cultured pearls - worked,U S A,PARTNER,0.02,R,KGS,2026-08-20,Sep-2024  (R),gemstrategy_data/raw/import/71012200/71012200_2024_09.html
import,2024-09-01,2024,9,September,71012200,Cultured Pearls,Cultured pearls - worked,Total,TOTAL,1.32,R,KGS,2026-08-20,Sep-2024  (R),gemstrategy_data/raw/import/71012200/71012200_2024_09.html
import,2024-10-01,2024,10,October,71011010,Natural Pearls,Natural (real) pearls - unworked,FRANCE,PARTNER,0.0,R,KGS,2026-08-20,Oct-2024  (R),gemstrategy_data/raw/import/71011010/71011010_2024_10.html
import,2024-10-01,2024,10,October,71011010,Natural Pearls,Natural (real) pearls - unworked,HONG KONG,PARTNER,0.37,R,KGS,2026-08-20,Oct-2024  (R),gemstrategy_data/raw/import/71011010/71011010_2024_10.html
import,2024-10-01,2024,10,October,71011010,Natural Pearls,Natural (real) pearls - unworked,JAPAN,PARTNER,0.14,R,KGS,2026-08-20,Oct-2024  (R),gemstrategy_data/raw/import/71011010/71011010_2024_10.html
import,2024-10-01,2024,10,October,71011010,Natural Pearls,Natural (real) pearls - unworked,SWITZERLAND,PARTNER,0.0,R,KGS,2026-08-20,Oct-2024  (R),gemstrategy_data/raw/import/71011010/71011010_2024_10.html
import,2024-10-01,2024,10,October,71011010,Natural Pearls,Natural (real) pearls - unworked,THAILAND,PARTNER,0.0,R,KGS,2026-08-20,Oct-2024  (R),gemstrategy_data/raw/import/71011010/71011010_2024_10.html
import,2024-10-01,2024,10,October,71011010,Natural Pearls,Natural (real) pearls - unworked,U ARAB EMTS,PARTNER,0.0,R,KGS,2026-08-20,Oct-2024  (R),gemstrategy_data/raw/import/71011010/71011010_2024_10.html
import,2024-10-01,2024,10,October,71011010,Natural Pearls,Natural (real) pearls - unworked,U S A,PARTNER,0.0,R,KGS,2026-08-20,Oct-2024  (R),gemstrategy_data/raw/import/71011010/71011010_2024_10.html
import,2024-10-01,2024,10,October,71011010,Natural Pearls,Natural (real) pearls - unworked,Total,TOTAL,0.52,R,KGS,2026-08-20,Oct-2024  (R),gemstrategy_data/raw/import/71011010/71011010_2024_10.html
import,2024-10-01,2024,10,October,71011020,Natural Pearls,Natural (real) pearls - worked,AUSTRALIA,PARTNER,0.0,R,KGS,2026-08-20,Oct-2024  (R),gemstrategy_data/raw/import/71011020/71011020_2024_10.html
import,2024-10-01,2024,10,October,71011020,Natural Pearls,Natural (real) pearls - worked,BELGIUM,PARTNER,0.0,R,KGS,2026-08-20,Oct-2024  (R),gemstrategy_data/raw/import/71011020/71011020_2024_10.html
import,2024-10-01,2024,10,October,71011020,Natural Pearls,Natural (real) pearls - worked,CHINA P RP,PARTNER,0.0,R,KGS,2026-08-20,Oct-2024  (R),gemstrategy_data/raw/import/71011020/71011020_2024_10.html
import,2024-10-01,2024,10,October,71011020,Natural Pearls,Natural (real) pearls - worked,HONG KONG,PARTNER,0.13,R,KGS,2026-08-20,Oct-2024  (R),gemstrategy_data/raw/import/71011020/71011020_2024_10.html
import,2024-10-01,2024,10,October,71011020,Natural Pearls,Natural (real) pearls - worked,JAPAN,PARTNER,0.0,R,KGS,2026-08-20,Oct-2024  (R),gemstrategy_data/raw/import/71011020/71011020_2024_10.html
import,2024-10-01,2024,10,October,71011020,Natural Pearls,Natural (real) pearls - worked,KOREA RP,PARTNER,0.0,R,KGS,2026-08-20,Oct-2024  (R),gemstrategy_data/raw/import/71011020/71011020_2024_10.html
import,2024-10-01,2024,10,October,71011020,Natural Pearls,Natural (real) pearls - worked,SRI LANKA DSR,PARTNER,0.0,R,KGS,2026-08-20,Oct-2024  (R),gemstrategy_data/raw/import/71011020/71011020_2024_10.html
import,2024-10-01,2024,10,October,71011020,Natural Pearls,Natural (real) pearls - worked,SWITZERLAND,PARTNER,0.0,R,KGS,2026-08-20,Oct-2024  (R),gemstrategy_data/raw/import/71011020/71011020_2024_10.html
import,2024-10-01,2024,10,October,71011020,Natural Pearls,Natural (real) pearls - worked,U K,PARTNER,0.0,R,KGS,2026-08-20,Oct-2024  (R),gemstrategy_data/raw/import/71011020/71011020_2024_10.html
import,2024-10-01,2024,10,October,71011020,Natural Pearls,Natural (real) pearls - worked,U S A,PARTNER,0.0,R,KGS,2026-08-20,Oct-2024  (R),gemstrategy_data/raw/import/71011020/71011020_2024_10.html
import,2024-10-01,2024,10,October,71011020,Natural Pearls,Natural (real) pearls - worked,VIETNAM SOC REP,PARTNER,0.0,R,KGS,2026-08-20,Oct-2024  (R),gemstrategy_data/raw/import/71011020/71011020_2024_10.html
import,2024-10-01,2024,10,October,71011020,Natural Pearls,Natural (real) pearls - worked,Total,TOTAL,0.13,R,KGS,2026-08-20,Oct-2024  (R),gemstrategy_data/raw/import/71011020/71011020_2024_10.html
import,2024-10-01,2024,10,October,71012100,Cultured Pearls,Cultured pearls - unworked,CHINA P RP,PARTNER,1.29,R,KGS,2026-08-20,Oct-2024  (R),gemstrategy_data/raw/import/71012100/71012100_2024_10.html
import,2024-10-01,2024,10,October,71012100,Cultured Pearls,Cultured pearls - unworked,HONG KONG,PARTNER,1.05,R,KGS,2026-08-20,Oct-2024  (R),gemstrategy_data/raw/import/71012100/71012100_2024_10.html
import,2024-10-01,2024,10,October,71012100,Cultured Pearls,Cultured pearls - unworked,INDONESIA,PARTNER,0.03,R,KGS,2026-08-20,Oct-2024  (R),gemstrategy_data/raw/import/71012100/71012100_2024_10.html
import,2024-10-01,2024,10,October,71012100,Cultured Pearls,Cultured pearls - unworked,JAPAN,PARTNER,0.09,R,KGS,2026-08-20,Oct-2024  (R),gemstrategy_data/raw/import/71012100/71012100_2024_10.html
import,2024-10-01,2024,10,October,71012100,Cultured Pearls,Cultured pearls - unworked,THAILAND,PARTNER,0.0,R,KGS,2026-08-20,Oct-2024  (R),gemstrategy_data/raw/import/71012100/71012100_2024_10.html
import,2024-10-01,2024,10,October,71012100,Cultured Pearls,Cultured pearls - unworked,U S A,PARTNER,0.0,R,KGS,2026-08-20,Oct-2024  (R),gemstrategy_data/raw/import/71012100/71012100_2024_10.html
import,2024-10-01,2024,10,October,71012100,Cultured Pearls,Cultured pearls - unworked,Total,TOTAL,2.46,R,KGS,2026-08-20,Oct-2024  (R),gemstrategy_data/raw/import/71012100/71012100_2024_10.html
import,2024-10-01,2024,10,October,71012200,Cultured Pearls,Cultured pearls - worked,AUSTRALIA,PARTNER,0.0,R,KGS,2026-08-20,Oct-2024  (R),gemstrategy_data/raw/import/71012200/71012200_2024_10.html
import,2024-10-01,2024,10,October,71012200,Cultured Pearls,Cultured pearls - worked,CANADA,PARTNER,0.0,R,KGS,2026-08-20,Oct-2024  (R),gemstrategy_data/raw/import/71012200/71012200_2024_10.html
import,2024-10-01,2024,10,October,71012200,Cultured Pearls,Cultured pearls - worked,CHINA P RP,PARTNER,0.06,R,KGS,2026-08-20,Oct-2024  (R),gemstrategy_data/raw/import/71012200/71012200_2024_10.html
import,2024-10-01,2024,10,October,71012200,Cultured Pearls,Cultured pearls - worked,FRANCE,PARTNER,0.0,R,KGS,2026-08-20,Oct-2024  (R),gemstrategy_data/raw/import/71012200/71012200_2024_10.html
import,2024-10-01,2024,10,October,71012200,Cultured Pearls,Cultured pearls - worked,HONG KONG,PARTNER,1.33,R,KGS,2026-08-20,Oct-2024  (R),gemstrategy_data/raw/import/71012200/71012200_2024_10.html
import,2024-10-01,2024,10,October,71012200,Cultured Pearls,Cultured pearls - worked,INDONESIA,PARTNER,0.01,R,KGS,2026-08-20,Oct-2024  (R),gemstrategy_data/raw/import/71012200/71012200_2024_10.html
import,2024-10-01,2024,10,October,71012200,Cultured Pearls,Cultured pearls - worked,ITALY,PARTNER,0.0,R,KGS,2026-08-20,Oct-2024  (R),gemstrategy_data/raw/import/71012200/71012200_2024_10.html
import,2024-10-01,2024,10,October,71012200,Cultured Pearls,Cultured pearls - worked,JAPAN,PARTNER,0.2,R,KGS,2026-08-20,Oct-2024  (R),gemstrategy_data/raw/import/71012200/71012200_2024_10.html
import,2024-10-01,2024,10,October,71012200,Cultured Pearls,Cultured pearls - worked,MEXICO,PARTNER,0.0,R,KGS,2026-08-20,Oct-2024  (R),gemstrategy_data/raw/import/71012200/71012200_2024_10.html
import,2024-10-01,2024,10,October,71012200,Cultured Pearls,Cultured pearls - worked,SINGAPORE,PARTNER,0.0,R,KGS,2026-08-20,Oct-2024  (R),gemstrategy_data/raw/import/71012200/71012200_2024_10.html
import,2024-10-01,2024,10,October,71012200,Cultured Pearls,Cultured pearls - worked,SPAIN,PARTNER,0.0,R,KGS,2026-08-20,Oct-2024  (R),gemstrategy_data/raw/import/71012200/71012200_2024_10.html
import,2024-10-01,2024,10,October,71012200,Cultured Pearls,Cultured pearls - worked,THAILAND,PARTNER,0.0,R,KGS,2026-08-20,Oct-2024  (R),gemstrategy_data/raw/import/71012200/71012200_2024_10.html
import,2024-10-01,2024,10,October,71012200,Cultured Pearls,Cultured pearls - worked,U ARAB EMTS,PARTNER,0.0,R,KGS,2026-08-20,Oct-2024  (R),gemstrategy_data/raw/import/71012200/71012200_2024_10.html
import,2024-10-01,2024,10,October,71012200,Cultured Pearls,Cultured pearls - worked,U K,PARTNER,0.0,R,KGS,2026-08-20,Oct-2024  (R),gemstrategy_data/raw/import/71012200/71012200_2024_10.html
import,2024-10-01,2024,10,October,71012200,Cultured Pearls,Cultured pearls - worked,U S A,PARTNER,0.02,R,KGS,2026-08-20,Oct-2024  (R),gemstrategy_data/raw/import/71012200/71012200_2024_10.html
import,2024-10-01,2024,10,October,71012200,Cultured Pearls,Cultured pearls - worked,Total,TOTAL,1.61,R,KGS,2026-08-20,Oct-2024  (R),gemstrategy_data/raw/import/71012200/71012200_2024_10.html
import,2024-11-01,2024,11,November,71011010,Natural Pearls,Natural (real) pearls - unworked,CHINA P RP,PARTNER,0.01,R,KGS,2026-08-20,Nov-2024  (R),gemstrategy_data/raw/import/71011010/71011010_2024_11.html
import,2024-11-01,2024,11,November,71011010,Natural Pearls,Natural (real) pearls - unworked,FRANCE,PARTNER,0.0,R,KGS,2026-08-20,Nov-2024  (R),gemstrategy_data/raw/import/71011010/71011010_2024_11.html
import,2024-11-01,2024,11,November,71011010,Natural Pearls,Natural (real) pearls - unworked,HONG KONG,PARTNER,0.0,R,KGS,2026-08-20,Nov-2024  (R),gemstrategy_data/raw/import/71011010/71011010_2024_11.html
import,2024-11-01,2024,11,November,71011010,Natural Pearls,Natural (real) pearls - unworked,JAPAN,PARTNER,0.0,R,KGS,2026-08-20,Nov-2024  (R),gemstrategy_data/raw/import/71011010/71011010_2024_11.html
import,2024-11-01,2024,11,November,71011010,Natural Pearls,Natural (real) pearls - unworked,SWITZERLAND,PARTNER,0.0,R,KGS,2026-08-20,Nov-2024  (R),gemstrategy_data/raw/import/71011010/71011010_2024_11.html
import,2024-11-01,2024,11,November,71011010,Natural Pearls,Natural (real) pearls - unworked,THAILAND,PARTNER,0.0,R,KGS,2026-08-20,Nov-2024  (R),gemstrategy_data/raw/import/71011010/71011010_2024_11.html
import,2024-11-01,2024,11,November,71011010,Natural Pearls,Natural (real) pearls - unworked,U ARAB EMTS,PARTNER,0.0,R,KGS,2026-08-20,Nov-2024  (R),gemstrategy_data/raw/import/71011010/71011010_2024_11.html
import,2024-11-01,2024,11,November,71011010,Natural Pearls,Natural (real) pearls - unworked,U S A,PARTNER,0.0,R,KGS,2026-08-20,Nov-2024  (R),gemstrategy_data/raw/import/71011010/71011010_2024_11.html
import,2024-11-01,2024,11,November,71011010,Natural Pearls,Natural (real) pearls - unworked,Total,TOTAL,0.01,R,KGS,2026-08-20,Nov-2024  (R),gemstrategy_data/raw/import/71011010/71011010_2024_11.html
import,2024-11-01,2024,11,November,71011020,Natural Pearls,Natural (real) pearls - worked,AUSTRALIA,PARTNER,0.0,R,KGS,2026-08-20,Nov-2024  (R),gemstrategy_data/raw/import/71011020/71011020_2024_11.html
import,2024-11-01,2024,11,November,71011020,Natural Pearls,Natural (real) pearls - worked,BELGIUM,PARTNER,0.0,R,KGS,2026-08-20,Nov-2024  (R),gemstrategy_data/raw/import/71011020/71011020_2024_11.html
import,2024-11-01,2024,11,November,71011020,Natural Pearls,Natural (real) pearls - worked,CHINA P RP,PARTNER,0.0,R,KGS,2026-08-20,Nov-2024  (R),gemstrategy_data/raw/import/71011020/71011020_2024_11.html
import,2024-11-01,2024,11,November,71011020,Natural Pearls,Natural (real) pearls - worked,GERMANY,PARTNER,0.04,R,KGS,2026-08-20,Nov-2024  (R),gemstrategy_data/raw/import/71011020/71011020_2024_11.html
import,2024-11-01,2024,11,November,71011020,Natural Pearls,Natural (real) pearls - worked,HONG KONG,PARTNER,0.0,R,KGS,2026-08-20,Nov-2024  (R),gemstrategy_data/raw/import/71011020/71011020_2024_11.html
import,2024-11-01,2024,11,November,71011020,Natural Pearls,Natural (real) pearls - worked,JAPAN,PARTNER,0.0,R,KGS,2026-08-20,Nov-2024  (R),gemstrategy_data/raw/import/71011020/71011020_2024_11.html
import,2024-11-01,2024,11,November,71011020,Natural Pearls,Natural (real) pearls - worked,KOREA RP,PARTNER,0.0,R,KGS,2026-08-20,Nov-2024  (R),gemstrategy_data/raw/import/71011020/71011020_2024_11.html
import,2024-11-01,2024,11,November,71011020,Natural Pearls,Natural (real) pearls - worked,QATAR,PARTNER,0.03,R,KGS,2026-08-20,Nov-2024  (R),gemstrategy_data/raw/import/71011020/71011020_2024_11.html
import,2024-11-01,2024,11,November,71011020,Natural Pearls,Natural (real) pearls - worked,SRI LANKA DSR,PARTNER,0.0,R,KGS,2026-08-20,Nov-2024  (R),gemstrategy_data/raw/import/71011020/71011020_2024_11.html
import,2024-11-01,2024,11,November,71011020,Natural Pearls,Natural (real) pearls - worked,SWITZERLAND,PARTNER,0.0,R,KGS,2026-08-20,Nov-2024  (R),gemstrategy_data/raw/import/71011020/71011020_2024_11.html
import,2024-11-01,2024,11,November,71011020,Natural Pearls,Natural (real) pearls - worked,U K,PARTNER,0.0,R,KGS,2026-08-20,Nov-2024  (R),gemstrategy_data/raw/import/71011020/71011020_2024_11.html
import,2024-11-01,2024,11,November,71011020,Natural Pearls,Natural (real) pearls - worked,U S A,PARTNER,0.0,R,KGS,2026-08-20,Nov-2024  (R),gemstrategy_data/raw/import/71011020/71011020_2024_11.html
import,2024-11-01,2024,11,November,71011020,Natural Pearls,Natural (real) pearls - worked,VIETNAM SOC REP,PARTNER,0.0,R,KGS,2026-08-20,Nov-2024  (R),gemstrategy_data/raw/import/71011020/71011020_2024_11.html
import,2024-11-01,2024,11,November,71011020,Natural Pearls,Natural (real) pearls - worked,Total,TOTAL,0.07,R,KGS,2026-08-20,Nov-2024  (R),gemstrategy_data/raw/import/71011020/71011020_2024_11.html
import,2024-11-01,2024,11,November,71012100,Cultured Pearls,Cultured pearls - unworked,CHINA P RP,PARTNER,0.57,R,KGS,2026-08-20,Nov-2024  (R),gemstrategy_data/raw/import/71012100/71012100_2024_11.html
import,2024-11-01,2024,11,November,71012100,Cultured Pearls,Cultured pearls - unworked,HONG KONG,PARTNER,0.31,R,KGS,2026-08-20,Nov-2024  (R),gemstrategy_data/raw/import/71012100/71012100_2024_11.html
import,2024-11-01,2024,11,November,71012100,Cultured Pearls,Cultured pearls - unworked,INDONESIA,PARTNER,0.04,R,KGS,2026-08-20,Nov-2024  (R),gemstrategy_data/raw/import/71012100/71012100_2024_11.html
import,2024-11-01,2024,11,November,71012100,Cultured Pearls,Cultured pearls - unworked,JAPAN,PARTNER,0.08,R,KGS,2026-08-20,Nov-2024  (R),gemstrategy_data/raw/import/71012100/71012100_2024_11.html
import,2024-11-01,2024,11,November,71012100,Cultured Pearls,Cultured pearls - unworked,THAILAND,PARTNER,0.0,R,KGS,2026-08-20,Nov-2024  (R),gemstrategy_data/raw/import/71012100/71012100_2024_11.html
import,2024-11-01,2024,11,November,71012100,Cultured Pearls,Cultured pearls - unworked,U S A,PARTNER,0.0,R,KGS,2026-08-20,Nov-2024  (R),gemstrategy_data/raw/import/71012100/71012100_2024_11.html
import,2024-11-01,2024,11,November,71012100,Cultured Pearls,Cultured pearls - unworked,Total,TOTAL,0.98,R,KGS,2026-08-20,Nov-2024  (R),gemstrategy_data/raw/import/71012100/71012100_2024_11.html
import,2024-11-01,2024,11,November,71012200,Cultured Pearls,Cultured pearls - worked,AUSTRALIA,PARTNER,0.0,R,KGS,2026-08-20,Nov-2024  (R),gemstrategy_data/raw/import/71012200/71012200_2024_11.html
import,2024-11-01,2024,11,November,71012200,Cultured Pearls,Cultured pearls - worked,CANADA,PARTNER,0.0,R,KGS,2026-08-20,Nov-2024  (R),gemstrategy_data/raw/import/71012200/71012200_2024_11.html
import,2024-11-01,2024,11,November,71012200,Cultured Pearls,Cultured pearls - worked,CHINA P RP,PARTNER,0.08,R,KGS,2026-08-20,Nov-2024  (R),gemstrategy_data/raw/import/71012200/71012200_2024_11.html
import,2024-11-01,2024,11,November,71012200,Cultured Pearls,Cultured pearls - worked,FRANCE,PARTNER,0.0,R,KGS,2026-08-20,Nov-2024  (R),gemstrategy_data/raw/import/71012200/71012200_2024_11.html
import,2024-11-01,2024,11,November,71012200,Cultured Pearls,Cultured pearls - worked,HONG KONG,PARTNER,0.48,R,KGS,2026-08-20,Nov-2024  (R),gemstrategy_data/raw/import/71012200/71012200_2024_11.html
import,2024-11-01,2024,11,November,71012200,Cultured Pearls,Cultured pearls - worked,INDONESIA,PARTNER,0.01,R,KGS,2026-08-20,Nov-2024  (R),gemstrategy_data/raw/import/71012200/71012200_2024_11.html
import,2024-11-01,2024,11,November,71012200,Cultured Pearls,Cultured pearls - worked,ITALY,PARTNER,0.0,R,KGS,2026-08-20,Nov-2024  (R),gemstrategy_data/raw/import/71012200/71012200_2024_11.html
import,2024-11-01,2024,11,November,71012200,Cultured Pearls,Cultured pearls - worked,JAPAN,PARTNER,0.07,R,KGS,2026-08-20,Nov-2024  (R),gemstrategy_data/raw/import/71012200/71012200_2024_11.html
import,2024-11-01,2024,11,November,71012200,Cultured Pearls,Cultured pearls - worked,MEXICO,PARTNER,0.0,R,KGS,2026-08-20,Nov-2024  (R),gemstrategy_data/raw/import/71012200/71012200_2024_11.html
import,2024-11-01,2024,11,November,71012200,Cultured Pearls,Cultured pearls - worked,SINGAPORE,PARTNER,0.0,R,KGS,2026-08-20,Nov-2024  (R),gemstrategy_data/raw/import/71012200/71012200_2024_11.html
import,2024-11-01,2024,11,November,71012200,Cultured Pearls,Cultured pearls - worked,SPAIN,PARTNER,0.0,R,KGS,2026-08-20,Nov-2024  (R),gemstrategy_data/raw/import/71012200/71012200_2024_11.html
import,2024-11-01,2024,11,November,71012200,Cultured Pearls,Cultured pearls - worked,THAILAND,PARTNER,0.0,R,KGS,2026-08-20,Nov-2024  (R),gemstrategy_data/raw/import/71012200/71012200_2024_11.html
import,2024-11-01,2024,11,November,71012200,Cultured Pearls,Cultured pearls - worked,U ARAB EMTS,PARTNER,0.0,R,KGS,2026-08-20,Nov-2024  (R),gemstrategy_data/raw/import/71012200/71012200_2024_11.html
import,2024-11-01,2024,11,November,71012200,Cultured Pearls,Cultured pearls - worked,U K,PARTNER,0.0,R,KGS,2026-08-20,Nov-2024  (R),gemstrategy_data/raw/import/71012200/71012200_2024_11.html
import,2024-11-01,2024,11,November,71012200,Cultured Pearls,Cultured pearls - worked,U S A,PARTNER,0.02,R,KGS,2026-08-20,Nov-2024  (R),gemstrategy_data/raw/import/71012200/71012200_2024_11.html
import,2024-11-01,2024,11,November,71012200,Cultured Pearls,Cultured pearls - worked,Total,TOTAL,0.66,R,KGS,2026-08-20,Nov-2024  (R),gemstrategy_data/raw/import/71012200/71012200_2024_11.html
import,2024-12-01,2024,12,December,71011010,Natural Pearls,Natural (real) pearls - unworked,CHINA P RP,PARTNER,0.0,R,KGS,2026-08-20,Dec-2024  (R),gemstrategy_data/raw/import/71011010/71011010_2024_12.html
import,2024-12-01,2024,12,December,71011010,Natural Pearls,Natural (real) pearls - unworked,FRANCE,PARTNER,0.0,R,KGS,2026-08-20,Dec-2024  (R),gemstrategy_data/raw/import/71011010/71011010_2024_12.html
import,2024-12-01,2024,12,December,71011010,Natural Pearls,Natural (real) pearls - unworked,HONG KONG,PARTNER,0.2,R,KGS,2026-08-20,Dec-2024  (R),gemstrategy_data/raw/import/71011010/71011010_2024_12.html
import,2024-12-01,2024,12,December,71011010,Natural Pearls,Natural (real) pearls - unworked,JAPAN,PARTNER,0.08,R,KGS,2026-08-20,Dec-2024  (R),gemstrategy_data/raw/import/71011010/71011010_2024_12.html
import,2024-12-01,2024,12,December,71011010,Natural Pearls,Natural (real) pearls - unworked,SWITZERLAND,PARTNER,0.0,R,KGS,2026-08-20,Dec-2024  (R),gemstrategy_data/raw/import/71011010/71011010_2024_12.html
import,2024-12-01,2024,12,December,71011010,Natural Pearls,Natural (real) pearls - unworked,THAILAND,PARTNER,0.0,R,KGS,2026-08-20,Dec-2024  (R),gemstrategy_data/raw/import/71011010/71011010_2024_12.html
import,2024-12-01,2024,12,December,71011010,Natural Pearls,Natural (real) pearls - unworked,U ARAB EMTS,PARTNER,0.0,R,KGS,2026-08-20,Dec-2024  (R),gemstrategy_data/raw/import/71011010/71011010_2024_12.html
import,2024-12-01,2024,12,December,71011010,Natural Pearls,Natural (real) pearls - unworked,U S A,PARTNER,0.0,R,KGS,2026-08-20,Dec-2024  (R),gemstrategy_data/raw/import/71011010/71011010_2024_12.html
import,2024-12-01,2024,12,December,71011010,Natural Pearls,Natural (real) pearls - unworked,Total,TOTAL,0.28,R,KGS,2026-08-20,Dec-2024  (R),gemstrategy_data/raw/import/71011010/71011010_2024_12.html
import,2024-12-01,2024,12,December,71011020,Natural Pearls,Natural (real) pearls - worked,AUSTRALIA,PARTNER,0.0,R,KGS,2026-08-20,Dec-2024  (R),gemstrategy_data/raw/import/71011020/71011020_2024_12.html
import,2024-12-01,2024,12,December,71011020,Natural Pearls,Natural (real) pearls - worked,BELGIUM,PARTNER,0.0,R,KGS,2026-08-20,Dec-2024  (R),gemstrategy_data/raw/import/71011020/71011020_2024_12.html
import,2024-12-01,2024,12,December,71011020,Natural Pearls,Natural (real) pearls - worked,CHINA P RP,PARTNER,0.0,R,KGS,2026-08-20,Dec-2024  (R),gemstrategy_data/raw/import/71011020/71011020_2024_12.html
import,2024-12-01,2024,12,December,71011020,Natural Pearls,Natural (real) pearls - worked,GERMANY,PARTNER,0.0,R,KGS,2026-08-20,Dec-2024  (R),gemstrategy_data/raw/import/71011020/71011020_2024_12.html
import,2024-12-01,2024,12,December,71011020,Natural Pearls,Natural (real) pearls - worked,HONG KONG,PARTNER,0.02,R,KGS,2026-08-20,Dec-2024  (R),gemstrategy_data/raw/import/71011020/71011020_2024_12.html
import,2024-12-01,2024,12,December,71011020,Natural Pearls,Natural (real) pearls - worked,JAPAN,PARTNER,0.0,R,KGS,2026-08-20,Dec-2024  (R),gemstrategy_data/raw/import/71011020/71011020_2024_12.html
import,2024-12-01,2024,12,December,71011020,Natural Pearls,Natural (real) pearls - worked,KOREA RP,PARTNER,0.0,R,KGS,2026-08-20,Dec-2024  (R),gemstrategy_data/raw/import/71011020/71011020_2024_12.html
import,2024-12-01,2024,12,December,71011020,Natural Pearls,Natural (real) pearls - worked,QATAR,PARTNER,0.0,R,KGS,2026-08-20,Dec-2024  (R),gemstrategy_data/raw/import/71011020/71011020_2024_12.html
import,2024-12-01,2024,12,December,71011020,Natural Pearls,Natural (real) pearls - worked,SRI LANKA DSR,PARTNER,0.0,R,KGS,2026-08-20,Dec-2024  (R),gemstrategy_data/raw/import/71011020/71011020_2024_12.html
import,2024-12-01,2024,12,December,71011020,Natural Pearls,Natural (real) pearls - worked,SWITZERLAND,PARTNER,0.0,R,KGS,2026-08-20,Dec-2024  (R),gemstrategy_data/raw/import/71011020/71011020_2024_12.html
import,2024-12-01,2024,12,December,71011020,Natural Pearls,Natural (real) pearls - worked,U ARAB EMTS,PARTNER,0.02,R,KGS,2026-08-20,Dec-2024  (R),gemstrategy_data/raw/import/71011020/71011020_2024_12.html
import,2024-12-01,2024,12,December,71011020,Natural Pearls,Natural (real) pearls - worked,U K,PARTNER,0.0,R,KGS,2026-08-20,Dec-2024  (R),gemstrategy_data/raw/import/71011020/71011020_2024_12.html
import,2024-12-01,2024,12,December,71011020,Natural Pearls,Natural (real) pearls - worked,U S A,PARTNER,0.0,R,KGS,2026-08-20,Dec-2024  (R),gemstrategy_data/raw/import/71011020/71011020_2024_12.html
import,2024-12-01,2024,12,December,71011020,Natural Pearls,Natural (real) pearls - worked,VIETNAM SOC REP,PARTNER,0.0,R,KGS,2026-08-20,Dec-2024  (R),gemstrategy_data/raw/import/71011020/71011020_2024_12.html
import,2024-12-01,2024,12,December,71011020,Natural Pearls,Natural (real) pearls - worked,Total,TOTAL,0.03,R,KGS,2026-08-20,Dec-2024  (R),gemstrategy_data/raw/import/71011020/71011020_2024_12.html
import,2024-12-01,2024,12,December,71012100,Cultured Pearls,Cultured pearls - unworked,CHINA P RP,PARTNER,0.54,R,KGS,2026-08-20,Dec-2024  (R),gemstrategy_data/raw/import/71012100/71012100_2024_12.html
import,2024-12-01,2024,12,December,71012100,Cultured Pearls,Cultured pearls - unworked,HONG KONG,PARTNER,0.41,R,KGS,2026-08-20,Dec-2024  (R),gemstrategy_data/raw/import/71012100/71012100_2024_12.html
import,2024-12-01,2024,12,December,71012100,Cultured Pearls,Cultured pearls - unworked,INDONESIA,PARTNER,0.0,R,KGS,2026-08-20,Dec-2024  (R),gemstrategy_data/raw/import/71012100/71012100_2024_12.html
import,2024-12-01,2024,12,December,71012100,Cultured Pearls,Cultured pearls - unworked,JAPAN,PARTNER,0.12,R,KGS,2026-08-20,Dec-2024  (R),gemstrategy_data/raw/import/71012100/71012100_2024_12.html
import,2024-12-01,2024,12,December,71012100,Cultured Pearls,Cultured pearls - unworked,THAILAND,PARTNER,0.0,R,KGS,2026-08-20,Dec-2024  (R),gemstrategy_data/raw/import/71012100/71012100_2024_12.html
import,2024-12-01,2024,12,December,71012100,Cultured Pearls,Cultured pearls - unworked,U S A,PARTNER,0.0,R,KGS,2026-08-20,Dec-2024  (R),gemstrategy_data/raw/import/71012100/71012100_2024_12.html
import,2024-12-01,2024,12,December,71012100,Cultured Pearls,Cultured pearls - unworked,Total,TOTAL,1.07,R,KGS,2026-08-20,Dec-2024  (R),gemstrategy_data/raw/import/71012100/71012100_2024_12.html
import,2024-12-01,2024,12,December,71012200,Cultured Pearls,Cultured pearls - worked,AUSTRALIA,PARTNER,0.0,R,KGS,2026-08-20,Dec-2024  (R),gemstrategy_data/raw/import/71012200/71012200_2024_12.html
import,2024-12-01,2024,12,December,71012200,Cultured Pearls,Cultured pearls - worked,BAHARAIN IS,PARTNER,0.02,R,KGS,2026-08-20,Dec-2024  (R),gemstrategy_data/raw/import/71012200/71012200_2024_12.html
import,2024-12-01,2024,12,December,71012200,Cultured Pearls,Cultured pearls - worked,CANADA,PARTNER,0.0,R,KGS,2026-08-20,Dec-2024  (R),gemstrategy_data/raw/import/71012200/71012200_2024_12.html
import,2024-12-01,2024,12,December,71012200,Cultured Pearls,Cultured pearls - worked,CHINA P RP,PARTNER,0.04,R,KGS,2026-08-20,Dec-2024  (R),gemstrategy_data/raw/import/71012200/71012200_2024_12.html
import,2024-12-01,2024,12,December,71012200,Cultured Pearls,Cultured pearls - worked,FRANCE,PARTNER,0.0,R,KGS,2026-08-20,Dec-2024  (R),gemstrategy_data/raw/import/71012200/71012200_2024_12.html
import,2024-12-01,2024,12,December,71012200,Cultured Pearls,Cultured pearls - worked,HONG KONG,PARTNER,0.51,R,KGS,2026-08-20,Dec-2024  (R),gemstrategy_data/raw/import/71012200/71012200_2024_12.html
import,2024-12-01,2024,12,December,71012200,Cultured Pearls,Cultured pearls - worked,INDONESIA,PARTNER,0.0,R,KGS,2026-08-20,Dec-2024  (R),gemstrategy_data/raw/import/71012200/71012200_2024_12.html
import,2024-12-01,2024,12,December,71012200,Cultured Pearls,Cultured pearls - worked,ITALY,PARTNER,0.0,R,KGS,2026-08-20,Dec-2024  (R),gemstrategy_data/raw/import/71012200/71012200_2024_12.html
import,2024-12-01,2024,12,December,71012200,Cultured Pearls,Cultured pearls - worked,JAPAN,PARTNER,0.18,R,KGS,2026-08-20,Dec-2024  (R),gemstrategy_data/raw/import/71012200/71012200_2024_12.html
import,2024-12-01,2024,12,December,71012200,Cultured Pearls,Cultured pearls - worked,MEXICO,PARTNER,0.0,R,KGS,2026-08-20,Dec-2024  (R),gemstrategy_data/raw/import/71012200/71012200_2024_12.html
import,2024-12-01,2024,12,December,71012200,Cultured Pearls,Cultured pearls - worked,SINGAPORE,PARTNER,0.0,R,KGS,2026-08-20,Dec-2024  (R),gemstrategy_data/raw/import/71012200/71012200_2024_12.html
import,2024-12-01,2024,12,December,71012200,Cultured Pearls,Cultured pearls - worked,SPAIN,PARTNER,0.0,R,KGS,2026-08-20,Dec-2024  (R),gemstrategy_data/raw/import/71012200/71012200_2024_12.html
import,2024-12-01,2024,12,December,71012200,Cultured Pearls,Cultured pearls - worked,THAILAND,PARTNER,0.01,R,KGS,2026-08-20,Dec-2024  (R),gemstrategy_data/raw/import/71012200/71012200_2024_12.html
import,2024-12-01,2024,12,December,71012200,Cultured Pearls,Cultured pearls - worked,U ARAB EMTS,PARTNER,0.0,R,KGS,2026-08-20,Dec-2024  (R),gemstrategy_data/raw/import/71012200/71012200_2024_12.html
import,2024-12-01,2024,12,December,71012200,Cultured Pearls,Cultured pearls - worked,U K,PARTNER,0.0,R,KGS,2026-08-20,Dec-2024  (R),gemstrategy_data/raw/import/71012200/71012200_2024_12.html
import,2024-12-01,2024,12,December,71012200,Cultured Pearls,Cultured pearls - worked,U S A,PARTNER,0.01,R,KGS,2026-08-20,Dec-2024  (R),gemstrategy_data/raw/import/71012200/71012200_2024_12.html
import,2024-12-01,2024,12,December,71012200,Cultured Pearls,Cultured pearls - worked,Total,TOTAL,0.77,R,KGS,2026-08-20,Dec-2024  (R),gemstrategy_data/raw/import/71012200/71012200_2024_12.html
import,2025-01-01,2025,1,January,71011010,Natural Pearls,Natural (real) pearls - unworked,BAHARAIN IS,PARTNER,0.0,R,KGS,2026-08-20,Jan-2025  (R),gemstrategy_data/raw/import/71011010/71011010_2025_01.html
import,2025-01-01,2025,1,January,71011010,Natural Pearls,Natural (real) pearls - unworked,CHINA P RP,PARTNER,0.0,R,KGS,2026-08-20,Jan-2025  (R),gemstrategy_data/raw/import/71011010/71011010_2025_01.html
import,2025-01-01,2025,1,January,71011010,Natural Pearls,Natural (real) pearls - unworked,FRANCE,PARTNER,0.0,R,KGS,2026-08-20,Jan-2025  (R),gemstrategy_data/raw/import/71011010/71011010_2025_01.html
import,2025-01-01,2025,1,January,71011010,Natural Pearls,Natural (real) pearls - unworked,HONG KONG,PARTNER,0.06,R,KGS,2026-08-20,Jan-2025  (R),gemstrategy_data/raw/import/71011010/71011010_2025_01.html
import,2025-01-01,2025,1,January,71011010,Natural Pearls,Natural (real) pearls - unworked,INDONESIA,PARTNER,0.01,R,KGS,2026-08-20,Jan-2025  (R),gemstrategy_data/raw/import/71011010/71011010_2025_01.html
import,2025-01-01,2025,1,January,71011010,Natural Pearls,Natural (real) pearls - unworked,JAPAN,PARTNER,0.0,R,KGS,2026-08-20,Jan-2025  (R),gemstrategy_data/raw/import/71011010/71011010_2025_01.html
import,2025-01-01,2025,1,January,71011010,Natural Pearls,Natural (real) pearls - unworked,SWITZERLAND,PARTNER,0.0,R,KGS,2026-08-20,Jan-2025  (R),gemstrategy_data/raw/import/71011010/71011010_2025_01.html
import,2025-01-01,2025,1,January,71011010,Natural Pearls,Natural (real) pearls - unworked,THAILAND,PARTNER,0.0,R,KGS,2026-08-20,Jan-2025  (R),gemstrategy_data/raw/import/71011010/71011010_2025_01.html
import,2025-01-01,2025,1,January,71011010,Natural Pearls,Natural (real) pearls - unworked,U ARAB EMTS,PARTNER,0.0,R,KGS,2026-08-20,Jan-2025  (R),gemstrategy_data/raw/import/71011010/71011010_2025_01.html
import,2025-01-01,2025,1,January,71011010,Natural Pearls,Natural (real) pearls - unworked,U S A,PARTNER,0.0,R,KGS,2026-08-20,Jan-2025  (R),gemstrategy_data/raw/import/71011010/71011010_2025_01.html
import,2025-01-01,2025,1,January,71011010,Natural Pearls,Natural (real) pearls - unworked,Total,TOTAL,0.07,R,KGS,2026-08-20,Jan-2025  (R),gemstrategy_data/raw/import/71011010/71011010_2025_01.html
import,2025-01-01,2025,1,January,71011020,Natural Pearls,Natural (real) pearls - worked,AUSTRALIA,PARTNER,0.0,R,KGS,2026-08-20,Jan-2025  (R),gemstrategy_data/raw/import/71011020/71011020_2025_01.html
import,2025-01-01,2025,1,January,71011020,Natural Pearls,Natural (real) pearls - worked,BELGIUM,PARTNER,0.0,R,KGS,2026-08-20,Jan-2025  (R),gemstrategy_data/raw/import/71011020/71011020_2025_01.html
import,2025-01-01,2025,1,January,71011020,Natural Pearls,Natural (real) pearls - worked,CHINA P RP,PARTNER,0.0,R,KGS,2026-08-20,Jan-2025  (R),gemstrategy_data/raw/import/71011020/71011020_2025_01.html
import,2025-01-01,2025,1,January,71011020,Natural Pearls,Natural (real) pearls - worked,GERMANY,PARTNER,0.0,R,KGS,2026-08-20,Jan-2025  (R),gemstrategy_data/raw/import/71011020/71011020_2025_01.html
import,2025-01-01,2025,1,January,71011020,Natural Pearls,Natural (real) pearls - worked,HONG KONG,PARTNER,0.0,R,KGS,2026-08-20,Jan-2025  (R),gemstrategy_data/raw/import/71011020/71011020_2025_01.html
import,2025-01-01,2025,1,January,71011020,Natural Pearls,Natural (real) pearls - worked,JAPAN,PARTNER,0.0,R,KGS,2026-08-20,Jan-2025  (R),gemstrategy_data/raw/import/71011020/71011020_2025_01.html
import,2025-01-01,2025,1,January,71011020,Natural Pearls,Natural (real) pearls - worked,KOREA RP,PARTNER,0.0,R,KGS,2026-08-20,Jan-2025  (R),gemstrategy_data/raw/import/71011020/71011020_2025_01.html
import,2025-01-01,2025,1,January,71011020,Natural Pearls,Natural (real) pearls - worked,QATAR,PARTNER,0.0,R,KGS,2026-08-20,Jan-2025  (R),gemstrategy_data/raw/import/71011020/71011020_2025_01.html
import,2025-01-01,2025,1,January,71011020,Natural Pearls,Natural (real) pearls - worked,SRI LANKA DSR,PARTNER,0.0,R,KGS,2026-08-20,Jan-2025  (R),gemstrategy_data/raw/import/71011020/71011020_2025_01.html
import,2025-01-01,2025,1,January,71011020,Natural Pearls,Natural (real) pearls - worked,SWITZERLAND,PARTNER,0.0,R,KGS,2026-08-20,Jan-2025  (R),gemstrategy_data/raw/import/71011020/71011020_2025_01.html
import,2025-01-01,2025,1,January,71011020,Natural Pearls,Natural (real) pearls - worked,U ARAB EMTS,PARTNER,0.0,R,KGS,2026-08-20,Jan-2025  (R),gemstrategy_data/raw/import/71011020/71011020_2025_01.html
import,2025-01-01,2025,1,January,71011020,Natural Pearls,Natural (real) pearls - worked,U K,PARTNER,0.0,R,KGS,2026-08-20,Jan-2025  (R),gemstrategy_data/raw/import/71011020/71011020_2025_01.html
import,2025-01-01,2025,1,January,71011020,Natural Pearls,Natural (real) pearls - worked,U S A,PARTNER,0.0,R,KGS,2026-08-20,Jan-2025  (R),gemstrategy_data/raw/import/71011020/71011020_2025_01.html
import,2025-01-01,2025,1,January,71011020,Natural Pearls,Natural (real) pearls - worked,VIETNAM SOC REP,PARTNER,0.0,R,KGS,2026-08-20,Jan-2025  (R),gemstrategy_data/raw/import/71011020/71011020_2025_01.html
import,2025-01-01,2025,1,January,71011020,Natural Pearls,Natural (real) pearls - worked,Total,TOTAL,0.0,R,KGS,2026-08-20,Jan-2025  (R),gemstrategy_data/raw/import/71011020/71011020_2025_01.html
import,2025-01-01,2025,1,January,71012100,Cultured Pearls,Cultured pearls - unworked,CHINA P RP,PARTNER,0.82,R,KGS,2026-08-20,Jan-2025  (R),gemstrategy_data/raw/import/71012100/71012100_2025_01.html
import,2025-01-01,2025,1,January,71012100,Cultured Pearls,Cultured pearls - unworked,HONG KONG,PARTNER,0.12,R,KGS,2026-08-20,Jan-2025  (R),gemstrategy_data/raw/import/71012100/71012100_2025_01.html
import,2025-01-01,2025,1,January,71012100,Cultured Pearls,Cultured pearls - unworked,INDONESIA,PARTNER,0.01,R,KGS,2026-08-20,Jan-2025  (R),gemstrategy_data/raw/import/71012100/71012100_2025_01.html
import,2025-01-01,2025,1,January,71012100,Cultured Pearls,Cultured pearls - unworked,JAPAN,PARTNER,0.0,R,KGS,2026-08-20,Jan-2025  (R),gemstrategy_data/raw/import/71012100/71012100_2025_01.html
import,2025-01-01,2025,1,January,71012100,Cultured Pearls,Cultured pearls - unworked,THAILAND,PARTNER,0.0,R,KGS,2026-08-20,Jan-2025  (R),gemstrategy_data/raw/import/71012100/71012100_2025_01.html
import,2025-01-01,2025,1,January,71012100,Cultured Pearls,Cultured pearls - unworked,U S A,PARTNER,0.0,R,KGS,2026-08-20,Jan-2025  (R),gemstrategy_data/raw/import/71012100/71012100_2025_01.html
import,2025-01-01,2025,1,January,71012100,Cultured Pearls,Cultured pearls - unworked,Total,TOTAL,0.95,R,KGS,2026-08-20,Jan-2025  (R),gemstrategy_data/raw/import/71012100/71012100_2025_01.html
import,2025-01-01,2025,1,January,71012200,Cultured Pearls,Cultured pearls - worked,AUSTRALIA,PARTNER,0.0,R,KGS,2026-08-20,Jan-2025  (R),gemstrategy_data/raw/import/71012200/71012200_2025_01.html
import,2025-01-01,2025,1,January,71012200,Cultured Pearls,Cultured pearls - worked,BAHARAIN IS,PARTNER,0.0,R,KGS,2026-08-20,Jan-2025  (R),gemstrategy_data/raw/import/71012200/71012200_2025_01.html
import,2025-01-01,2025,1,January,71012200,Cultured Pearls,Cultured pearls - worked,CANADA,PARTNER,0.0,R,KGS,2026-08-20,Jan-2025  (R),gemstrategy_data/raw/import/71012200/71012200_2025_01.html
import,2025-01-01,2025,1,January,71012200,Cultured Pearls,Cultured pearls - worked,CHINA P RP,PARTNER,0.15,R,KGS,2026-08-20,Jan-2025  (R),gemstrategy_data/raw/import/71012200/71012200_2025_01.html
import,2025-01-01,2025,1,January,71012200,Cultured Pearls,Cultured pearls - worked,FRANCE,PARTNER,0.0,R,KGS,2026-08-20,Jan-2025  (R),gemstrategy_data/raw/import/71012200/71012200_2025_01.html
import,2025-01-01,2025,1,January,71012200,Cultured Pearls,Cultured pearls - worked,HONG KONG,PARTNER,0.5,R,KGS,2026-08-20,Jan-2025  (R),gemstrategy_data/raw/import/71012200/71012200_2025_01.html
import,2025-01-01,2025,1,January,71012200,Cultured Pearls,Cultured pearls - worked,INDONESIA,PARTNER,0.0,R,KGS,2026-08-20,Jan-2025  (R),gemstrategy_data/raw/import/71012200/71012200_2025_01.html
import,2025-01-01,2025,1,January,71012200,Cultured Pearls,Cultured pearls - worked,ITALY,PARTNER,0.0,R,KGS,2026-08-20,Jan-2025  (R),gemstrategy_data/raw/import/71012200/71012200_2025_01.html
import,2025-01-01,2025,1,January,71012200,Cultured Pearls,Cultured pearls - worked,JAPAN,PARTNER,0.0,R,KGS,2026-08-20,Jan-2025  (R),gemstrategy_data/raw/import/71012200/71012200_2025_01.html
import,2025-01-01,2025,1,January,71012200,Cultured Pearls,Cultured pearls - worked,MEXICO,PARTNER,0.0,R,KGS,2026-08-20,Jan-2025  (R),gemstrategy_data/raw/import/71012200/71012200_2025_01.html
import,2025-01-01,2025,1,January,71012200,Cultured Pearls,Cultured pearls - worked,SINGAPORE,PARTNER,0.0,R,KGS,2026-08-20,Jan-2025  (R),gemstrategy_data/raw/import/71012200/71012200_2025_01.html
import,2025-01-01,2025,1,January,71012200,Cultured Pearls,Cultured pearls - worked,SPAIN,PARTNER,0.0,R,KGS,2026-08-20,Jan-2025  (R),gemstrategy_data/raw/import/71012200/71012200_2025_01.html
import,2025-01-01,2025,1,January,71012200,Cultured Pearls,Cultured pearls - worked,THAILAND,PARTNER,0.01,R,KGS,2026-08-20,Jan-2025  (R),gemstrategy_data/raw/import/71012200/71012200_2025_01.html
import,2025-01-01,2025,1,January,71012200,Cultured Pearls,Cultured pearls - worked,U ARAB EMTS,PARTNER,0.0,R,KGS,2026-08-20,Jan-2025  (R),gemstrategy_data/raw/import/71012200/71012200_2025_01.html
import,2025-01-01,2025,1,January,71012200,Cultured Pearls,Cultured pearls - worked,U K,PARTNER,0.0,R,KGS,2026-08-20,Jan-2025  (R),gemstrategy_data/raw/import/71012200/71012200_2025_01.html
import,2025-01-01,2025,1,January,71012200,Cultured Pearls,Cultured pearls - worked,U S A,PARTNER,0.0,R,KGS,2026-08-20,Jan-2025  (R),gemstrategy_data/raw/import/71012200/71012200_2025_01.html
import,2025-01-01,2025,1,January,71012200,Cultured Pearls,Cultured pearls - worked,Total,TOTAL,0.66,R,KGS,2026-08-20,Jan-2025  (R),gemstrategy_data/raw/import/71012200/71012200_2025_01.html
import,2025-02-01,2025,2,February,71011010,Natural Pearls,Natural (real) pearls - unworked,BAHARAIN IS,PARTNER,0.0,R,KGS,2026-08-20,Feb-2025  (R),gemstrategy_data/raw/import/71011010/71011010_2025_02.html
import,2025-02-01,2025,2,February,71011010,Natural Pearls,Natural (real) pearls - unworked,CHINA P RP,PARTNER,0.0,R,KGS,2026-08-20,Feb-2025  (R),gemstrategy_data/raw/import/71011010/71011010_2025_02.html
import,2025-02-01,2025,2,February,71011010,Natural Pearls,Natural (real) pearls - unworked,FRANCE,PARTNER,0.0,R,KGS,2026-08-20,Feb-2025  (R),gemstrategy_data/raw/import/71011010/71011010_2025_02.html
import,2025-02-01,2025,2,February,71011010,Natural Pearls,Natural (real) pearls - unworked,HONG KONG,PARTNER,0.02,R,KGS,2026-08-20,Feb-2025  (R),gemstrategy_data/raw/import/71011010/71011010_2025_02.html
import,2025-02-01,2025,2,February,71011010,Natural Pearls,Natural (real) pearls - unworked,INDONESIA,PARTNER,0.0,R,KGS,2026-08-20,Feb-2025  (R),gemstrategy_data/raw/import/71011010/71011010_2025_02.html
import,2025-02-01,2025,2,February,71011010,Natural Pearls,Natural (real) pearls - unworked,JAPAN,PARTNER,0.01,R,KGS,2026-08-20,Feb-2025  (R),gemstrategy_data/raw/import/71011010/71011010_2025_02.html
import,2025-02-01,2025,2,February,71011010,Natural Pearls,Natural (real) pearls - unworked,SPAIN,PARTNER,0.0,R,KGS,2026-08-20,Feb-2025  (R),gemstrategy_data/raw/import/71011010/71011010_2025_02.html
import,2025-02-01,2025,2,February,71011010,Natural Pearls,Natural (real) pearls - unworked,SWITZERLAND,PARTNER,0.0,R,KGS,2026-08-20,Feb-2025  (R),gemstrategy_data/raw/import/71011010/71011010_2025_02.html
import,2025-02-01,2025,2,February,71011010,Natural Pearls,Natural (real) pearls - unworked,THAILAND,PARTNER,0.0,R,KGS,2026-08-20,Feb-2025  (R),gemstrategy_data/raw/import/71011010/71011010_2025_02.html
import,2025-02-01,2025,2,February,71011010,Natural Pearls,Natural (real) pearls - unworked,U ARAB EMTS,PARTNER,0.0,R,KGS,2026-08-20,Feb-2025  (R),gemstrategy_data/raw/import/71011010/71011010_2025_02.html
import,2025-02-01,2025,2,February,71011010,Natural Pearls,Natural (real) pearls - unworked,U S A,PARTNER,0.0,R,KGS,2026-08-20,Feb-2025  (R),gemstrategy_data/raw/import/71011010/71011010_2025_02.html
import,2025-02-01,2025,2,February,71011010,Natural Pearls,Natural (real) pearls - unworked,Total,TOTAL,0.04,R,KGS,2026-08-20,Feb-2025  (R),gemstrategy_data/raw/import/71011010/71011010_2025_02.html
import,2025-02-01,2025,2,February,71011020,Natural Pearls,Natural (real) pearls - worked,AUSTRALIA,PARTNER,0.0,R,KGS,2026-08-20,Feb-2025  (R),gemstrategy_data/raw/import/71011020/71011020_2025_02.html
import,2025-02-01,2025,2,February,71011020,Natural Pearls,Natural (real) pearls - worked,BELGIUM,PARTNER,0.0,R,KGS,2026-08-20,Feb-2025  (R),gemstrategy_data/raw/import/71011020/71011020_2025_02.html
import,2025-02-01,2025,2,February,71011020,Natural Pearls,Natural (real) pearls - worked,CHINA P RP,PARTNER,0.0,R,KGS,2026-08-20,Feb-2025  (R),gemstrategy_data/raw/import/71011020/71011020_2025_02.html
import,2025-02-01,2025,2,February,71011020,Natural Pearls,Natural (real) pearls - worked,GERMANY,PARTNER,0.0,R,KGS,2026-08-20,Feb-2025  (R),gemstrategy_data/raw/import/71011020/71011020_2025_02.html
import,2025-02-01,2025,2,February,71011020,Natural Pearls,Natural (real) pearls - worked,HONG KONG,PARTNER,0.0,R,KGS,2026-08-20,Feb-2025  (R),gemstrategy_data/raw/import/71011020/71011020_2025_02.html
import,2025-02-01,2025,2,February,71011020,Natural Pearls,Natural (real) pearls - worked,JAPAN,PARTNER,0.0,R,KGS,2026-08-20,Feb-2025  (R),gemstrategy_data/raw/import/71011020/71011020_2025_02.html
import,2025-02-01,2025,2,February,71011020,Natural Pearls,Natural (real) pearls - worked,KOREA RP,PARTNER,0.0,R,KGS,2026-08-20,Feb-2025  (R),gemstrategy_data/raw/import/71011020/71011020_2025_02.html
import,2025-02-01,2025,2,February,71011020,Natural Pearls,Natural (real) pearls - worked,QATAR,PARTNER,0.01,R,KGS,2026-08-20,Feb-2025  (R),gemstrategy_data/raw/import/71011020/71011020_2025_02.html
import,2025-02-01,2025,2,February,71011020,Natural Pearls,Natural (real) pearls - worked,SRI LANKA DSR,PARTNER,0.0,R,KGS,2026-08-20,Feb-2025  (R),gemstrategy_data/raw/import/71011020/71011020_2025_02.html
import,2025-02-01,2025,2,February,71011020,Natural Pearls,Natural (real) pearls - worked,SWITZERLAND,PARTNER,0.0,R,KGS,2026-08-20,Feb-2025  (R),gemstrategy_data/raw/import/71011020/71011020_2025_02.html
import,2025-02-01,2025,2,February,71011020,Natural Pearls,Natural (real) pearls - worked,U ARAB EMTS,PARTNER,0.0,R,KGS,2026-08-20,Feb-2025  (R),gemstrategy_data/raw/import/71011020/71011020_2025_02.html
import,2025-02-01,2025,2,February,71011020,Natural Pearls,Natural (real) pearls - worked,U K,PARTNER,0.0,R,KGS,2026-08-20,Feb-2025  (R),gemstrategy_data/raw/import/71011020/71011020_2025_02.html
import,2025-02-01,2025,2,February,71011020,Natural Pearls,Natural (real) pearls - worked,U S A,PARTNER,0.0,R,KGS,2026-08-20,Feb-2025  (R),gemstrategy_data/raw/import/71011020/71011020_2025_02.html
import,2025-02-01,2025,2,February,71011020,Natural Pearls,Natural (real) pearls - worked,VIETNAM SOC REP,PARTNER,0.0,R,KGS,2026-08-20,Feb-2025  (R),gemstrategy_data/raw/import/71011020/71011020_2025_02.html
import,2025-02-01,2025,2,February,71011020,Natural Pearls,Natural (real) pearls - worked,Total,TOTAL,0.01,R,KGS,2026-08-20,Feb-2025  (R),gemstrategy_data/raw/import/71011020/71011020_2025_02.html
import,2025-02-01,2025,2,February,71012100,Cultured Pearls,Cultured pearls - unworked,CHINA P RP,PARTNER,0.35,R,KGS,2026-08-20,Feb-2025  (R),gemstrategy_data/raw/import/71012100/71012100_2025_02.html
import,2025-02-01,2025,2,February,71012100,Cultured Pearls,Cultured pearls - unworked,HONG KONG,PARTNER,0.08,R,KGS,2026-08-20,Feb-2025  (R),gemstrategy_data/raw/import/71012100/71012100_2025_02.html
import,2025-02-01,2025,2,February,71012100,Cultured Pearls,Cultured pearls - unworked,INDONESIA,PARTNER,0.0,R,KGS,2026-08-20,Feb-2025  (R),gemstrategy_data/raw/import/71012100/71012100_2025_02.html
import,2025-02-01,2025,2,February,71012100,Cultured Pearls,Cultured pearls - unworked,JAPAN,PARTNER,0.05,R,KGS,2026-08-20,Feb-2025  (R),gemstrategy_data/raw/import/71012100/71012100_2025_02.html
import,2025-02-01,2025,2,February,71012100,Cultured Pearls,Cultured pearls - unworked,THAILAND,PARTNER,0.0,R,KGS,2026-08-20,Feb-2025  (R),gemstrategy_data/raw/import/71012100/71012100_2025_02.html
import,2025-02-01,2025,2,February,71012100,Cultured Pearls,Cultured pearls - unworked,U S A,PARTNER,0.0,R,KGS,2026-08-20,Feb-2025  (R),gemstrategy_data/raw/import/71012100/71012100_2025_02.html
import,2025-02-01,2025,2,February,71012100,Cultured Pearls,Cultured pearls - unworked,Total,TOTAL,0.48,R,KGS,2026-08-20,Feb-2025  (R),gemstrategy_data/raw/import/71012100/71012100_2025_02.html
import,2025-02-01,2025,2,February,71012200,Cultured Pearls,Cultured pearls - worked,AUSTRALIA,PARTNER,0.0,R,KGS,2026-08-20,Feb-2025  (R),gemstrategy_data/raw/import/71012200/71012200_2025_02.html
import,2025-02-01,2025,2,February,71012200,Cultured Pearls,Cultured pearls - worked,BAHARAIN IS,PARTNER,0.0,R,KGS,2026-08-20,Feb-2025  (R),gemstrategy_data/raw/import/71012200/71012200_2025_02.html
import,2025-02-01,2025,2,February,71012200,Cultured Pearls,Cultured pearls - worked,CANADA,PARTNER,0.0,R,KGS,2026-08-20,Feb-2025  (R),gemstrategy_data/raw/import/71012200/71012200_2025_02.html
import,2025-02-01,2025,2,February,71012200,Cultured Pearls,Cultured pearls - worked,CHINA P RP,PARTNER,0.04,R,KGS,2026-08-20,Feb-2025  (R),gemstrategy_data/raw/import/71012200/71012200_2025_02.html
import,2025-02-01,2025,2,February,71012200,Cultured Pearls,Cultured pearls - worked,FRANCE,PARTNER,0.0,R,KGS,2026-08-20,Feb-2025  (R),gemstrategy_data/raw/import/71012200/71012200_2025_02.html
import,2025-02-01,2025,2,February,71012200,Cultured Pearls,Cultured pearls - worked,HONG KONG,PARTNER,0.26,R,KGS,2026-08-20,Feb-2025  (R),gemstrategy_data/raw/import/71012200/71012200_2025_02.html
import,2025-02-01,2025,2,February,71012200,Cultured Pearls,Cultured pearls - worked,INDONESIA,PARTNER,0.0,R,KGS,2026-08-20,Feb-2025  (R),gemstrategy_data/raw/import/71012200/71012200_2025_02.html
import,2025-02-01,2025,2,February,71012200,Cultured Pearls,Cultured pearls - worked,ITALY,PARTNER,0.0,R,KGS,2026-08-20,Feb-2025  (R),gemstrategy_data/raw/import/71012200/71012200_2025_02.html
import,2025-02-01,2025,2,February,71012200,Cultured Pearls,Cultured pearls - worked,JAPAN,PARTNER,0.0,R,KGS,2026-08-20,Feb-2025  (R),gemstrategy_data/raw/import/71012200/71012200_2025_02.html
import,2025-02-01,2025,2,February,71012200,Cultured Pearls,Cultured pearls - worked,MEXICO,PARTNER,0.0,R,KGS,2026-08-20,Feb-2025  (R),gemstrategy_data/raw/import/71012200/71012200_2025_02.html
import,2025-02-01,2025,2,February,71012200,Cultured Pearls,Cultured pearls - worked,SINGAPORE,PARTNER,0.0,R,KGS,2026-08-20,Feb-2025  (R),gemstrategy_data/raw/import/71012200/71012200_2025_02.html
import,2025-02-01,2025,2,February,71012200,Cultured Pearls,Cultured pearls - worked,SPAIN,PARTNER,0.0,R,KGS,2026-08-20,Feb-2025  (R),gemstrategy_data/raw/import/71012200/71012200_2025_02.html
import,2025-02-01,2025,2,February,71012200,Cultured Pearls,Cultured pearls - worked,THAILAND,PARTNER,0.0,R,KGS,2026-08-20,Feb-2025  (R),gemstrategy_data/raw/import/71012200/71012200_2025_02.html
import,2025-02-01,2025,2,February,71012200,Cultured Pearls,Cultured pearls - worked,U ARAB EMTS,PARTNER,0.0,R,KGS,2026-08-20,Feb-2025  (R),gemstrategy_data/raw/import/71012200/71012200_2025_02.html
import,2025-02-01,2025,2,February,71012200,Cultured Pearls,Cultured pearls - worked,U K,PARTNER,0.0,R,KGS,2026-08-20,Feb-2025  (R),gemstrategy_data/raw/import/71012200/71012200_2025_02.html
import,2025-02-01,2025,2,February,71012200,Cultured Pearls,Cultured pearls - worked,U S A,PARTNER,0.0,R,KGS,2026-08-20,Feb-2025  (R),gemstrategy_data/raw/import/71012200/71012200_2025_02.html
import,2025-02-01,2025,2,February,71012200,Cultured Pearls,Cultured pearls - worked,Total,TOTAL,0.31,R,KGS,2026-08-20,Feb-2025  (R),gemstrategy_data/raw/import/71012200/71012200_2025_02.html
import,2025-03-01,2025,3,March,71011010,Natural Pearls,Natural (real) pearls - unworked,BAHARAIN IS,PARTNER,0.0,R,KGS,2026-08-20,Mar-2025  (R),gemstrategy_data/raw/import/71011010/71011010_2025_03.html
import,2025-03-01,2025,3,March,71011010,Natural Pearls,Natural (real) pearls - unworked,CHINA P RP,PARTNER,0.0,R,KGS,2026-08-20,Mar-2025  (R),gemstrategy_data/raw/import/71011010/71011010_2025_03.html
import,2025-03-01,2025,3,March,71011010,Natural Pearls,Natural (real) pearls - unworked,FRANCE,PARTNER,0.0,R,KGS,2026-08-20,Mar-2025  (R),gemstrategy_data/raw/import/71011010/71011010_2025_03.html
import,2025-03-01,2025,3,March,71011010,Natural Pearls,Natural (real) pearls - unworked,HONG KONG,PARTNER,0.77,R,KGS,2026-08-20,Mar-2025  (R),gemstrategy_data/raw/import/71011010/71011010_2025_03.html
import,2025-03-01,2025,3,March,71011010,Natural Pearls,Natural (real) pearls - unworked,INDONESIA,PARTNER,0.0,R,KGS,2026-08-20,Mar-2025  (R),gemstrategy_data/raw/import/71011010/71011010_2025_03.html
import,2025-03-01,2025,3,March,71011010,Natural Pearls,Natural (real) pearls - unworked,JAPAN,PARTNER,0.05,R,KGS,2026-08-20,Mar-2025  (R),gemstrategy_data/raw/import/71011010/71011010_2025_03.html
import,2025-03-01,2025,3,March,71011010,Natural Pearls,Natural (real) pearls - unworked,SPAIN,PARTNER,0.0,R,KGS,2026-08-20,Mar-2025  (R),gemstrategy_data/raw/import/71011010/71011010_2025_03.html
import,2025-03-01,2025,3,March,71011010,Natural Pearls,Natural (real) pearls - unworked,SWITZERLAND,PARTNER,0.0,R,KGS,2026-08-20,Mar-2025  (R),gemstrategy_data/raw/import/71011010/71011010_2025_03.html
import,2025-03-01,2025,3,March,71011010,Natural Pearls,Natural (real) pearls - unworked,THAILAND,PARTNER,0.0,R,KGS,2026-08-20,Mar-2025  (R),gemstrategy_data/raw/import/71011010/71011010_2025_03.html
import,2025-03-01,2025,3,March,71011010,Natural Pearls,Natural (real) pearls - unworked,U ARAB EMTS,PARTNER,0.0,R,KGS,2026-08-20,Mar-2025  (R),gemstrategy_data/raw/import/71011010/71011010_2025_03.html
import,2025-03-01,2025,3,March,71011010,Natural Pearls,Natural (real) pearls - unworked,U S A,PARTNER,0.0,R,KGS,2026-08-20,Mar-2025  (R),gemstrategy_data/raw/import/71011010/71011010_2025_03.html
import,2025-03-01,2025,3,March,71011010,Natural Pearls,Natural (real) pearls - unworked,Total,TOTAL,0.82,R,KGS,2026-08-20,Mar-2025  (R),gemstrategy_data/raw/import/71011010/71011010_2025_03.html
import,2025-03-01,2025,3,March,71011020,Natural Pearls,Natural (real) pearls - worked,AUSTRALIA,PARTNER,0.0,R,KGS,2026-08-20,Mar-2025  (R),gemstrategy_data/raw/import/71011020/71011020_2025_03.html
import,2025-03-01,2025,3,March,71011020,Natural Pearls,Natural (real) pearls - worked,BELGIUM,PARTNER,0.0,R,KGS,2026-08-20,Mar-2025  (R),gemstrategy_data/raw/import/71011020/71011020_2025_03.html
import,2025-03-01,2025,3,March,71011020,Natural Pearls,Natural (real) pearls - worked,CHINA P RP,PARTNER,0.1,R,KGS,2026-08-20,Mar-2025  (R),gemstrategy_data/raw/import/71011020/71011020_2025_03.html
import,2025-03-01,2025,3,March,71011020,Natural Pearls,Natural (real) pearls - worked,GERMANY,PARTNER,0.0,R,KGS,2026-08-20,Mar-2025  (R),gemstrategy_data/raw/import/71011020/71011020_2025_03.html
import,2025-03-01,2025,3,March,71011020,Natural Pearls,Natural (real) pearls - worked,HONG KONG,PARTNER,0.15,R,KGS,2026-08-20,Mar-2025  (R),gemstrategy_data/raw/import/71011020/71011020_2025_03.html
import,2025-03-01,2025,3,March,71011020,Natural Pearls,Natural (real) pearls - worked,ITALY,PARTNER,0.0,R,KGS,2026-08-20,Mar-2025  (R),gemstrategy_data/raw/import/71011020/71011020_2025_03.html
import,2025-03-01,2025,3,March,71011020,Natural Pearls,Natural (real) pearls - worked,JAPAN,PARTNER,0.0,R,KGS,2026-08-20,Mar-2025  (R),gemstrategy_data/raw/import/71011020/71011020_2025_03.html
import,2025-03-01,2025,3,March,71011020,Natural Pearls,Natural (real) pearls - worked,KOREA RP,PARTNER,0.0,R,KGS,2026-08-20,Mar-2025  (R),gemstrategy_data/raw/import/71011020/71011020_2025_03.html
import,2025-03-01,2025,3,March,71011020,Natural Pearls,Natural (real) pearls - worked,QATAR,PARTNER,0.0,R,KGS,2026-08-20,Mar-2025  (R),gemstrategy_data/raw/import/71011020/71011020_2025_03.html
import,2025-03-01,2025,3,March,71011020,Natural Pearls,Natural (real) pearls - worked,SPAIN,PARTNER,0.0,R,KGS,2026-08-20,Mar-2025  (R),gemstrategy_data/raw/import/71011020/71011020_2025_03.html
import,2025-03-01,2025,3,March,71011020,Natural Pearls,Natural (real) pearls - worked,SRI LANKA DSR,PARTNER,0.0,R,KGS,2026-08-20,Mar-2025  (R),gemstrategy_data/raw/import/71011020/71011020_2025_03.html
import,2025-03-01,2025,3,March,71011020,Natural Pearls,Natural (real) pearls - worked,SWITZERLAND,PARTNER,0.0,R,KGS,2026-08-20,Mar-2025  (R),gemstrategy_data/raw/import/71011020/71011020_2025_03.html
import,2025-03-01,2025,3,March,71011020,Natural Pearls,Natural (real) pearls - worked,U ARAB EMTS,PARTNER,0.0,R,KGS,2026-08-20,Mar-2025  (R),gemstrategy_data/raw/import/71011020/71011020_2025_03.html
import,2025-03-01,2025,3,March,71011020,Natural Pearls,Natural (real) pearls - worked,U K,PARTNER,0.02,R,KGS,2026-08-20,Mar-2025  (R),gemstrategy_data/raw/import/71011020/71011020_2025_03.html
import,2025-03-01,2025,3,March,71011020,Natural Pearls,Natural (real) pearls - worked,U S A,PARTNER,0.01,R,KGS,2026-08-20,Mar-2025  (R),gemstrategy_data/raw/import/71011020/71011020_2025_03.html
import,2025-03-01,2025,3,March,71011020,Natural Pearls,Natural (real) pearls - worked,VIETNAM SOC REP,PARTNER,0.0,R,KGS,2026-08-20,Mar-2025  (R),gemstrategy_data/raw/import/71011020/71011020_2025_03.html
import,2025-03-01,2025,3,March,71011020,Natural Pearls,Natural (real) pearls - worked,Total,TOTAL,0.28,R,KGS,2026-08-20,Mar-2025  (R),gemstrategy_data/raw/import/71011020/71011020_2025_03.html
import,2025-03-01,2025,3,March,71012100,Cultured Pearls,Cultured pearls - unworked,CHINA P RP,PARTNER,0.26,R,KGS,2026-08-20,Mar-2025  (R),gemstrategy_data/raw/import/71012100/71012100_2025_03.html
import,2025-03-01,2025,3,March,71012100,Cultured Pearls,Cultured pearls - unworked,HONG KONG,PARTNER,0.18,R,KGS,2026-08-20,Mar-2025  (R),gemstrategy_data/raw/import/71012100/71012100_2025_03.html
import,2025-03-01,2025,3,March,71012100,Cultured Pearls,Cultured pearls - unworked,INDONESIA,PARTNER,0.0,R,KGS,2026-08-20,Mar-2025  (R),gemstrategy_data/raw/import/71012100/71012100_2025_03.html
import,2025-03-01,2025,3,March,71012100,Cultured Pearls,Cultured pearls - unworked,JAPAN,PARTNER,0.05,R,KGS,2026-08-20,Mar-2025  (R),gemstrategy_data/raw/import/71012100/71012100_2025_03.html
import,2025-03-01,2025,3,March,71012100,Cultured Pearls,Cultured pearls - unworked,THAILAND,PARTNER,0.0,R,KGS,2026-08-20,Mar-2025  (R),gemstrategy_data/raw/import/71012100/71012100_2025_03.html
import,2025-03-01,2025,3,March,71012100,Cultured Pearls,Cultured pearls - unworked,U S A,PARTNER,0.0,R,KGS,2026-08-20,Mar-2025  (R),gemstrategy_data/raw/import/71012100/71012100_2025_03.html
import,2025-03-01,2025,3,March,71012100,Cultured Pearls,Cultured pearls - unworked,Total,TOTAL,0.5,R,KGS,2026-08-20,Mar-2025  (R),gemstrategy_data/raw/import/71012100/71012100_2025_03.html
import,2025-03-01,2025,3,March,71012200,Cultured Pearls,Cultured pearls - worked,AUSTRALIA,PARTNER,0.0,R,KGS,2026-08-20,Mar-2025  (R),gemstrategy_data/raw/import/71012200/71012200_2025_03.html
import,2025-03-01,2025,3,March,71012200,Cultured Pearls,Cultured pearls - worked,BAHARAIN IS,PARTNER,0.0,R,KGS,2026-08-20,Mar-2025  (R),gemstrategy_data/raw/import/71012200/71012200_2025_03.html
import,2025-03-01,2025,3,March,71012200,Cultured Pearls,Cultured pearls - worked,CANADA,PARTNER,0.0,R,KGS,2026-08-20,Mar-2025  (R),gemstrategy_data/raw/import/71012200/71012200_2025_03.html
import,2025-03-01,2025,3,March,71012200,Cultured Pearls,Cultured pearls - worked,CHINA P RP,PARTNER,0.08,R,KGS,2026-08-20,Mar-2025  (R),gemstrategy_data/raw/import/71012200/71012200_2025_03.html
import,2025-03-01,2025,3,March,71012200,Cultured Pearls,Cultured pearls - worked,FRANCE,PARTNER,0.0,R,KGS,2026-08-20,Mar-2025  (R),gemstrategy_data/raw/import/71012200/71012200_2025_03.html
import,2025-03-01,2025,3,March,71012200,Cultured Pearls,Cultured pearls - worked,HONG KONG,PARTNER,0.89,R,KGS,2026-08-20,Mar-2025  (R),gemstrategy_data/raw/import/71012200/71012200_2025_03.html
import,2025-03-01,2025,3,March,71012200,Cultured Pearls,Cultured pearls - worked,INDONESIA,PARTNER,0.01,R,KGS,2026-08-20,Mar-2025  (R),gemstrategy_data/raw/import/71012200/71012200_2025_03.html
import,2025-03-01,2025,3,March,71012200,Cultured Pearls,Cultured pearls - worked,ITALY,PARTNER,0.0,R,KGS,2026-08-20,Mar-2025  (R),gemstrategy_data/raw/import/71012200/71012200_2025_03.html
import,2025-03-01,2025,3,March,71012200,Cultured Pearls,Cultured pearls - worked,JAPAN,PARTNER,0.01,R,KGS,2026-08-20,Mar-2025  (R),gemstrategy_data/raw/import/71012200/71012200_2025_03.html
import,2025-03-01,2025,3,March,71012200,Cultured Pearls,Cultured pearls - worked,MEXICO,PARTNER,0.0,R,KGS,2026-08-20,Mar-2025  (R),gemstrategy_data/raw/import/71012200/71012200_2025_03.html
import,2025-03-01,2025,3,March,71012200,Cultured Pearls,Cultured pearls - worked,SINGAPORE,PARTNER,0.0,R,KGS,2026-08-20,Mar-2025  (R),gemstrategy_data/raw/import/71012200/71012200_2025_03.html
import,2025-03-01,2025,3,March,71012200,Cultured Pearls,Cultured pearls - worked,SPAIN,PARTNER,0.0,R,KGS,2026-08-20,Mar-2025  (R),gemstrategy_data/raw/import/71012200/71012200_2025_03.html
import,2025-03-01,2025,3,March,71012200,Cultured Pearls,Cultured pearls - worked,THAILAND,PARTNER,0.01,R,KGS,2026-08-20,Mar-2025  (R),gemstrategy_data/raw/import/71012200/71012200_2025_03.html
import,2025-03-01,2025,3,March,71012200,Cultured Pearls,Cultured pearls - worked,U ARAB EMTS,PARTNER,0.0,R,KGS,2026-08-20,Mar-2025  (R),gemstrategy_data/raw/import/71012200/71012200_2025_03.html
import,2025-03-01,2025,3,March,71012200,Cultured Pearls,Cultured pearls - worked,U K,PARTNER,0.0,R,KGS,2026-08-20,Mar-2025  (R),gemstrategy_data/raw/import/71012200/71012200_2025_03.html
import,2025-03-01,2025,3,March,71012200,Cultured Pearls,Cultured pearls - worked,U S A,PARTNER,0.08,R,KGS,2026-08-20,Mar-2025  (R),gemstrategy_data/raw/import/71012200/71012200_2025_03.html
import,2025-03-01,2025,3,March,71012200,Cultured Pearls,Cultured pearls - worked,Total,TOTAL,1.07,R,KGS,2026-08-20,Mar-2025  (R),gemstrategy_data/raw/import/71012200/71012200_2025_03.html
import,2025-04-01,2025,4,April,71011010,Natural Pearls,Natural (real) pearls - unworked,HONG KONG,PARTNER,0.16,R,KGS,2026-08-20,Apr-2025  (R),gemstrategy_data/raw/import/71011010/71011010_2025_04.html
import,2025-04-01,2025,4,April,71011010,Natural Pearls,Natural (real) pearls - unworked,JAPAN,PARTNER,0.71,R,KGS,2026-08-20,Apr-2025  (R),gemstrategy_data/raw/import/71011010/71011010_2025_04.html
import,2025-04-01,2025,4,April,71011010,Natural Pearls,Natural (real) pearls - unworked,U S A,PARTNER,0.01,R,KGS,2026-08-20,Apr-2025  (R),gemstrategy_data/raw/import/71011010/71011010_2025_04.html
import,2025-04-01,2025,4,April,71011010,Natural Pearls,Natural (real) pearls - unworked,Total,TOTAL,0.88,R,KGS,2026-08-20,Apr-2025  (R),gemstrategy_data/raw/import/71011010/71011010_2025_04.html
import,2025-04-01,2025,4,April,71011020,Natural Pearls,Natural (real) pearls - worked,BELGIUM,PARTNER,0.0,R,KGS,2026-08-20,Apr-2025  (R),gemstrategy_data/raw/import/71011020/71011020_2025_04.html
import,2025-04-01,2025,4,April,71011020,Natural Pearls,Natural (real) pearls - worked,HONG KONG,PARTNER,0.13,R,KGS,2026-08-20,Apr-2025  (R),gemstrategy_data/raw/import/71011020/71011020_2025_04.html
import,2025-04-01,2025,4,April,71011020,Natural Pearls,Natural (real) pearls - worked,JAPAN,PARTNER,0.0,R,KGS,2026-08-20,Apr-2025  (R),gemstrategy_data/raw/import/71011020/71011020_2025_04.html
import,2025-04-01,2025,4,April,71011020,Natural Pearls,Natural (real) pearls - worked,KOREA RP,PARTNER,0.0,R,KGS,2026-08-20,Apr-2025  (R),gemstrategy_data/raw/import/71011020/71011020_2025_04.html
import,2025-04-01,2025,4,April,71011020,Natural Pearls,Natural (real) pearls - worked,LITHUANIA,PARTNER,0.02,R,KGS,2026-08-20,Apr-2025  (R),gemstrategy_data/raw/import/71011020/71011020_2025_04.html
import,2025-04-01,2025,4,April,71011020,Natural Pearls,Natural (real) pearls - worked,THAILAND,PARTNER,0.03,R,KGS,2026-08-20,Apr-2025  (R),gemstrategy_data/raw/import/71011020/71011020_2025_04.html
import,2025-04-01,2025,4,April,71011020,Natural Pearls,Natural (real) pearls - worked,U S A,PARTNER,0.0,R,KGS,2026-08-20,Apr-2025  (R),gemstrategy_data/raw/import/71011020/71011020_2025_04.html
import,2025-04-01,2025,4,April,71011020,Natural Pearls,Natural (real) pearls - worked,Total,TOTAL,0.19,R,KGS,2026-08-20,Apr-2025  (R),gemstrategy_data/raw/import/71011020/71011020_2025_04.html
import,2025-04-01,2025,4,April,71012100,Cultured Pearls,Cultured pearls - unworked,CHINA P RP,PARTNER,0.43,R,KGS,2026-08-20,Apr-2025  (R),gemstrategy_data/raw/import/71012100/71012100_2025_04.html
import,2025-04-01,2025,4,April,71012100,Cultured Pearls,Cultured pearls - unworked,HONG KONG,PARTNER,0.76,R,KGS,2026-08-20,Apr-2025  (R),gemstrategy_data/raw/import/71012100/71012100_2025_04.html
import,2025-04-01,2025,4,April,71012100,Cultured Pearls,Cultured pearls - unworked,JAPAN,PARTNER,0.18,R,KGS,2026-08-20,Apr-2025  (R),gemstrategy_data/raw/import/71012100/71012100_2025_04.html
import,2025-04-01,2025,4,April,71012100,Cultured Pearls,Cultured pearls - unworked,THAILAND,PARTNER,0.01,R,KGS,2026-08-20,Apr-2025  (R),gemstrategy_data/raw/import/71012100/71012100_2025_04.html
import,2025-04-01,2025,4,April,71012100,Cultured Pearls,Cultured pearls - unworked,Total,TOTAL,1.38,R,KGS,2026-08-20,Apr-2025  (R),gemstrategy_data/raw/import/71012100/71012100_2025_04.html
import,2025-04-01,2025,4,April,71012200,Cultured Pearls,Cultured pearls - worked,CANADA,PARTNER,0.0,R,KGS,2026-08-20,Apr-2025  (R),gemstrategy_data/raw/import/71012200/71012200_2025_04.html
import,2025-04-01,2025,4,April,71012200,Cultured Pearls,Cultured pearls - worked,CHINA P RP,PARTNER,0.05,R,KGS,2026-08-20,Apr-2025  (R),gemstrategy_data/raw/import/71012200/71012200_2025_04.html
import,2025-04-01,2025,4,April,71012200,Cultured Pearls,Cultured pearls - worked,FRANCE,PARTNER,0.0,R,KGS,2026-08-20,Apr-2025  (R),gemstrategy_data/raw/import/71012200/71012200_2025_04.html
import,2025-04-01,2025,4,April,71012200,Cultured Pearls,Cultured pearls - worked,HONG KONG,PARTNER,0.44,R,KGS,2026-08-20,Apr-2025  (R),gemstrategy_data/raw/import/71012200/71012200_2025_04.html
import,2025-04-01,2025,4,April,71012200,Cultured Pearls,Cultured pearls - worked,INDONESIA,PARTNER,0.0,R,KGS,2026-08-20,Apr-2025  (R),gemstrategy_data/raw/import/71012200/71012200_2025_04.html
import,2025-04-01,2025,4,April,71012200,Cultured Pearls,Cultured pearls - worked,JAPAN,PARTNER,0.02,R,KGS,2026-08-20,Apr-2025  (R),gemstrategy_data/raw/import/71012200/71012200_2025_04.html
import,2025-04-01,2025,4,April,71012200,Cultured Pearls,Cultured pearls - worked,MEXICO,PARTNER,0.0,R,KGS,2026-08-20,Apr-2025  (R),gemstrategy_data/raw/import/71012200/71012200_2025_04.html
import,2025-04-01,2025,4,April,71012200,Cultured Pearls,Cultured pearls - worked,SPAIN,PARTNER,0.0,R,KGS,2026-08-20,Apr-2025  (R),gemstrategy_data/raw/import/71012200/71012200_2025_04.html
import,2025-04-01,2025,4,April,71012200,Cultured Pearls,Cultured pearls - worked,THAILAND,PARTNER,0.02,R,KGS,2026-08-20,Apr-2025  (R),gemstrategy_data/raw/import/71012200/71012200_2025_04.html
import,2025-04-01,2025,4,April,71012200,Cultured Pearls,Cultured pearls - worked,U K,PARTNER,0.0,R,KGS,2026-08-20,Apr-2025  (R),gemstrategy_data/raw/import/71012200/71012200_2025_04.html
import,2025-04-01,2025,4,April,71012200,Cultured Pearls,Cultured pearls - worked,U S A,PARTNER,0.05,R,KGS,2026-08-20,Apr-2025  (R),gemstrategy_data/raw/import/71012200/71012200_2025_04.html
import,2025-04-01,2025,4,April,71012200,Cultured Pearls,Cultured pearls - worked,Total,TOTAL,0.59,R,KGS,2026-08-20,Apr-2025  (R),gemstrategy_data/raw/import/71012200/71012200_2025_04.html
import,2025-05-01,2025,5,May,71011010,Natural Pearls,Natural (real) pearls - unworked,FRANCE,PARTNER,0.0,R,KGS,2026-08-20,May-2025  (R),gemstrategy_data/raw/import/71011010/71011010_2025_05.html
import,2025-05-01,2025,5,May,71011010,Natural Pearls,Natural (real) pearls - unworked,HONG KONG,PARTNER,0.0,R,KGS,2026-08-20,May-2025  (R),gemstrategy_data/raw/import/71011010/71011010_2025_05.html
import,2025-05-01,2025,5,May,71011010,Natural Pearls,Natural (real) pearls - unworked,JAPAN,PARTNER,0.28,R,KGS,2026-08-20,May-2025  (R),gemstrategy_data/raw/import/71011010/71011010_2025_05.html
import,2025-05-01,2025,5,May,71011010,Natural Pearls,Natural (real) pearls - unworked,THAILAND,PARTNER,0.0,R,KGS,2026-08-20,May-2025  (R),gemstrategy_data/raw/import/71011010/71011010_2025_05.html
import,2025-05-01,2025,5,May,71011010,Natural Pearls,Natural (real) pearls - unworked,U S A,PARTNER,0.0,R,KGS,2026-08-20,May-2025  (R),gemstrategy_data/raw/import/71011010/71011010_2025_05.html
import,2025-05-01,2025,5,May,71011010,Natural Pearls,Natural (real) pearls - unworked,Total,TOTAL,0.28,R,KGS,2026-08-20,May-2025  (R),gemstrategy_data/raw/import/71011010/71011010_2025_05.html
import,2025-05-01,2025,5,May,71011020,Natural Pearls,Natural (real) pearls - worked,AUSTRALIA,PARTNER,0.0,R,KGS,2026-08-20,May-2025  (R),gemstrategy_data/raw/import/71011020/71011020_2025_05.html
import,2025-05-01,2025,5,May,71011020,Natural Pearls,Natural (real) pearls - worked,BELGIUM,PARTNER,0.0,R,KGS,2026-08-20,May-2025  (R),gemstrategy_data/raw/import/71011020/71011020_2025_05.html
import,2025-05-01,2025,5,May,71011020,Natural Pearls,Natural (real) pearls - worked,HONG KONG,PARTNER,0.0,R,KGS,2026-08-20,May-2025  (R),gemstrategy_data/raw/import/71011020/71011020_2025_05.html
import,2025-05-01,2025,5,May,71011020,Natural Pearls,Natural (real) pearls - worked,JAPAN,PARTNER,0.0,R,KGS,2026-08-20,May-2025  (R),gemstrategy_data/raw/import/71011020/71011020_2025_05.html
import,2025-05-01,2025,5,May,71011020,Natural Pearls,Natural (real) pearls - worked,KOREA RP,PARTNER,0.0,R,KGS,2026-08-20,May-2025  (R),gemstrategy_data/raw/import/71011020/71011020_2025_05.html
import,2025-05-01,2025,5,May,71011020,Natural Pearls,Natural (real) pearls - worked,LITHUANIA,PARTNER,0.0,R,KGS,2026-08-20,May-2025  (R),gemstrategy_data/raw/import/71011020/71011020_2025_05.html
import,2025-05-01,2025,5,May,71011020,Natural Pearls,Natural (real) pearls - worked,SWITZERLAND,PARTNER,0.03,R,KGS,2026-08-20,May-2025  (R),gemstrategy_data/raw/import/71011020/71011020_2025_05.html
import,2025-05-01,2025,5,May,71011020,Natural Pearls,Natural (real) pearls - worked,THAILAND,PARTNER,0.0,R,KGS,2026-08-20,May-2025  (R),gemstrategy_data/raw/import/71011020/71011020_2025_05.html
import,2025-05-01,2025,5,May,71011020,Natural Pearls,Natural (real) pearls - worked,U S A,PARTNER,0.0,R,KGS,2026-08-20,May-2025  (R),gemstrategy_data/raw/import/71011020/71011020_2025_05.html
import,2025-05-01,2025,5,May,71011020,Natural Pearls,Natural (real) pearls - worked,VIETNAM SOC REP,PARTNER,0.0,R,KGS,2026-08-20,May-2025  (R),gemstrategy_data/raw/import/71011020/71011020_2025_05.html
import,2025-05-01,2025,5,May,71011020,Natural Pearls,Natural (real) pearls - worked,Total,TOTAL,0.04,R,KGS,2026-08-20,May-2025  (R),gemstrategy_data/raw/import/71011020/71011020_2025_05.html
import,2025-05-01,2025,5,May,71012100,Cultured Pearls,Cultured pearls - unworked,CHINA P RP,PARTNER,0.1,R,KGS,2026-08-20,May-2025  (R),gemstrategy_data/raw/import/71012100/71012100_2025_05.html
import,2025-05-01,2025,5,May,71012100,Cultured Pearls,Cultured pearls - unworked,HONG KONG,PARTNER,0.06,R,KGS,2026-08-20,May-2025  (R),gemstrategy_data/raw/import/71012100/71012100_2025_05.html
import,2025-05-01,2025,5,May,71012100,Cultured Pearls,Cultured pearls - unworked,INDONESIA,PARTNER,0.0,R,KGS,2026-08-20,May-2025  (R),gemstrategy_data/raw/import/71012100/71012100_2025_05.html
import,2025-05-01,2025,5,May,71012100,Cultured Pearls,Cultured pearls - unworked,JAPAN,PARTNER,0.0,R,KGS,2026-08-20,May-2025  (R),gemstrategy_data/raw/import/71012100/71012100_2025_05.html
import,2025-05-01,2025,5,May,71012100,Cultured Pearls,Cultured pearls - unworked,THAILAND,PARTNER,0.0,R,KGS,2026-08-20,May-2025  (R),gemstrategy_data/raw/import/71012100/71012100_2025_05.html
import,2025-05-01,2025,5,May,71012100,Cultured Pearls,Cultured pearls - unworked,Total,TOTAL,0.16,R,KGS,2026-08-20,May-2025  (R),gemstrategy_data/raw/import/71012100/71012100_2025_05.html
import,2025-05-01,2025,5,May,71012200,Cultured Pearls,Cultured pearls - worked,CANADA,PARTNER,0.0,R,KGS,2026-08-20,May-2025  (R),gemstrategy_data/raw/import/71012200/71012200_2025_05.html
import,2025-05-01,2025,5,May,71012200,Cultured Pearls,Cultured pearls - worked,CHINA P RP,PARTNER,0.03,R,KGS,2026-08-20,May-2025  (R),gemstrategy_data/raw/import/71012200/71012200_2025_05.html
import,2025-05-01,2025,5,May,71012200,Cultured Pearls,Cultured pearls - worked,FRANCE,PARTNER,0.0,R,KGS,2026-08-20,May-2025  (R),gemstrategy_data/raw/import/71012200/71012200_2025_05.html
import,2025-05-01,2025,5,May,71012200,Cultured Pearls,Cultured pearls - worked,GERMANY,PARTNER,0.0,R,KGS,2026-08-20,May-2025  (R),gemstrategy_data/raw/import/71012200/71012200_2025_05.html
import,2025-05-01,2025,5,May,71012200,Cultured Pearls,Cultured pearls - worked,HONG KONG,PARTNER,0.24,R,KGS,2026-08-20,May-2025  (R),gemstrategy_data/raw/import/71012200/71012200_2025_05.html
import,2025-05-01,2025,5,May,71012200,Cultured Pearls,Cultured pearls - worked,INDONESIA,PARTNER,0.02,R,KGS,2026-08-20,May-2025  (R),gemstrategy_data/raw/import/71012200/71012200_2025_05.html
import,2025-05-01,2025,5,May,71012200,Cultured Pearls,Cultured pearls - worked,ITALY,PARTNER,0.0,R,KGS,2026-08-20,May-2025  (R),gemstrategy_data/raw/import/71012200/71012200_2025_05.html
import,2025-05-01,2025,5,May,71012200,Cultured Pearls,Cultured pearls - worked,JAPAN,PARTNER,0.0,R,KGS,2026-08-20,May-2025  (R),gemstrategy_data/raw/import/71012200/71012200_2025_05.html
import,2025-05-01,2025,5,May,71012200,Cultured Pearls,Cultured pearls - worked,MEXICO,PARTNER,0.01,R,KGS,2026-08-20,May-2025  (R),gemstrategy_data/raw/import/71012200/71012200_2025_05.html
import,2025-05-01,2025,5,May,71012200,Cultured Pearls,Cultured pearls - worked,SINGAPORE,PARTNER,0.0,R,KGS,2026-08-20,May-2025  (R),gemstrategy_data/raw/import/71012200/71012200_2025_05.html
import,2025-05-01,2025,5,May,71012200,Cultured Pearls,Cultured pearls - worked,SPAIN,PARTNER,0.0,R,KGS,2026-08-20,May-2025  (R),gemstrategy_data/raw/import/71012200/71012200_2025_05.html
import,2025-05-01,2025,5,May,71012200,Cultured Pearls,Cultured pearls - worked,THAILAND,PARTNER,0.01,R,KGS,2026-08-20,May-2025  (R),gemstrategy_data/raw/import/71012200/71012200_2025_05.html
import,2025-05-01,2025,5,May,71012200,Cultured Pearls,Cultured pearls - worked,U ARAB EMTS,PARTNER,0.0,R,KGS,2026-08-20,May-2025  (R),gemstrategy_data/raw/import/71012200/71012200_2025_05.html
import,2025-05-01,2025,5,May,71012200,Cultured Pearls,Cultured pearls - worked,U K,PARTNER,0.0,R,KGS,2026-08-20,May-2025  (R),gemstrategy_data/raw/import/71012200/71012200_2025_05.html
import,2025-05-01,2025,5,May,71012200,Cultured Pearls,Cultured pearls - worked,U S A,PARTNER,0.26,R,KGS,2026-08-20,May-2025  (R),gemstrategy_data/raw/import/71012200/71012200_2025_05.html
import,2025-05-01,2025,5,May,71012200,Cultured Pearls,Cultured pearls - worked,Total,TOTAL,0.58,R,KGS,2026-08-20,May-2025  (R),gemstrategy_data/raw/import/71012200/71012200_2025_05.html
import,2025-06-01,2025,6,June,71011010,Natural Pearls,Natural (real) pearls - unworked,FRANCE,PARTNER,0.0,R,KGS,2026-08-20,Jun-2025  (R),gemstrategy_data/raw/import/71011010/71011010_2025_06.html
import,2025-06-01,2025,6,June,71011010,Natural Pearls,Natural (real) pearls - unworked,HONG KONG,PARTNER,0.16,R,KGS,2026-08-20,Jun-2025  (R),gemstrategy_data/raw/import/71011010/71011010_2025_06.html
import,2025-06-01,2025,6,June,71011010,Natural Pearls,Natural (real) pearls - unworked,JAPAN,PARTNER,0.06,R,KGS,2026-08-20,Jun-2025  (R),gemstrategy_data/raw/import/71011010/71011010_2025_06.html
import,2025-06-01,2025,6,June,71011010,Natural Pearls,Natural (real) pearls - unworked,SPAIN,PARTNER,0.0,R,KGS,2026-08-20,Jun-2025  (R),gemstrategy_data/raw/import/71011010/71011010_2025_06.html
import,2025-06-01,2025,6,June,71011010,Natural Pearls,Natural (real) pearls - unworked,SWITZERLAND,PARTNER,0.0,R,KGS,2026-08-20,Jun-2025  (R),gemstrategy_data/raw/import/71011010/71011010_2025_06.html
import,2025-06-01,2025,6,June,71011010,Natural Pearls,Natural (real) pearls - unworked,THAILAND,PARTNER,0.0,R,KGS,2026-08-20,Jun-2025  (R),gemstrategy_data/raw/import/71011010/71011010_2025_06.html
import,2025-06-01,2025,6,June,71011010,Natural Pearls,Natural (real) pearls - unworked,U ARAB EMTS,PARTNER,0.0,R,KGS,2026-08-20,Jun-2025  (R),gemstrategy_data/raw/import/71011010/71011010_2025_06.html
import,2025-06-01,2025,6,June,71011010,Natural Pearls,Natural (real) pearls - unworked,U S A,PARTNER,0.0,R,KGS,2026-08-20,Jun-2025  (R),gemstrategy_data/raw/import/71011010/71011010_2025_06.html
import,2025-06-01,2025,6,June,71011010,Natural Pearls,Natural (real) pearls - unworked,Total,TOTAL,0.22,R,KGS,2026-08-20,Jun-2025  (R),gemstrategy_data/raw/import/71011010/71011010_2025_06.html
import,2025-06-01,2025,6,June,71011020,Natural Pearls,Natural (real) pearls - worked,AUSTRALIA,PARTNER,0.0,R,KGS,2026-08-20,Jun-2025  (R),gemstrategy_data/raw/import/71011020/71011020_2025_06.html
import,2025-06-01,2025,6,June,71011020,Natural Pearls,Natural (real) pearls - worked,BELGIUM,PARTNER,0.0,R,KGS,2026-08-20,Jun-2025  (R),gemstrategy_data/raw/import/71011020/71011020_2025_06.html
import,2025-06-01,2025,6,June,71011020,Natural Pearls,Natural (real) pearls - worked,HONG KONG,PARTNER,0.0,R,KGS,2026-08-20,Jun-2025  (R),gemstrategy_data/raw/import/71011020/71011020_2025_06.html
import,2025-06-01,2025,6,June,71011020,Natural Pearls,Natural (real) pearls - worked,JAPAN,PARTNER,0.0,R,KGS,2026-08-20,Jun-2025  (R),gemstrategy_data/raw/import/71011020/71011020_2025_06.html
import,2025-06-01,2025,6,June,71011020,Natural Pearls,Natural (real) pearls - worked,KOREA RP,PARTNER,0.0,R,KGS,2026-08-20,Jun-2025  (R),gemstrategy_data/raw/import/71011020/71011020_2025_06.html
import,2025-06-01,2025,6,June,71011020,Natural Pearls,Natural (real) pearls - worked,LITHUANIA,PARTNER,0.0,R,KGS,2026-08-20,Jun-2025  (R),gemstrategy_data/raw/import/71011020/71011020_2025_06.html
import,2025-06-01,2025,6,June,71011020,Natural Pearls,Natural (real) pearls - worked,SWITZERLAND,PARTNER,0.0,R,KGS,2026-08-20,Jun-2025  (R),gemstrategy_data/raw/import/71011020/71011020_2025_06.html
import,2025-06-01,2025,6,June,71011020,Natural Pearls,Natural (real) pearls - worked,THAILAND,PARTNER,0.0,R,KGS,2026-08-20,Jun-2025  (R),gemstrategy_data/raw/import/71011020/71011020_2025_06.html
import,2025-06-01,2025,6,June,71011020,Natural Pearls,Natural (real) pearls - worked,U ARAB EMTS,PARTNER,0.06,R,KGS,2026-08-20,Jun-2025  (R),gemstrategy_data/raw/import/71011020/71011020_2025_06.html
import,2025-06-01,2025,6,June,71011020,Natural Pearls,Natural (real) pearls - worked,U S A,PARTNER,0.0,R,KGS,2026-08-20,Jun-2025  (R),gemstrategy_data/raw/import/71011020/71011020_2025_06.html
import,2025-06-01,2025,6,June,71011020,Natural Pearls,Natural (real) pearls - worked,VIETNAM SOC REP,PARTNER,0.0,R,KGS,2026-08-20,Jun-2025  (R),gemstrategy_data/raw/import/71011020/71011020_2025_06.html
import,2025-06-01,2025,6,June,71011020,Natural Pearls,Natural (real) pearls - worked,Total,TOTAL,0.06,R,KGS,2026-08-20,Jun-2025  (R),gemstrategy_data/raw/import/71011020/71011020_2025_06.html
import,2025-06-01,2025,6,June,71012100,Cultured Pearls,Cultured pearls - unworked,CHINA P RP,PARTNER,0.51,R,KGS,2026-08-20,Jun-2025  (R),gemstrategy_data/raw/import/71012100/71012100_2025_06.html
import,2025-06-01,2025,6,June,71012100,Cultured Pearls,Cultured pearls - unworked,HONG KONG,PARTNER,0.22,R,KGS,2026-08-20,Jun-2025  (R),gemstrategy_data/raw/import/71012100/71012100_2025_06.html
import,2025-06-01,2025,6,June,71012100,Cultured Pearls,Cultured pearls - unworked,INDONESIA,PARTNER,0.0,R,KGS,2026-08-20,Jun-2025  (R),gemstrategy_data/raw/import/71012100/71012100_2025_06.html
import,2025-06-01,2025,6,June,71012100,Cultured Pearls,Cultured pearls - unworked,JAPAN,PARTNER,0.06,R,KGS,2026-08-20,Jun-2025  (R),gemstrategy_data/raw/import/71012100/71012100_2025_06.html
import,2025-06-01,2025,6,June,71012100,Cultured Pearls,Cultured pearls - unworked,THAILAND,PARTNER,0.01,R,KGS,2026-08-20,Jun-2025  (R),gemstrategy_data/raw/import/71012100/71012100_2025_06.html
import,2025-06-01,2025,6,June,71012100,Cultured Pearls,Cultured pearls - unworked,U S A,PARTNER,0.0,R,KGS,2026-08-20,Jun-2025  (R),gemstrategy_data/raw/import/71012100/71012100_2025_06.html
import,2025-06-01,2025,6,June,71012100,Cultured Pearls,Cultured pearls - unworked,Total,TOTAL,0.81,R,KGS,2026-08-20,Jun-2025  (R),gemstrategy_data/raw/import/71012100/71012100_2025_06.html
import,2025-06-01,2025,6,June,71012200,Cultured Pearls,Cultured pearls - worked,CANADA,PARTNER,0.0,R,KGS,2026-08-20,Jun-2025  (R),gemstrategy_data/raw/import/71012200/71012200_2025_06.html
import,2025-06-01,2025,6,June,71012200,Cultured Pearls,Cultured pearls - worked,CHINA P RP,PARTNER,0.02,R,KGS,2026-08-20,Jun-2025  (R),gemstrategy_data/raw/import/71012200/71012200_2025_06.html
import,2025-06-01,2025,6,June,71012200,Cultured Pearls,Cultured pearls - worked,FRANCE,PARTNER,0.0,R,KGS,2026-08-20,Jun-2025  (R),gemstrategy_data/raw/import/71012200/71012200_2025_06.html
import,2025-06-01,2025,6,June,71012200,Cultured Pearls,Cultured pearls - worked,GERMANY,PARTNER,0.0,R,KGS,2026-08-20,Jun-2025  (R),gemstrategy_data/raw/import/71012200/71012200_2025_06.html
import,2025-06-01,2025,6,June,71012200,Cultured Pearls,Cultured pearls - worked,HONG KONG,PARTNER,0.39,R,KGS,2026-08-20,Jun-2025  (R),gemstrategy_data/raw/import/71012200/71012200_2025_06.html
import,2025-06-01,2025,6,June,71012200,Cultured Pearls,Cultured pearls - worked,INDONESIA,PARTNER,0.01,R,KGS,2026-08-20,Jun-2025  (R),gemstrategy_data/raw/import/71012200/71012200_2025_06.html
import,2025-06-01,2025,6,June,71012200,Cultured Pearls,Cultured pearls - worked,ITALY,PARTNER,0.0,R,KGS,2026-08-20,Jun-2025  (R),gemstrategy_data/raw/import/71012200/71012200_2025_06.html
import,2025-06-01,2025,6,June,71012200,Cultured Pearls,Cultured pearls - worked,JAPAN,PARTNER,0.16,R,KGS,2026-08-20,Jun-2025  (R),gemstrategy_data/raw/import/71012200/71012200_2025_06.html
import,2025-06-01,2025,6,June,71012200,Cultured Pearls,Cultured pearls - worked,MEXICO,PARTNER,0.0,R,KGS,2026-08-20,Jun-2025  (R),gemstrategy_data/raw/import/71012200/71012200_2025_06.html
import,2025-06-01,2025,6,June,71012200,Cultured Pearls,Cultured pearls - worked,SINGAPORE,PARTNER,0.0,R,KGS,2026-08-20,Jun-2025  (R),gemstrategy_data/raw/import/71012200/71012200_2025_06.html
import,2025-06-01,2025,6,June,71012200,Cultured Pearls,Cultured pearls - worked,SPAIN,PARTNER,0.0,R,KGS,2026-08-20,Jun-2025  (R),gemstrategy_data/raw/import/71012200/71012200_2025_06.html
import,2025-06-01,2025,6,June,71012200,Cultured Pearls,Cultured pearls - worked,THAILAND,PARTNER,0.02,R,KGS,2026-08-20,Jun-2025  (R),gemstrategy_data/raw/import/71012200/71012200_2025_06.html
import,2025-06-01,2025,6,June,71012200,Cultured Pearls,Cultured pearls - worked,U ARAB EMTS,PARTNER,0.0,R,KGS,2026-08-20,Jun-2025  (R),gemstrategy_data/raw/import/71012200/71012200_2025_06.html
import,2025-06-01,2025,6,June,71012200,Cultured Pearls,Cultured pearls - worked,U K,PARTNER,0.0,R,KGS,2026-08-20,Jun-2025  (R),gemstrategy_data/raw/import/71012200/71012200_2025_06.html
import,2025-06-01,2025,6,June,71012200,Cultured Pearls,Cultured pearls - worked,U S A,PARTNER,0.02,R,KGS,2026-08-20,Jun-2025  (R),gemstrategy_data/raw/import/71012200/71012200_2025_06.html
import,2025-06-01,2025,6,June,71012200,Cultured Pearls,Cultured pearls - worked,Total,TOTAL,0.62,R,KGS,2026-08-20,Jun-2025  (R),gemstrategy_data/raw/import/71012200/71012200_2025_06.html
import,2025-07-01,2025,7,July,71011010,Natural Pearls,Natural (real) pearls - unworked,FRANCE,PARTNER,0.0,R,KGS,2026-08-20,Jul-2025  (R),gemstrategy_data/raw/import/71011010/71011010_2025_07.html
import,2025-07-01,2025,7,July,71011010,Natural Pearls,Natural (real) pearls - unworked,HONG KONG,PARTNER,0.24,R,KGS,2026-08-20,Jul-2025  (R),gemstrategy_data/raw/import/71011010/71011010_2025_07.html
import,2025-07-01,2025,7,July,71011010,Natural Pearls,Natural (real) pearls - unworked,JAPAN,PARTNER,0.05,R,KGS,2026-08-20,Jul-2025  (R),gemstrategy_data/raw/import/71011010/71011010_2025_07.html
import,2025-07-01,2025,7,July,71011010,Natural Pearls,Natural (real) pearls - unworked,SPAIN,PARTNER,0.0,R,KGS,2026-08-20,Jul-2025  (R),gemstrategy_data/raw/import/71011010/71011010_2025_07.html
import,2025-07-01,2025,7,July,71011010,Natural Pearls,Natural (real) pearls - unworked,SWITZERLAND,PARTNER,0.0,R,KGS,2026-08-20,Jul-2025  (R),gemstrategy_data/raw/import/71011010/71011010_2025_07.html
import,2025-07-01,2025,7,July,71011010,Natural Pearls,Natural (real) pearls - unworked,THAILAND,PARTNER,0.0,R,KGS,2026-08-20,Jul-2025  (R),gemstrategy_data/raw/import/71011010/71011010_2025_07.html
import,2025-07-01,2025,7,July,71011010,Natural Pearls,Natural (real) pearls - unworked,U ARAB EMTS,PARTNER,0.0,R,KGS,2026-08-20,Jul-2025  (R),gemstrategy_data/raw/import/71011010/71011010_2025_07.html
import,2025-07-01,2025,7,July,71011010,Natural Pearls,Natural (real) pearls - unworked,U S A,PARTNER,0.0,R,KGS,2026-08-20,Jul-2025  (R),gemstrategy_data/raw/import/71011010/71011010_2025_07.html
import,2025-07-01,2025,7,July,71011010,Natural Pearls,Natural (real) pearls - unworked,Total,TOTAL,0.29,R,KGS,2026-08-20,Jul-2025  (R),gemstrategy_data/raw/import/71011010/71011010_2025_07.html
import,2025-07-01,2025,7,July,71011020,Natural Pearls,Natural (real) pearls - worked,AUSTRALIA,PARTNER,0.0,R,KGS,2026-08-20,Jul-2025  (R),gemstrategy_data/raw/import/71011020/71011020_2025_07.html
import,2025-07-01,2025,7,July,71011020,Natural Pearls,Natural (real) pearls - worked,BELGIUM,PARTNER,0.0,R,KGS,2026-08-20,Jul-2025  (R),gemstrategy_data/raw/import/71011020/71011020_2025_07.html
import,2025-07-01,2025,7,July,71011020,Natural Pearls,Natural (real) pearls - worked,HONG KONG,PARTNER,0.14,R,KGS,2026-08-20,Jul-2025  (R),gemstrategy_data/raw/import/71011020/71011020_2025_07.html
import,2025-07-01,2025,7,July,71011020,Natural Pearls,Natural (real) pearls - worked,JAPAN,PARTNER,0.0,R,KGS,2026-08-20,Jul-2025  (R),gemstrategy_data/raw/import/71011020/71011020_2025_07.html
import,2025-07-01,2025,7,July,71011020,Natural Pearls,Natural (real) pearls - worked,KOREA RP,PARTNER,0.0,R,KGS,2026-08-20,Jul-2025  (R),gemstrategy_data/raw/import/71011020/71011020_2025_07.html
import,2025-07-01,2025,7,July,71011020,Natural Pearls,Natural (real) pearls - worked,LITHUANIA,PARTNER,0.0,R,KGS,2026-08-20,Jul-2025  (R),gemstrategy_data/raw/import/71011020/71011020_2025_07.html
import,2025-07-01,2025,7,July,71011020,Natural Pearls,Natural (real) pearls - worked,SWITZERLAND,PARTNER,0.03,R,KGS,2026-08-20,Jul-2025  (R),gemstrategy_data/raw/import/71011020/71011020_2025_07.html
import,2025-07-01,2025,7,July,71011020,Natural Pearls,Natural (real) pearls - worked,THAILAND,PARTNER,0.0,R,KGS,2026-08-20,Jul-2025  (R),gemstrategy_data/raw/import/71011020/71011020_2025_07.html
import,2025-07-01,2025,7,July,71011020,Natural Pearls,Natural (real) pearls - worked,U ARAB EMTS,PARTNER,0.0,R,KGS,2026-08-20,Jul-2025  (R),gemstrategy_data/raw/import/71011020/71011020_2025_07.html
import,2025-07-01,2025,7,July,71011020,Natural Pearls,Natural (real) pearls - worked,U K,PARTNER,0.0,R,KGS,2026-08-20,Jul-2025  (R),gemstrategy_data/raw/import/71011020/71011020_2025_07.html
import,2025-07-01,2025,7,July,71011020,Natural Pearls,Natural (real) pearls - worked,U S A,PARTNER,0.19,R,KGS,2026-08-20,Jul-2025  (R),gemstrategy_data/raw/import/71011020/71011020_2025_07.html
import,2025-07-01,2025,7,July,71011020,Natural Pearls,Natural (real) pearls - worked,VIETNAM SOC REP,PARTNER,0.0,R,KGS,2026-08-20,Jul-2025  (R),gemstrategy_data/raw/import/71011020/71011020_2025_07.html
import,2025-07-01,2025,7,July,71011020,Natural Pearls,Natural (real) pearls - worked,Total,TOTAL,0.35,R,KGS,2026-08-20,Jul-2025  (R),gemstrategy_data/raw/import/71011020/71011020_2025_07.html
import,2025-07-01,2025,7,July,71012100,Cultured Pearls,Cultured pearls - unworked,CHINA P RP,PARTNER,0.11,R,KGS,2026-08-20,Jul-2025  (R),gemstrategy_data/raw/import/71012100/71012100_2025_07.html
import,2025-07-01,2025,7,July,71012100,Cultured Pearls,Cultured pearls - unworked,HONG KONG,PARTNER,0.63,R,KGS,2026-08-20,Jul-2025  (R),gemstrategy_data/raw/import/71012100/71012100_2025_07.html
import,2025-07-01,2025,7,July,71012100,Cultured Pearls,Cultured pearls - unworked,INDONESIA,PARTNER,0.01,R,KGS,2026-08-20,Jul-2025  (R),gemstrategy_data/raw/import/71012100/71012100_2025_07.html
import,2025-07-01,2025,7,July,71012100,Cultured Pearls,Cultured pearls - unworked,JAPAN,PARTNER,0.33,R,KGS,2026-08-20,Jul-2025  (R),gemstrategy_data/raw/import/71012100/71012100_2025_07.html
import,2025-07-01,2025,7,July,71012100,Cultured Pearls,Cultured pearls - unworked,THAILAND,PARTNER,0.01,R,KGS,2026-08-20,Jul-2025  (R),gemstrategy_data/raw/import/71012100/71012100_2025_07.html
import,2025-07-01,2025,7,July,71012100,Cultured Pearls,Cultured pearls - unworked,U S A,PARTNER,0.0,R,KGS,2026-08-20,Jul-2025  (R),gemstrategy_data/raw/import/71012100/71012100_2025_07.html
import,2025-07-01,2025,7,July,71012100,Cultured Pearls,Cultured pearls - unworked,Total,TOTAL,1.08,R,KGS,2026-08-20,Jul-2025  (R),gemstrategy_data/raw/import/71012100/71012100_2025_07.html
import,2025-07-01,2025,7,July,71012200,Cultured Pearls,Cultured pearls - worked,CANADA,PARTNER,0.0,R,KGS,2026-08-20,Jul-2025  (R),gemstrategy_data/raw/import/71012200/71012200_2025_07.html
import,2025-07-01,2025,7,July,71012200,Cultured Pearls,Cultured pearls - worked,CHINA P RP,PARTNER,0.02,R,KGS,2026-08-20,Jul-2025  (R),gemstrategy_data/raw/import/71012200/71012200_2025_07.html
import,2025-07-01,2025,7,July,71012200,Cultured Pearls,Cultured pearls - worked,FRANCE,PARTNER,0.0,R,KGS,2026-08-20,Jul-2025  (R),gemstrategy_data/raw/import/71012200/71012200_2025_07.html
import,2025-07-01,2025,7,July,71012200,Cultured Pearls,Cultured pearls - worked,GERMANY,PARTNER,0.0,R,KGS,2026-08-20,Jul-2025  (R),gemstrategy_data/raw/import/71012200/71012200_2025_07.html
import,2025-07-01,2025,7,July,71012200,Cultured Pearls,Cultured pearls - worked,HONG KONG,PARTNER,0.46,R,KGS,2026-08-20,Jul-2025  (R),gemstrategy_data/raw/import/71012200/71012200_2025_07.html
import,2025-07-01,2025,7,July,71012200,Cultured Pearls,Cultured pearls - worked,INDONESIA,PARTNER,0.0,R,KGS,2026-08-20,Jul-2025  (R),gemstrategy_data/raw/import/71012200/71012200_2025_07.html
import,2025-07-01,2025,7,July,71012200,Cultured Pearls,Cultured pearls - worked,ITALY,PARTNER,0.0,R,KGS,2026-08-20,Jul-2025  (R),gemstrategy_data/raw/import/71012200/71012200_2025_07.html
import,2025-07-01,2025,7,July,71012200,Cultured Pearls,Cultured pearls - worked,JAPAN,PARTNER,0.05,R,KGS,2026-08-20,Jul-2025  (R),gemstrategy_data/raw/import/71012200/71012200_2025_07.html
import,2025-07-01,2025,7,July,71012200,Cultured Pearls,Cultured pearls - worked,MEXICO,PARTNER,0.0,R,KGS,2026-08-20,Jul-2025  (R),gemstrategy_data/raw/import/71012200/71012200_2025_07.html
import,2025-07-01,2025,7,July,71012200,Cultured Pearls,Cultured pearls - worked,SINGAPORE,PARTNER,0.0,R,KGS,2026-08-20,Jul-2025  (R),gemstrategy_data/raw/import/71012200/71012200_2025_07.html
import,2025-07-01,2025,7,July,71012200,Cultured Pearls,Cultured pearls - worked,SPAIN,PARTNER,0.0,R,KGS,2026-08-20,Jul-2025  (R),gemstrategy_data/raw/import/71012200/71012200_2025_07.html
import,2025-07-01,2025,7,July,71012200,Cultured Pearls,Cultured pearls - worked,THAILAND,PARTNER,0.0,R,KGS,2026-08-20,Jul-2025  (R),gemstrategy_data/raw/import/71012200/71012200_2025_07.html
import,2025-07-01,2025,7,July,71012200,Cultured Pearls,Cultured pearls - worked,U ARAB EMTS,PARTNER,0.0,R,KGS,2026-08-20,Jul-2025  (R),gemstrategy_data/raw/import/71012200/71012200_2025_07.html
import,2025-07-01,2025,7,July,71012200,Cultured Pearls,Cultured pearls - worked,U K,PARTNER,0.0,R,KGS,2026-08-20,Jul-2025  (R),gemstrategy_data/raw/import/71012200/71012200_2025_07.html
import,2025-07-01,2025,7,July,71012200,Cultured Pearls,Cultured pearls - worked,U S A,PARTNER,0.0,R,KGS,2026-08-20,Jul-2025  (R),gemstrategy_data/raw/import/71012200/71012200_2025_07.html
import,2025-07-01,2025,7,July,71012200,Cultured Pearls,Cultured pearls - worked,Total,TOTAL,0.54,R,KGS,2026-08-20,Jul-2025  (R),gemstrategy_data/raw/import/71012200/71012200_2025_07.html
import,2025-08-01,2025,8,August,71011010,Natural Pearls,Natural (real) pearls - unworked,FRANCE,PARTNER,0.0,R,KGS,2026-08-20,Aug-2025  (R),gemstrategy_data/raw/import/71011010/71011010_2025_08.html
import,2025-08-01,2025,8,August,71011010,Natural Pearls,Natural (real) pearls - unworked,HONG KONG,PARTNER,0.1,R,KGS,2026-08-20,Aug-2025  (R),gemstrategy_data/raw/import/71011010/71011010_2025_08.html
import,2025-08-01,2025,8,August,71011010,Natural Pearls,Natural (real) pearls - unworked,JAPAN,PARTNER,0.58,R,KGS,2026-08-20,Aug-2025  (R),gemstrategy_data/raw/import/71011010/71011010_2025_08.html
import,2025-08-01,2025,8,August,71011010,Natural Pearls,Natural (real) pearls - unworked,SPAIN,PARTNER,0.0,R,KGS,2026-08-20,Aug-2025  (R),gemstrategy_data/raw/import/71011010/71011010_2025_08.html
import,2025-08-01,2025,8,August,71011010,Natural Pearls,Natural (real) pearls - unworked,SWITZERLAND,PARTNER,0.0,R,KGS,2026-08-20,Aug-2025  (R),gemstrategy_data/raw/import/71011010/71011010_2025_08.html
import,2025-08-01,2025,8,August,71011010,Natural Pearls,Natural (real) pearls - unworked,THAILAND,PARTNER,0.0,R,KGS,2026-08-20,Aug-2025  (R),gemstrategy_data/raw/import/71011010/71011010_2025_08.html
import,2025-08-01,2025,8,August,71011010,Natural Pearls,Natural (real) pearls - unworked,U ARAB EMTS,PARTNER,0.01,R,KGS,2026-08-20,Aug-2025  (R),gemstrategy_data/raw/import/71011010/71011010_2025_08.html
import,2025-08-01,2025,8,August,71011010,Natural Pearls,Natural (real) pearls - unworked,U S A,PARTNER,0.0,R,KGS,2026-08-20,Aug-2025  (R),gemstrategy_data/raw/import/71011010/71011010_2025_08.html
import,2025-08-01,2025,8,August,71011010,Natural Pearls,Natural (real) pearls - unworked,Total,TOTAL,0.69,R,KGS,2026-08-20,Aug-2025  (R),gemstrategy_data/raw/import/71011010/71011010_2025_08.html
import,2025-08-01,2025,8,August,71011020,Natural Pearls,Natural (real) pearls - worked,AUSTRALIA,PARTNER,0.0,R,KGS,2026-08-20,Aug-2025  (R),gemstrategy_data/raw/import/71011020/71011020_2025_08.html
import,2025-08-01,2025,8,August,71011020,Natural Pearls,Natural (real) pearls - worked,BELGIUM,PARTNER,0.0,R,KGS,2026-08-20,Aug-2025  (R),gemstrategy_data/raw/import/71011020/71011020_2025_08.html
import,2025-08-01,2025,8,August,71011020,Natural Pearls,Natural (real) pearls - worked,CHINA P RP,PARTNER,0.0,R,KGS,2026-08-20,Aug-2025  (R),gemstrategy_data/raw/import/71011020/71011020_2025_08.html
import,2025-08-01,2025,8,August,71011020,Natural Pearls,Natural (real) pearls - worked,HONG KONG,PARTNER,0.0,R,KGS,2026-08-20,Aug-2025  (R),gemstrategy_data/raw/import/71011020/71011020_2025_08.html
import,2025-08-01,2025,8,August,71011020,Natural Pearls,Natural (real) pearls - worked,JAPAN,PARTNER,0.0,R,KGS,2026-08-20,Aug-2025  (R),gemstrategy_data/raw/import/71011020/71011020_2025_08.html
import,2025-08-01,2025,8,August,71011020,Natural Pearls,Natural (real) pearls - worked,KOREA RP,PARTNER,0.0,R,KGS,2026-08-20,Aug-2025  (R),gemstrategy_data/raw/import/71011020/71011020_2025_08.html
import,2025-08-01,2025,8,August,71011020,Natural Pearls,Natural (real) pearls - worked,LITHUANIA,PARTNER,0.0,R,KGS,2026-08-20,Aug-2025  (R),gemstrategy_data/raw/import/71011020/71011020_2025_08.html
import,2025-08-01,2025,8,August,71011020,Natural Pearls,Natural (real) pearls - worked,SRI LANKA DSR,PARTNER,0.0,R,KGS,2026-08-20,Aug-2025  (R),gemstrategy_data/raw/import/71011020/71011020_2025_08.html
import,2025-08-01,2025,8,August,71011020,Natural Pearls,Natural (real) pearls - worked,SWITZERLAND,PARTNER,0.0,R,KGS,2026-08-20,Aug-2025  (R),gemstrategy_data/raw/import/71011020/71011020_2025_08.html
import,2025-08-01,2025,8,August,71011020,Natural Pearls,Natural (real) pearls - worked,THAILAND,PARTNER,0.0,R,KGS,2026-08-20,Aug-2025  (R),gemstrategy_data/raw/import/71011020/71011020_2025_08.html
import,2025-08-01,2025,8,August,71011020,Natural Pearls,Natural (real) pearls - worked,U ARAB EMTS,PARTNER,0.0,R,KGS,2026-08-20,Aug-2025  (R),gemstrategy_data/raw/import/71011020/71011020_2025_08.html
import,2025-08-01,2025,8,August,71011020,Natural Pearls,Natural (real) pearls - worked,U K,PARTNER,0.0,R,KGS,2026-08-20,Aug-2025  (R),gemstrategy_data/raw/import/71011020/71011020_2025_08.html
import,2025-08-01,2025,8,August,71011020,Natural Pearls,Natural (real) pearls - worked,U S A,PARTNER,0.0,R,KGS,2026-08-20,Aug-2025  (R),gemstrategy_data/raw/import/71011020/71011020_2025_08.html
import,2025-08-01,2025,8,August,71011020,Natural Pearls,Natural (real) pearls - worked,VIETNAM SOC REP,PARTNER,0.0,R,KGS,2026-08-20,Aug-2025  (R),gemstrategy_data/raw/import/71011020/71011020_2025_08.html
import,2025-08-01,2025,8,August,71011020,Natural Pearls,Natural (real) pearls - worked,Total,TOTAL,0.0,R,KGS,2026-08-20,Aug-2025  (R),gemstrategy_data/raw/import/71011020/71011020_2025_08.html
import,2025-08-01,2025,8,August,71012100,Cultured Pearls,Cultured pearls - unworked,CHINA P RP,PARTNER,0.1,R,KGS,2026-08-20,Aug-2025  (R),gemstrategy_data/raw/import/71012100/71012100_2025_08.html
import,2025-08-01,2025,8,August,71012100,Cultured Pearls,Cultured pearls - unworked,HONG KONG,PARTNER,0.08,R,KGS,2026-08-20,Aug-2025  (R),gemstrategy_data/raw/import/71012100/71012100_2025_08.html
import,2025-08-01,2025,8,August,71012100,Cultured Pearls,Cultured pearls - unworked,INDONESIA,PARTNER,0.0,R,KGS,2026-08-20,Aug-2025  (R),gemstrategy_data/raw/import/71012100/71012100_2025_08.html
import,2025-08-01,2025,8,August,71012100,Cultured Pearls,Cultured pearls - unworked,JAPAN,PARTNER,0.04,R,KGS,2026-08-20,Aug-2025  (R),gemstrategy_data/raw/import/71012100/71012100_2025_08.html
import,2025-08-01,2025,8,August,71012100,Cultured Pearls,Cultured pearls - unworked,THAILAND,PARTNER,0.0,R,KGS,2026-08-20,Aug-2025  (R),gemstrategy_data/raw/import/71012100/71012100_2025_08.html
import,2025-08-01,2025,8,August,71012100,Cultured Pearls,Cultured pearls - unworked,U S A,PARTNER,0.0,R,KGS,2026-08-20,Aug-2025  (R),gemstrategy_data/raw/import/71012100/71012100_2025_08.html
import,2025-08-01,2025,8,August,71012100,Cultured Pearls,Cultured pearls - unworked,Total,TOTAL,0.22,R,KGS,2026-08-20,Aug-2025  (R),gemstrategy_data/raw/import/71012100/71012100_2025_08.html
import,2025-08-01,2025,8,August,71012200,Cultured Pearls,Cultured pearls - worked,CANADA,PARTNER,0.0,R,KGS,2026-08-20,Aug-2025  (R),gemstrategy_data/raw/import/71012200/71012200_2025_08.html
import,2025-08-01,2025,8,August,71012200,Cultured Pearls,Cultured pearls - worked,CHINA P RP,PARTNER,0.1,R,KGS,2026-08-20,Aug-2025  (R),gemstrategy_data/raw/import/71012200/71012200_2025_08.html
import,2025-08-01,2025,8,August,71012200,Cultured Pearls,Cultured pearls - worked,FRANCE,PARTNER,0.0,R,KGS,2026-08-20,Aug-2025  (R),gemstrategy_data/raw/import/71012200/71012200_2025_08.html
import,2025-08-01,2025,8,August,71012200,Cultured Pearls,Cultured pearls - worked,GERMANY,PARTNER,0.0,R,KGS,2026-08-20,Aug-2025  (R),gemstrategy_data/raw/import/71012200/71012200_2025_08.html
import,2025-08-01,2025,8,August,71012200,Cultured Pearls,Cultured pearls - worked,HONG KONG,PARTNER,0.23,R,KGS,2026-08-20,Aug-2025  (R),gemstrategy_data/raw/import/71012200/71012200_2025_08.html
import,2025-08-01,2025,8,August,71012200,Cultured Pearls,Cultured pearls - worked,INDONESIA,PARTNER,0.0,R,KGS,2026-08-20,Aug-2025  (R),gemstrategy_data/raw/import/71012200/71012200_2025_08.html
import,2025-08-01,2025,8,August,71012200,Cultured Pearls,Cultured pearls - worked,ITALY,PARTNER,0.0,R,KGS,2026-08-20,Aug-2025  (R),gemstrategy_data/raw/import/71012200/71012200_2025_08.html
import,2025-08-01,2025,8,August,71012200,Cultured Pearls,Cultured pearls - worked,JAPAN,PARTNER,0.11,R,KGS,2026-08-20,Aug-2025  (R),gemstrategy_data/raw/import/71012200/71012200_2025_08.html
import,2025-08-01,2025,8,August,71012200,Cultured Pearls,Cultured pearls - worked,MEXICO,PARTNER,0.0,R,KGS,2026-08-20,Aug-2025  (R),gemstrategy_data/raw/import/71012200/71012200_2025_08.html
import,2025-08-01,2025,8,August,71012200,Cultured Pearls,Cultured pearls - worked,SINGAPORE,PARTNER,0.0,R,KGS,2026-08-20,Aug-2025  (R),gemstrategy_data/raw/import/71012200/71012200_2025_08.html
import,2025-08-01,2025,8,August,71012200,Cultured Pearls,Cultured pearls - worked,SPAIN,PARTNER,0.0,R,KGS,2026-08-20,Aug-2025  (R),gemstrategy_data/raw/import/71012200/71012200_2025_08.html
import,2025-08-01,2025,8,August,71012200,Cultured Pearls,Cultured pearls - worked,THAILAND,PARTNER,0.02,R,KGS,2026-08-20,Aug-2025  (R),gemstrategy_data/raw/import/71012200/71012200_2025_08.html
import,2025-08-01,2025,8,August,71012200,Cultured Pearls,Cultured pearls - worked,U ARAB EMTS,PARTNER,0.0,R,KGS,2026-08-20,Aug-2025  (R),gemstrategy_data/raw/import/71012200/71012200_2025_08.html
import,2025-08-01,2025,8,August,71012200,Cultured Pearls,Cultured pearls - worked,U K,PARTNER,0.0,R,KGS,2026-08-20,Aug-2025  (R),gemstrategy_data/raw/import/71012200/71012200_2025_08.html
import,2025-08-01,2025,8,August,71012200,Cultured Pearls,Cultured pearls - worked,U S A,PARTNER,0.01,R,KGS,2026-08-20,Aug-2025  (R),gemstrategy_data/raw/import/71012200/71012200_2025_08.html
import,2025-08-01,2025,8,August,71012200,Cultured Pearls,Cultured pearls - worked,Total,TOTAL,0.48,R,KGS,2026-08-20,Aug-2025  (R),gemstrategy_data/raw/import/71012200/71012200_2025_08.html
import,2025-09-01,2025,9,September,71011010,Natural Pearls,Natural (real) pearls - unworked,FRANCE,PARTNER,0.0,R,KGS,2026-08-20,Sep-2025  (R),gemstrategy_data/raw/import/71011010/71011010_2025_09.html
import,2025-09-01,2025,9,September,71011010,Natural Pearls,Natural (real) pearls - unworked,HONG KONG,PARTNER,0.73,R,KGS,2026-08-20,Sep-2025  (R),gemstrategy_data/raw/import/71011010/71011010_2025_09.html
import,2025-09-01,2025,9,September,71011010,Natural Pearls,Natural (real) pearls - unworked,JAPAN,PARTNER,0.08,R,KGS,2026-08-20,Sep-2025  (R),gemstrategy_data/raw/import/71011010/71011010_2025_09.html
import,2025-09-01,2025,9,September,71011010,Natural Pearls,Natural (real) pearls - unworked,SPAIN,PARTNER,0.0,R,KGS,2026-08-20,Sep-2025  (R),gemstrategy_data/raw/import/71011010/71011010_2025_09.html
import,2025-09-01,2025,9,September,71011010,Natural Pearls,Natural (real) pearls - unworked,SWITZERLAND,PARTNER,0.0,R,KGS,2026-08-20,Sep-2025  (R),gemstrategy_data/raw/import/71011010/71011010_2025_09.html
import,2025-09-01,2025,9,September,71011010,Natural Pearls,Natural (real) pearls - unworked,THAILAND,PARTNER,0.0,R,KGS,2026-08-20,Sep-2025  (R),gemstrategy_data/raw/import/71011010/71011010_2025_09.html
import,2025-09-01,2025,9,September,71011010,Natural Pearls,Natural (real) pearls - unworked,U ARAB EMTS,PARTNER,0.0,R,KGS,2026-08-20,Sep-2025  (R),gemstrategy_data/raw/import/71011010/71011010_2025_09.html
import,2025-09-01,2025,9,September,71011010,Natural Pearls,Natural (real) pearls - unworked,U S A,PARTNER,0.0,R,KGS,2026-08-20,Sep-2025  (R),gemstrategy_data/raw/import/71011010/71011010_2025_09.html
import,2025-09-01,2025,9,September,71011010,Natural Pearls,Natural (real) pearls - unworked,Total,TOTAL,0.81,R,KGS,2026-08-20,Sep-2025  (R),gemstrategy_data/raw/import/71011010/71011010_2025_09.html
import,2025-09-01,2025,9,September,71011020,Natural Pearls,Natural (real) pearls - worked,AUSTRALIA,PARTNER,0.0,R,KGS,2026-08-20,Sep-2025  (R),gemstrategy_data/raw/import/71011020/71011020_2025_09.html
import,2025-09-01,2025,9,September,71011020,Natural Pearls,Natural (real) pearls - worked,BELGIUM,PARTNER,0.0,R,KGS,2026-08-20,Sep-2025  (R),gemstrategy_data/raw/import/71011020/71011020_2025_09.html
import,2025-09-01,2025,9,September,71011020,Natural Pearls,Natural (real) pearls - worked,CHINA P RP,PARTNER,0.0,R,KGS,2026-08-20,Sep-2025  (R),gemstrategy_data/raw/import/71011020/71011020_2025_09.html
import,2025-09-01,2025,9,September,71011020,Natural Pearls,Natural (real) pearls - worked,HONG KONG,PARTNER,0.66,R,KGS,2026-08-20,Sep-2025  (R),gemstrategy_data/raw/import/71011020/71011020_2025_09.html
import,2025-09-01,2025,9,September,71011020,Natural Pearls,Natural (real) pearls - worked,JAPAN,PARTNER,0.0,R,KGS,2026-08-20,Sep-2025  (R),gemstrategy_data/raw/import/71011020/71011020_2025_09.html
import,2025-09-01,2025,9,September,71011020,Natural Pearls,Natural (real) pearls - worked,KOREA RP,PARTNER,0.0,R,KGS,2026-08-20,Sep-2025  (R),gemstrategy_data/raw/import/71011020/71011020_2025_09.html
import,2025-09-01,2025,9,September,71011020,Natural Pearls,Natural (real) pearls - worked,LITHUANIA,PARTNER,0.0,R,KGS,2026-08-20,Sep-2025  (R),gemstrategy_data/raw/import/71011020/71011020_2025_09.html
import,2025-09-01,2025,9,September,71011020,Natural Pearls,Natural (real) pearls - worked,SPAIN,PARTNER,0.0,R,KGS,2026-08-20,Sep-2025  (R),gemstrategy_data/raw/import/71011020/71011020_2025_09.html
import,2025-09-01,2025,9,September,71011020,Natural Pearls,Natural (real) pearls - worked,SRI LANKA DSR,PARTNER,0.0,R,KGS,2026-08-20,Sep-2025  (R),gemstrategy_data/raw/import/71011020/71011020_2025_09.html
import,2025-09-01,2025,9,September,71011020,Natural Pearls,Natural (real) pearls - worked,SWITZERLAND,PARTNER,0.0,R,KGS,2026-08-20,Sep-2025  (R),gemstrategy_data/raw/import/71011020/71011020_2025_09.html
import,2025-09-01,2025,9,September,71011020,Natural Pearls,Natural (real) pearls - worked,THAILAND,PARTNER,0.0,R,KGS,2026-08-20,Sep-2025  (R),gemstrategy_data/raw/import/71011020/71011020_2025_09.html
import,2025-09-01,2025,9,September,71011020,Natural Pearls,Natural (real) pearls - worked,U ARAB EMTS,PARTNER,0.0,R,KGS,2026-08-20,Sep-2025  (R),gemstrategy_data/raw/import/71011020/71011020_2025_09.html
import,2025-09-01,2025,9,September,71011020,Natural Pearls,Natural (real) pearls - worked,U K,PARTNER,0.0,R,KGS,2026-08-20,Sep-2025  (R),gemstrategy_data/raw/import/71011020/71011020_2025_09.html
import,2025-09-01,2025,9,September,71011020,Natural Pearls,Natural (real) pearls - worked,U S A,PARTNER,0.0,R,KGS,2026-08-20,Sep-2025  (R),gemstrategy_data/raw/import/71011020/71011020_2025_09.html
import,2025-09-01,2025,9,September,71011020,Natural Pearls,Natural (real) pearls - worked,VIETNAM SOC REP,PARTNER,0.0,R,KGS,2026-08-20,Sep-2025  (R),gemstrategy_data/raw/import/71011020/71011020_2025_09.html
import,2025-09-01,2025,9,September,71011020,Natural Pearls,Natural (real) pearls - worked,Total,TOTAL,0.66,R,KGS,2026-08-20,Sep-2025  (R),gemstrategy_data/raw/import/71011020/71011020_2025_09.html
import,2025-09-01,2025,9,September,71012100,Cultured Pearls,Cultured pearls - unworked,CHINA P RP,PARTNER,0.13,R,KGS,2026-08-20,Sep-2025  (R),gemstrategy_data/raw/import/71012100/71012100_2025_09.html
import,2025-09-01,2025,9,September,71012100,Cultured Pearls,Cultured pearls - unworked,HONG KONG,PARTNER,0.34,R,KGS,2026-08-20,Sep-2025  (R),gemstrategy_data/raw/import/71012100/71012100_2025_09.html
import,2025-09-01,2025,9,September,71012100,Cultured Pearls,Cultured pearls - unworked,INDONESIA,PARTNER,0.0,R,KGS,2026-08-20,Sep-2025  (R),gemstrategy_data/raw/import/71012100/71012100_2025_09.html
import,2025-09-01,2025,9,September,71012100,Cultured Pearls,Cultured pearls - unworked,JAPAN,PARTNER,0.0,R,KGS,2026-08-20,Sep-2025  (R),gemstrategy_data/raw/import/71012100/71012100_2025_09.html
import,2025-09-01,2025,9,September,71012100,Cultured Pearls,Cultured pearls - unworked,THAILAND,PARTNER,0.01,R,KGS,2026-08-20,Sep-2025  (R),gemstrategy_data/raw/import/71012100/71012100_2025_09.html
import,2025-09-01,2025,9,September,71012100,Cultured Pearls,Cultured pearls - unworked,U S A,PARTNER,0.0,R,KGS,2026-08-20,Sep-2025  (R),gemstrategy_data/raw/import/71012100/71012100_2025_09.html
import,2025-09-01,2025,9,September,71012100,Cultured Pearls,Cultured pearls - unworked,Total,TOTAL,0.48,R,KGS,2026-08-20,Sep-2025  (R),gemstrategy_data/raw/import/71012100/71012100_2025_09.html
import,2025-09-01,2025,9,September,71012200,Cultured Pearls,Cultured pearls - worked,CANADA,PARTNER,0.0,R,KGS,2026-08-20,Sep-2025  (R),gemstrategy_data/raw/import/71012200/71012200_2025_09.html
import,2025-09-01,2025,9,September,71012200,Cultured Pearls,Cultured pearls - worked,CHINA P RP,PARTNER,0.05,R,KGS,2026-08-20,Sep-2025  (R),gemstrategy_data/raw/import/71012200/71012200_2025_09.html
import,2025-09-01,2025,9,September,71012200,Cultured Pearls,Cultured pearls - worked,FRANCE,PARTNER,0.0,R,KGS,2026-08-20,Sep-2025  (R),gemstrategy_data/raw/import/71012200/71012200_2025_09.html
import,2025-09-01,2025,9,September,71012200,Cultured Pearls,Cultured pearls - worked,GERMANY,PARTNER,0.0,R,KGS,2026-08-20,Sep-2025  (R),gemstrategy_data/raw/import/71012200/71012200_2025_09.html
import,2025-09-01,2025,9,September,71012200,Cultured Pearls,Cultured pearls - worked,HONG KONG,PARTNER,0.43,R,KGS,2026-08-20,Sep-2025  (R),gemstrategy_data/raw/import/71012200/71012200_2025_09.html
import,2025-09-01,2025,9,September,71012200,Cultured Pearls,Cultured pearls - worked,INDONESIA,PARTNER,0.0,R,KGS,2026-08-20,Sep-2025  (R),gemstrategy_data/raw/import/71012200/71012200_2025_09.html
import,2025-09-01,2025,9,September,71012200,Cultured Pearls,Cultured pearls - worked,ITALY,PARTNER,0.0,R,KGS,2026-08-20,Sep-2025  (R),gemstrategy_data/raw/import/71012200/71012200_2025_09.html
import,2025-09-01,2025,9,September,71012200,Cultured Pearls,Cultured pearls - worked,JAPAN,PARTNER,0.0,R,KGS,2026-08-20,Sep-2025  (R),gemstrategy_data/raw/import/71012200/71012200_2025_09.html
import,2025-09-01,2025,9,September,71012200,Cultured Pearls,Cultured pearls - worked,MEXICO,PARTNER,0.0,R,KGS,2026-08-20,Sep-2025  (R),gemstrategy_data/raw/import/71012200/71012200_2025_09.html
import,2025-09-01,2025,9,September,71012200,Cultured Pearls,Cultured pearls - worked,SINGAPORE,PARTNER,0.0,R,KGS,2026-08-20,Sep-2025  (R),gemstrategy_data/raw/import/71012200/71012200_2025_09.html
import,2025-09-01,2025,9,September,71012200,Cultured Pearls,Cultured pearls - worked,SPAIN,PARTNER,0.0,R,KGS,2026-08-20,Sep-2025  (R),gemstrategy_data/raw/import/71012200/71012200_2025_09.html
import,2025-09-01,2025,9,September,71012200,Cultured Pearls,Cultured pearls - worked,THAILAND,PARTNER,0.01,R,KGS,2026-08-20,Sep-2025  (R),gemstrategy_data/raw/import/71012200/71012200_2025_09.html
import,2025-09-01,2025,9,September,71012200,Cultured Pearls,Cultured pearls - worked,U ARAB EMTS,PARTNER,0.0,R,KGS,2026-08-20,Sep-2025  (R),gemstrategy_data/raw/import/71012200/71012200_2025_09.html
import,2025-09-01,2025,9,September,71012200,Cultured Pearls,Cultured pearls - worked,U K,PARTNER,0.0,R,KGS,2026-08-20,Sep-2025  (R),gemstrategy_data/raw/import/71012200/71012200_2025_09.html
import,2025-09-01,2025,9,September,71012200,Cultured Pearls,Cultured pearls - worked,U S A,PARTNER,0.0,R,KGS,2026-08-20,Sep-2025  (R),gemstrategy_data/raw/import/71012200/71012200_2025_09.html
import,2025-09-01,2025,9,September,71012200,Cultured Pearls,Cultured pearls - worked,Total,TOTAL,0.48,R,KGS,2026-08-20,Sep-2025  (R),gemstrategy_data/raw/import/71012200/71012200_2025_09.html
import,2025-10-01,2025,10,October,71011010,Natural Pearls,Natural (real) pearls - unworked,FRANCE,PARTNER,0.0,R,KGS,2026-08-20,Oct-2025  (R),gemstrategy_data/raw/import/71011010/71011010_2025_10.html
import,2025-10-01,2025,10,October,71011010,Natural Pearls,Natural (real) pearls - unworked,HONG KONG,PARTNER,0.39,R,KGS,2026-08-20,Oct-2025  (R),gemstrategy_data/raw/import/71011010/71011010_2025_10.html
import,2025-10-01,2025,10,October,71011010,Natural Pearls,Natural (real) pearls - unworked,JAPAN,PARTNER,0.09,R,KGS,2026-08-20,Oct-2025  (R),gemstrategy_data/raw/import/71011010/71011010_2025_10.html
import,2025-10-01,2025,10,October,71011010,Natural Pearls,Natural (real) pearls - unworked,SPAIN,PARTNER,0.0,R,KGS,2026-08-20,Oct-2025  (R),gemstrategy_data/raw/import/71011010/71011010_2025_10.html
import,2025-10-01,2025,10,October,71011010,Natural Pearls,Natural (real) pearls - unworked,SWITZERLAND,PARTNER,0.0,R,KGS,2026-08-20,Oct-2025  (R),gemstrategy_data/raw/import/71011010/71011010_2025_10.html
import,2025-10-01,2025,10,October,71011010,Natural Pearls,Natural (real) pearls - unworked,THAILAND,PARTNER,0.0,R,KGS,2026-08-20,Oct-2025  (R),gemstrategy_data/raw/import/71011010/71011010_2025_10.html
import,2025-10-01,2025,10,October,71011010,Natural Pearls,Natural (real) pearls - unworked,U ARAB EMTS,PARTNER,0.0,R,KGS,2026-08-20,Oct-2025  (R),gemstrategy_data/raw/import/71011010/71011010_2025_10.html
import,2025-10-01,2025,10,October,71011010,Natural Pearls,Natural (real) pearls - unworked,U S A,PARTNER,0.0,R,KGS,2026-08-20,Oct-2025  (R),gemstrategy_data/raw/import/71011010/71011010_2025_10.html
import,2025-10-01,2025,10,October,71011010,Natural Pearls,Natural (real) pearls - unworked,Total,TOTAL,0.49,R,KGS,2026-08-20,Oct-2025  (R),gemstrategy_data/raw/import/71011010/71011010_2025_10.html
import,2025-10-01,2025,10,October,71011020,Natural Pearls,Natural (real) pearls - worked,AUSTRALIA,PARTNER,0.0,R,KGS,2026-08-20,Oct-2025  (R),gemstrategy_data/raw/import/71011020/71011020_2025_10.html
import,2025-10-01,2025,10,October,71011020,Natural Pearls,Natural (real) pearls - worked,BELGIUM,PARTNER,0.0,R,KGS,2026-08-20,Oct-2025  (R),gemstrategy_data/raw/import/71011020/71011020_2025_10.html
import,2025-10-01,2025,10,October,71011020,Natural Pearls,Natural (real) pearls - worked,CHINA P RP,PARTNER,0.0,R,KGS,2026-08-20,Oct-2025  (R),gemstrategy_data/raw/import/71011020/71011020_2025_10.html
import,2025-10-01,2025,10,October,71011020,Natural Pearls,Natural (real) pearls - worked,HONG KONG,PARTNER,0.06,R,KGS,2026-08-20,Oct-2025  (R),gemstrategy_data/raw/import/71011020/71011020_2025_10.html
import,2025-10-01,2025,10,October,71011020,Natural Pearls,Natural (real) pearls - worked,JAPAN,PARTNER,0.0,R,KGS,2026-08-20,Oct-2025  (R),gemstrategy_data/raw/import/71011020/71011020_2025_10.html
import,2025-10-01,2025,10,October,71011020,Natural Pearls,Natural (real) pearls - worked,KOREA RP,PARTNER,0.0,R,KGS,2026-08-20,Oct-2025  (R),gemstrategy_data/raw/import/71011020/71011020_2025_10.html
import,2025-10-01,2025,10,October,71011020,Natural Pearls,Natural (real) pearls - worked,LITHUANIA,PARTNER,0.0,R,KGS,2026-08-20,Oct-2025  (R),gemstrategy_data/raw/import/71011020/71011020_2025_10.html
import,2025-10-01,2025,10,October,71011020,Natural Pearls,Natural (real) pearls - worked,SPAIN,PARTNER,0.0,R,KGS,2026-08-20,Oct-2025  (R),gemstrategy_data/raw/import/71011020/71011020_2025_10.html
import,2025-10-01,2025,10,October,71011020,Natural Pearls,Natural (real) pearls - worked,SRI LANKA DSR,PARTNER,0.0,R,KGS,2026-08-20,Oct-2025  (R),gemstrategy_data/raw/import/71011020/71011020_2025_10.html
import,2025-10-01,2025,10,October,71011020,Natural Pearls,Natural (real) pearls - worked,SWITZERLAND,PARTNER,0.0,R,KGS,2026-08-20,Oct-2025  (R),gemstrategy_data/raw/import/71011020/71011020_2025_10.html
import,2025-10-01,2025,10,October,71011020,Natural Pearls,Natural (real) pearls - worked,THAILAND,PARTNER,0.0,R,KGS,2026-08-20,Oct-2025  (R),gemstrategy_data/raw/import/71011020/71011020_2025_10.html
import,2025-10-01,2025,10,October,71011020,Natural Pearls,Natural (real) pearls - worked,U ARAB EMTS,PARTNER,0.0,R,KGS,2026-08-20,Oct-2025  (R),gemstrategy_data/raw/import/71011020/71011020_2025_10.html
import,2025-10-01,2025,10,October,71011020,Natural Pearls,Natural (real) pearls - worked,U K,PARTNER,0.0,R,KGS,2026-08-20,Oct-2025  (R),gemstrategy_data/raw/import/71011020/71011020_2025_10.html
import,2025-10-01,2025,10,October,71011020,Natural Pearls,Natural (real) pearls - worked,U S A,PARTNER,0.04,R,KGS,2026-08-20,Oct-2025  (R),gemstrategy_data/raw/import/71011020/71011020_2025_10.html
import,2025-10-01,2025,10,October,71011020,Natural Pearls,Natural (real) pearls - worked,VIETNAM SOC REP,PARTNER,0.0,R,KGS,2026-08-20,Oct-2025  (R),gemstrategy_data/raw/import/71011020/71011020_2025_10.html
import,2025-10-01,2025,10,October,71011020,Natural Pearls,Natural (real) pearls - worked,Total,TOTAL,0.1,R,KGS,2026-08-20,Oct-2025  (R),gemstrategy_data/raw/import/71011020/71011020_2025_10.html
import,2025-10-01,2025,10,October,71012100,Cultured Pearls,Cultured pearls - unworked,CHINA P RP,PARTNER,0.15,R,KGS,2026-08-20,Oct-2025  (R),gemstrategy_data/raw/import/71012100/71012100_2025_10.html
import,2025-10-01,2025,10,October,71012100,Cultured Pearls,Cultured pearls - unworked,HONG KONG,PARTNER,0.95,R,KGS,2026-08-20,Oct-2025  (R),gemstrategy_data/raw/import/71012100/71012100_2025_10.html
import,2025-10-01,2025,10,October,71012100,Cultured Pearls,Cultured pearls - unworked,INDONESIA,PARTNER,0.04,R,KGS,2026-08-20,Oct-2025  (R),gemstrategy_data/raw/import/71012100/71012100_2025_10.html
import,2025-10-01,2025,10,October,71012100,Cultured Pearls,Cultured pearls - unworked,JAPAN,PARTNER,0.13,R,KGS,2026-08-20,Oct-2025  (R),gemstrategy_data/raw/import/71012100/71012100_2025_10.html
import,2025-10-01,2025,10,October,71012100,Cultured Pearls,Cultured pearls - unworked,THAILAND,PARTNER,0.0,R,KGS,2026-08-20,Oct-2025  (R),gemstrategy_data/raw/import/71012100/71012100_2025_10.html
import,2025-10-01,2025,10,October,71012100,Cultured Pearls,Cultured pearls - unworked,U S A,PARTNER,0.0,R,KGS,2026-08-20,Oct-2025  (R),gemstrategy_data/raw/import/71012100/71012100_2025_10.html
import,2025-10-01,2025,10,October,71012100,Cultured Pearls,Cultured pearls - unworked,Total,TOTAL,1.27,R,KGS,2026-08-20,Oct-2025  (R),gemstrategy_data/raw/import/71012100/71012100_2025_10.html
import,2025-10-01,2025,10,October,71012200,Cultured Pearls,Cultured pearls - worked,CANADA,PARTNER,0.0,R,KGS,2026-08-20,Oct-2025  (R),gemstrategy_data/raw/import/71012200/71012200_2025_10.html
import,2025-10-01,2025,10,October,71012200,Cultured Pearls,Cultured pearls - worked,CHINA P RP,PARTNER,0.07,R,KGS,2026-08-20,Oct-2025  (R),gemstrategy_data/raw/import/71012200/71012200_2025_10.html
import,2025-10-01,2025,10,October,71012200,Cultured Pearls,Cultured pearls - worked,FRANCE,PARTNER,0.0,R,KGS,2026-08-20,Oct-2025  (R),gemstrategy_data/raw/import/71012200/71012200_2025_10.html
import,2025-10-01,2025,10,October,71012200,Cultured Pearls,Cultured pearls - worked,GERMANY,PARTNER,0.0,R,KGS,2026-08-20,Oct-2025  (R),gemstrategy_data/raw/import/71012200/71012200_2025_10.html
import,2025-10-01,2025,10,October,71012200,Cultured Pearls,Cultured pearls - worked,HONG KONG,PARTNER,0.82,R,KGS,2026-08-20,Oct-2025  (R),gemstrategy_data/raw/import/71012200/71012200_2025_10.html
import,2025-10-01,2025,10,October,71012200,Cultured Pearls,Cultured pearls - worked,INDONESIA,PARTNER,0.0,R,KGS,2026-08-20,Oct-2025  (R),gemstrategy_data/raw/import/71012200/71012200_2025_10.html
import,2025-10-01,2025,10,October,71012200,Cultured Pearls,Cultured pearls - worked,ITALY,PARTNER,0.0,R,KGS,2026-08-20,Oct-2025  (R),gemstrategy_data/raw/import/71012200/71012200_2025_10.html
import,2025-10-01,2025,10,October,71012200,Cultured Pearls,Cultured pearls - worked,JAPAN,PARTNER,0.1,R,KGS,2026-08-20,Oct-2025  (R),gemstrategy_data/raw/import/71012200/71012200_2025_10.html
import,2025-10-01,2025,10,October,71012200,Cultured Pearls,Cultured pearls - worked,MEXICO,PARTNER,0.0,R,KGS,2026-08-20,Oct-2025  (R),gemstrategy_data/raw/import/71012200/71012200_2025_10.html
import,2025-10-01,2025,10,October,71012200,Cultured Pearls,Cultured pearls - worked,SINGAPORE,PARTNER,0.0,R,KGS,2026-08-20,Oct-2025  (R),gemstrategy_data/raw/import/71012200/71012200_2025_10.html
import,2025-10-01,2025,10,October,71012200,Cultured Pearls,Cultured pearls - worked,SPAIN,PARTNER,0.0,R,KGS,2026-08-20,Oct-2025  (R),gemstrategy_data/raw/import/71012200/71012200_2025_10.html
import,2025-10-01,2025,10,October,71012200,Cultured Pearls,Cultured pearls - worked,THAILAND,PARTNER,0.0,R,KGS,2026-08-20,Oct-2025  (R),gemstrategy_data/raw/import/71012200/71012200_2025_10.html
import,2025-10-01,2025,10,October,71012200,Cultured Pearls,Cultured pearls - worked,U ARAB EMTS,PARTNER,0.0,R,KGS,2026-08-20,Oct-2025  (R),gemstrategy_data/raw/import/71012200/71012200_2025_10.html
import,2025-10-01,2025,10,October,71012200,Cultured Pearls,Cultured pearls - worked,U K,PARTNER,0.0,R,KGS,2026-08-20,Oct-2025  (R),gemstrategy_data/raw/import/71012200/71012200_2025_10.html
import,2025-10-01,2025,10,October,71012200,Cultured Pearls,Cultured pearls - worked,U S A,PARTNER,0.02,R,KGS,2026-08-20,Oct-2025  (R),gemstrategy_data/raw/import/71012200/71012200_2025_10.html
import,2025-10-01,2025,10,October,71012200,Cultured Pearls,Cultured pearls - worked,Total,TOTAL,1.02,R,KGS,2026-08-20,Oct-2025  (R),gemstrategy_data/raw/import/71012200/71012200_2025_10.html
import,2025-11-01,2025,11,November,71011010,Natural Pearls,Natural (real) pearls - unworked,CHINA P RP,PARTNER,0.0,R,KGS,2026-08-20,Nov-2025  (R),gemstrategy_data/raw/import/71011010/71011010_2025_11.html
import,2025-11-01,2025,11,November,71011010,Natural Pearls,Natural (real) pearls - unworked,FRANCE,PARTNER,0.0,R,KGS,2026-08-20,Nov-2025  (R),gemstrategy_data/raw/import/71011010/71011010_2025_11.html
import,2025-11-01,2025,11,November,71011010,Natural Pearls,Natural (real) pearls - unworked,HONG KONG,PARTNER,0.05,R,KGS,2026-08-20,Nov-2025  (R),gemstrategy_data/raw/import/71011010/71011010_2025_11.html
import,2025-11-01,2025,11,November,71011010,Natural Pearls,Natural (real) pearls - unworked,JAPAN,PARTNER,0.0,R,KGS,2026-08-20,Nov-2025  (R),gemstrategy_data/raw/import/71011010/71011010_2025_11.html
import,2025-11-01,2025,11,November,71011010,Natural Pearls,Natural (real) pearls - unworked,SPAIN,PARTNER,0.0,R,KGS,2026-08-20,Nov-2025  (R),gemstrategy_data/raw/import/71011010/71011010_2025_11.html
import,2025-11-01,2025,11,November,71011010,Natural Pearls,Natural (real) pearls - unworked,SWITZERLAND,PARTNER,0.0,R,KGS,2026-08-20,Nov-2025  (R),gemstrategy_data/raw/import/71011010/71011010_2025_11.html
import,2025-11-01,2025,11,November,71011010,Natural Pearls,Natural (real) pearls - unworked,THAILAND,PARTNER,0.0,R,KGS,2026-08-20,Nov-2025  (R),gemstrategy_data/raw/import/71011010/71011010_2025_11.html
import,2025-11-01,2025,11,November,71011010,Natural Pearls,Natural (real) pearls - unworked,U ARAB EMTS,PARTNER,0.01,R,KGS,2026-08-20,Nov-2025  (R),gemstrategy_data/raw/import/71011010/71011010_2025_11.html
import,2025-11-01,2025,11,November,71011010,Natural Pearls,Natural (real) pearls - unworked,U S A,PARTNER,0.0,R,KGS,2026-08-20,Nov-2025  (R),gemstrategy_data/raw/import/71011010/71011010_2025_11.html
import,2025-11-01,2025,11,November,71011010,Natural Pearls,Natural (real) pearls - unworked,Total,TOTAL,0.07,R,KGS,2026-08-20,Nov-2025  (R),gemstrategy_data/raw/import/71011010/71011010_2025_11.html
import,2025-11-01,2025,11,November,71011020,Natural Pearls,Natural (real) pearls - worked,AUSTRALIA,PARTNER,0.0,R,KGS,2026-08-20,Nov-2025  (R),gemstrategy_data/raw/import/71011020/71011020_2025_11.html
import,2025-11-01,2025,11,November,71011020,Natural Pearls,Natural (real) pearls - worked,BELGIUM,PARTNER,0.0,R,KGS,2026-08-20,Nov-2025  (R),gemstrategy_data/raw/import/71011020/71011020_2025_11.html
import,2025-11-01,2025,11,November,71011020,Natural Pearls,Natural (real) pearls - worked,CHINA P RP,PARTNER,0.0,R,KGS,2026-08-20,Nov-2025  (R),gemstrategy_data/raw/import/71011020/71011020_2025_11.html
import,2025-11-01,2025,11,November,71011020,Natural Pearls,Natural (real) pearls - worked,GERMANY,PARTNER,0.0,R,KGS,2026-08-20,Nov-2025  (R),gemstrategy_data/raw/import/71011020/71011020_2025_11.html
import,2025-11-01,2025,11,November,71011020,Natural Pearls,Natural (real) pearls - worked,HONG KONG,PARTNER,0.0,R,KGS,2026-08-20,Nov-2025  (R),gemstrategy_data/raw/import/71011020/71011020_2025_11.html
import,2025-11-01,2025,11,November,71011020,Natural Pearls,Natural (real) pearls - worked,JAPAN,PARTNER,0.0,R,KGS,2026-08-20,Nov-2025  (R),gemstrategy_data/raw/import/71011020/71011020_2025_11.html
import,2025-11-01,2025,11,November,71011020,Natural Pearls,Natural (real) pearls - worked,KOREA RP,PARTNER,0.0,R,KGS,2026-08-20,Nov-2025  (R),gemstrategy_data/raw/import/71011020/71011020_2025_11.html
import,2025-11-01,2025,11,November,71011020,Natural Pearls,Natural (real) pearls - worked,LITHUANIA,PARTNER,0.0,R,KGS,2026-08-20,Nov-2025  (R),gemstrategy_data/raw/import/71011020/71011020_2025_11.html
import,2025-11-01,2025,11,November,71011020,Natural Pearls,Natural (real) pearls - worked,QATAR,PARTNER,0.0,R,KGS,2026-08-20,Nov-2025  (R),gemstrategy_data/raw/import/71011020/71011020_2025_11.html
import,2025-11-01,2025,11,November,71011020,Natural Pearls,Natural (real) pearls - worked,SPAIN,PARTNER,0.0,R,KGS,2026-08-20,Nov-2025  (R),gemstrategy_data/raw/import/71011020/71011020_2025_11.html
import,2025-11-01,2025,11,November,71011020,Natural Pearls,Natural (real) pearls - worked,SRI LANKA DSR,PARTNER,0.0,R,KGS,2026-08-20,Nov-2025  (R),gemstrategy_data/raw/import/71011020/71011020_2025_11.html
import,2025-11-01,2025,11,November,71011020,Natural Pearls,Natural (real) pearls - worked,SWITZERLAND,PARTNER,0.0,R,KGS,2026-08-20,Nov-2025  (R),gemstrategy_data/raw/import/71011020/71011020_2025_11.html
import,2025-11-01,2025,11,November,71011020,Natural Pearls,Natural (real) pearls - worked,THAILAND,PARTNER,0.0,R,KGS,2026-08-20,Nov-2025  (R),gemstrategy_data/raw/import/71011020/71011020_2025_11.html
import,2025-11-01,2025,11,November,71011020,Natural Pearls,Natural (real) pearls - worked,U ARAB EMTS,PARTNER,0.0,R,KGS,2026-08-20,Nov-2025  (R),gemstrategy_data/raw/import/71011020/71011020_2025_11.html
import,2025-11-01,2025,11,November,71011020,Natural Pearls,Natural (real) pearls - worked,U K,PARTNER,0.0,R,KGS,2026-08-20,Nov-2025  (R),gemstrategy_data/raw/import/71011020/71011020_2025_11.html
import,2025-11-01,2025,11,November,71011020,Natural Pearls,Natural (real) pearls - worked,U S A,PARTNER,0.0,R,KGS,2026-08-20,Nov-2025  (R),gemstrategy_data/raw/import/71011020/71011020_2025_11.html
import,2025-11-01,2025,11,November,71011020,Natural Pearls,Natural (real) pearls - worked,VIETNAM SOC REP,PARTNER,0.0,R,KGS,2026-08-20,Nov-2025  (R),gemstrategy_data/raw/import/71011020/71011020_2025_11.html
import,2025-11-01,2025,11,November,71011020,Natural Pearls,Natural (real) pearls - worked,Total,TOTAL,0.01,R,KGS,2026-08-20,Nov-2025  (R),gemstrategy_data/raw/import/71011020/71011020_2025_11.html
import,2025-11-01,2025,11,November,71012100,Cultured Pearls,Cultured pearls - unworked,CHINA P RP,PARTNER,0.52,R,KGS,2026-08-20,Nov-2025  (R),gemstrategy_data/raw/import/71012100/71012100_2025_11.html
import,2025-11-01,2025,11,November,71012100,Cultured Pearls,Cultured pearls - unworked,HONG KONG,PARTNER,0.23,R,KGS,2026-08-20,Nov-2025  (R),gemstrategy_data/raw/import/71012100/71012100_2025_11.html
import,2025-11-01,2025,11,November,71012100,Cultured Pearls,Cultured pearls - unworked,INDONESIA,PARTNER,0.01,R,KGS,2026-08-20,Nov-2025  (R),gemstrategy_data/raw/import/71012100/71012100_2025_11.html
import,2025-11-01,2025,11,November,71012100,Cultured Pearls,Cultured pearls - unworked,JAPAN,PARTNER,0.01,R,KGS,2026-08-20,Nov-2025  (R),gemstrategy_data/raw/import/71012100/71012100_2025_11.html
import,2025-11-01,2025,11,November,71012100,Cultured Pearls,Cultured pearls - unworked,THAILAND,PARTNER,0.0,R,KGS,2026-08-20,Nov-2025  (R),gemstrategy_data/raw/import/71012100/71012100_2025_11.html
import,2025-11-01,2025,11,November,71012100,Cultured Pearls,Cultured pearls - unworked,U S A,PARTNER,0.0,R,KGS,2026-08-20,Nov-2025  (R),gemstrategy_data/raw/import/71012100/71012100_2025_11.html
import,2025-11-01,2025,11,November,71012100,Cultured Pearls,Cultured pearls - unworked,Total,TOTAL,0.77,R,KGS,2026-08-20,Nov-2025  (R),gemstrategy_data/raw/import/71012100/71012100_2025_11.html
import,2025-11-01,2025,11,November,71012200,Cultured Pearls,Cultured pearls - worked,AUSTRALIA,PARTNER,0.0,R,KGS,2026-08-20,Nov-2025  (R),gemstrategy_data/raw/import/71012200/71012200_2025_11.html
import,2025-11-01,2025,11,November,71012200,Cultured Pearls,Cultured pearls - worked,CANADA,PARTNER,0.0,R,KGS,2026-08-20,Nov-2025  (R),gemstrategy_data/raw/import/71012200/71012200_2025_11.html
import,2025-11-01,2025,11,November,71012200,Cultured Pearls,Cultured pearls - worked,CHINA P RP,PARTNER,0.06,R,KGS,2026-08-20,Nov-2025  (R),gemstrategy_data/raw/import/71012200/71012200_2025_11.html
import,2025-11-01,2025,11,November,71012200,Cultured Pearls,Cultured pearls - worked,FRANCE,PARTNER,0.0,R,KGS,2026-08-20,Nov-2025  (R),gemstrategy_data/raw/import/71012200/71012200_2025_11.html
import,2025-11-01,2025,11,November,71012200,Cultured Pearls,Cultured pearls - worked,GERMANY,PARTNER,0.0,R,KGS,2026-08-20,Nov-2025  (R),gemstrategy_data/raw/import/71012200/71012200_2025_11.html
import,2025-11-01,2025,11,November,71012200,Cultured Pearls,Cultured pearls - worked,HONG KONG,PARTNER,0.26,R,KGS,2026-08-20,Nov-2025  (R),gemstrategy_data/raw/import/71012200/71012200_2025_11.html
import,2025-11-01,2025,11,November,71012200,Cultured Pearls,Cultured pearls - worked,INDONESIA,PARTNER,0.0,R,KGS,2026-08-20,Nov-2025  (R),gemstrategy_data/raw/import/71012200/71012200_2025_11.html
import,2025-11-01,2025,11,November,71012200,Cultured Pearls,Cultured pearls - worked,ITALY,PARTNER,0.0,R,KGS,2026-08-20,Nov-2025  (R),gemstrategy_data/raw/import/71012200/71012200_2025_11.html
import,2025-11-01,2025,11,November,71012200,Cultured Pearls,Cultured pearls - worked,JAPAN,PARTNER,0.04,R,KGS,2026-08-20,Nov-2025  (R),gemstrategy_data/raw/import/71012200/71012200_2025_11.html
import,2025-11-01,2025,11,November,71012200,Cultured Pearls,Cultured pearls - worked,MEXICO,PARTNER,0.0,R,KGS,2026-08-20,Nov-2025  (R),gemstrategy_data/raw/import/71012200/71012200_2025_11.html
import,2025-11-01,2025,11,November,71012200,Cultured Pearls,Cultured pearls - worked,SINGAPORE,PARTNER,0.0,R,KGS,2026-08-20,Nov-2025  (R),gemstrategy_data/raw/import/71012200/71012200_2025_11.html
import,2025-11-01,2025,11,November,71012200,Cultured Pearls,Cultured pearls - worked,SPAIN,PARTNER,0.0,R,KGS,2026-08-20,Nov-2025  (R),gemstrategy_data/raw/import/71012200/71012200_2025_11.html
import,2025-11-01,2025,11,November,71012200,Cultured Pearls,Cultured pearls - worked,THAILAND,PARTNER,0.0,R,KGS,2026-08-20,Nov-2025  (R),gemstrategy_data/raw/import/71012200/71012200_2025_11.html
import,2025-11-01,2025,11,November,71012200,Cultured Pearls,Cultured pearls - worked,U ARAB EMTS,PARTNER,0.0,R,KGS,2026-08-20,Nov-2025  (R),gemstrategy_data/raw/import/71012200/71012200_2025_11.html
import,2025-11-01,2025,11,November,71012200,Cultured Pearls,Cultured pearls - worked,U K,PARTNER,0.0,R,KGS,2026-08-20,Nov-2025  (R),gemstrategy_data/raw/import/71012200/71012200_2025_11.html
import,2025-11-01,2025,11,November,71012200,Cultured Pearls,Cultured pearls - worked,U S A,PARTNER,0.04,R,KGS,2026-08-20,Nov-2025  (R),gemstrategy_data/raw/import/71012200/71012200_2025_11.html
import,2025-11-01,2025,11,November,71012200,Cultured Pearls,Cultured pearls - worked,Total,TOTAL,0.41,R,KGS,2026-08-20,Nov-2025  (R),gemstrategy_data/raw/import/71012200/71012200_2025_11.html
import,2025-12-01,2025,12,December,71011010,Natural Pearls,Natural (real) pearls - unworked,CHINA P RP,PARTNER,0.0,R,KGS,2026-08-20,Dec-2025  (R),gemstrategy_data/raw/import/71011010/71011010_2025_12.html
import,2025-12-01,2025,12,December,71011010,Natural Pearls,Natural (real) pearls - unworked,FRANCE,PARTNER,0.0,R,KGS,2026-08-20,Dec-2025  (R),gemstrategy_data/raw/import/71011010/71011010_2025_12.html
import,2025-12-01,2025,12,December,71011010,Natural Pearls,Natural (real) pearls - unworked,HONG KONG,PARTNER,0.45,R,KGS,2026-08-20,Dec-2025  (R),gemstrategy_data/raw/import/71011010/71011010_2025_12.html
import,2025-12-01,2025,12,December,71011010,Natural Pearls,Natural (real) pearls - unworked,JAPAN,PARTNER,0.0,R,KGS,2026-08-20,Dec-2025  (R),gemstrategy_data/raw/import/71011010/71011010_2025_12.html
import,2025-12-01,2025,12,December,71011010,Natural Pearls,Natural (real) pearls - unworked,SPAIN,PARTNER,0.0,R,KGS,2026-08-20,Dec-2025  (R),gemstrategy_data/raw/import/71011010/71011010_2025_12.html
import,2025-12-01,2025,12,December,71011010,Natural Pearls,Natural (real) pearls - unworked,SWITZERLAND,PARTNER,0.0,R,KGS,2026-08-20,Dec-2025  (R),gemstrategy_data/raw/import/71011010/71011010_2025_12.html
import,2025-12-01,2025,12,December,71011010,Natural Pearls,Natural (real) pearls - unworked,THAILAND,PARTNER,0.0,R,KGS,2026-08-20,Dec-2025  (R),gemstrategy_data/raw/import/71011010/71011010_2025_12.html
import,2025-12-01,2025,12,December,71011010,Natural Pearls,Natural (real) pearls - unworked,U ARAB EMTS,PARTNER,0.0,R,KGS,2026-08-20,Dec-2025  (R),gemstrategy_data/raw/import/71011010/71011010_2025_12.html
import,2025-12-01,2025,12,December,71011010,Natural Pearls,Natural (real) pearls - unworked,U S A,PARTNER,0.0,R,KGS,2026-08-20,Dec-2025  (R),gemstrategy_data/raw/import/71011010/71011010_2025_12.html
import,2025-12-01,2025,12,December,71011010,Natural Pearls,Natural (real) pearls - unworked,Total,TOTAL,0.46,R,KGS,2026-08-20,Dec-2025  (R),gemstrategy_data/raw/import/71011010/71011010_2025_12.html
import,2025-12-01,2025,12,December,71011020,Natural Pearls,Natural (real) pearls - worked,AUSTRALIA,PARTNER,0.0,R,KGS,2026-08-20,Dec-2025  (R),gemstrategy_data/raw/import/71011020/71011020_2025_12.html
import,2025-12-01,2025,12,December,71011020,Natural Pearls,Natural (real) pearls - worked,BELGIUM,PARTNER,0.0,R,KGS,2026-08-20,Dec-2025  (R),gemstrategy_data/raw/import/71011020/71011020_2025_12.html
import,2025-12-01,2025,12,December,71011020,Natural Pearls,Natural (real) pearls - worked,CHINA P RP,PARTNER,0.0,R,KGS,2026-08-20,Dec-2025  (R),gemstrategy_data/raw/import/71011020/71011020_2025_12.html
import,2025-12-01,2025,12,December,71011020,Natural Pearls,Natural (real) pearls - worked,GERMANY,PARTNER,0.0,R,KGS,2026-08-20,Dec-2025  (R),gemstrategy_data/raw/import/71011020/71011020_2025_12.html
import,2025-12-01,2025,12,December,71011020,Natural Pearls,Natural (real) pearls - worked,HONG KONG,PARTNER,0.0,R,KGS,2026-08-20,Dec-2025  (R),gemstrategy_data/raw/import/71011020/71011020_2025_12.html
import,2025-12-01,2025,12,December,71011020,Natural Pearls,Natural (real) pearls - worked,JAPAN,PARTNER,0.0,R,KGS,2026-08-20,Dec-2025  (R),gemstrategy_data/raw/import/71011020/71011020_2025_12.html
import,2025-12-01,2025,12,December,71011020,Natural Pearls,Natural (real) pearls - worked,KOREA RP,PARTNER,0.0,R,KGS,2026-08-20,Dec-2025  (R),gemstrategy_data/raw/import/71011020/71011020_2025_12.html
import,2025-12-01,2025,12,December,71011020,Natural Pearls,Natural (real) pearls - worked,LITHUANIA,PARTNER,0.0,R,KGS,2026-08-20,Dec-2025  (R),gemstrategy_data/raw/import/71011020/71011020_2025_12.html
import,2025-12-01,2025,12,December,71011020,Natural Pearls,Natural (real) pearls - worked,QATAR,PARTNER,0.0,R,KGS,2026-08-20,Dec-2025  (R),gemstrategy_data/raw/import/71011020/71011020_2025_12.html
import,2025-12-01,2025,12,December,71011020,Natural Pearls,Natural (real) pearls - worked,SPAIN,PARTNER,0.0,R,KGS,2026-08-20,Dec-2025  (R),gemstrategy_data/raw/import/71011020/71011020_2025_12.html
import,2025-12-01,2025,12,December,71011020,Natural Pearls,Natural (real) pearls - worked,SRI LANKA DSR,PARTNER,0.0,R,KGS,2026-08-20,Dec-2025  (R),gemstrategy_data/raw/import/71011020/71011020_2025_12.html
import,2025-12-01,2025,12,December,71011020,Natural Pearls,Natural (real) pearls - worked,SWITZERLAND,PARTNER,0.0,R,KGS,2026-08-20,Dec-2025  (R),gemstrategy_data/raw/import/71011020/71011020_2025_12.html
import,2025-12-01,2025,12,December,71011020,Natural Pearls,Natural (real) pearls - worked,THAILAND,PARTNER,0.0,R,KGS,2026-08-20,Dec-2025  (R),gemstrategy_data/raw/import/71011020/71011020_2025_12.html
import,2025-12-01,2025,12,December,71011020,Natural Pearls,Natural (real) pearls - worked,U ARAB EMTS,PARTNER,0.0,R,KGS,2026-08-20,Dec-2025  (R),gemstrategy_data/raw/import/71011020/71011020_2025_12.html
import,2025-12-01,2025,12,December,71011020,Natural Pearls,Natural (real) pearls - worked,U K,PARTNER,0.0,R,KGS,2026-08-20,Dec-2025  (R),gemstrategy_data/raw/import/71011020/71011020_2025_12.html
import,2025-12-01,2025,12,December,71011020,Natural Pearls,Natural (real) pearls - worked,U S A,PARTNER,0.0,R,KGS,2026-08-20,Dec-2025  (R),gemstrategy_data/raw/import/71011020/71011020_2025_12.html
import,2025-12-01,2025,12,December,71011020,Natural Pearls,Natural (real) pearls - worked,VIETNAM SOC REP,PARTNER,0.0,R,KGS,2026-08-20,Dec-2025  (R),gemstrategy_data/raw/import/71011020/71011020_2025_12.html
import,2025-12-01,2025,12,December,71011020,Natural Pearls,Natural (real) pearls - worked,Total,TOTAL,0.0,R,KGS,2026-08-20,Dec-2025  (R),gemstrategy_data/raw/import/71011020/71011020_2025_12.html
import,2025-12-01,2025,12,December,71012100,Cultured Pearls,Cultured pearls - unworked,CHINA P RP,PARTNER,0.65,R,KGS,2026-08-20,Dec-2025  (R),gemstrategy_data/raw/import/71012100/71012100_2025_12.html
import,2025-12-01,2025,12,December,71012100,Cultured Pearls,Cultured pearls - unworked,HONG KONG,PARTNER,0.6,R,KGS,2026-08-20,Dec-2025  (R),gemstrategy_data/raw/import/71012100/71012100_2025_12.html
import,2025-12-01,2025,12,December,71012100,Cultured Pearls,Cultured pearls - unworked,INDONESIA,PARTNER,0.16,R,KGS,2026-08-20,Dec-2025  (R),gemstrategy_data/raw/import/71012100/71012100_2025_12.html
import,2025-12-01,2025,12,December,71012100,Cultured Pearls,Cultured pearls - unworked,JAPAN,PARTNER,0.04,R,KGS,2026-08-20,Dec-2025  (R),gemstrategy_data/raw/import/71012100/71012100_2025_12.html
import,2025-12-01,2025,12,December,71012100,Cultured Pearls,Cultured pearls - unworked,THAILAND,PARTNER,0.0,R,KGS,2026-08-20,Dec-2025  (R),gemstrategy_data/raw/import/71012100/71012100_2025_12.html
import,2025-12-01,2025,12,December,71012100,Cultured Pearls,Cultured pearls - unworked,U S A,PARTNER,0.0,R,KGS,2026-08-20,Dec-2025  (R),gemstrategy_data/raw/import/71012100/71012100_2025_12.html
import,2025-12-01,2025,12,December,71012100,Cultured Pearls,Cultured pearls - unworked,Total,TOTAL,1.46,R,KGS,2026-08-20,Dec-2025  (R),gemstrategy_data/raw/import/71012100/71012100_2025_12.html
import,2025-12-01,2025,12,December,71012200,Cultured Pearls,Cultured pearls - worked,AUSTRALIA,PARTNER,0.0,R,KGS,2026-08-20,Dec-2025  (R),gemstrategy_data/raw/import/71012200/71012200_2025_12.html
import,2025-12-01,2025,12,December,71012200,Cultured Pearls,Cultured pearls - worked,BAHARAIN IS,PARTNER,0.0,R,KGS,2026-08-20,Dec-2025  (R),gemstrategy_data/raw/import/71012200/71012200_2025_12.html
import,2025-12-01,2025,12,December,71012200,Cultured Pearls,Cultured pearls - worked,CANADA,PARTNER,0.0,R,KGS,2026-08-20,Dec-2025  (R),gemstrategy_data/raw/import/71012200/71012200_2025_12.html
import,2025-12-01,2025,12,December,71012200,Cultured Pearls,Cultured pearls - worked,CHINA P RP,PARTNER,0.07,R,KGS,2026-08-20,Dec-2025  (R),gemstrategy_data/raw/import/71012200/71012200_2025_12.html
import,2025-12-01,2025,12,December,71012200,Cultured Pearls,Cultured pearls - worked,FRANCE,PARTNER,0.0,R,KGS,2026-08-20,Dec-2025  (R),gemstrategy_data/raw/import/71012200/71012200_2025_12.html
import,2025-12-01,2025,12,December,71012200,Cultured Pearls,Cultured pearls - worked,GERMANY,PARTNER,0.0,R,KGS,2026-08-20,Dec-2025  (R),gemstrategy_data/raw/import/71012200/71012200_2025_12.html
import,2025-12-01,2025,12,December,71012200,Cultured Pearls,Cultured pearls - worked,HONG KONG,PARTNER,0.28,R,KGS,2026-08-20,Dec-2025  (R),gemstrategy_data/raw/import/71012200/71012200_2025_12.html
import,2025-12-01,2025,12,December,71012200,Cultured Pearls,Cultured pearls - worked,INDONESIA,PARTNER,0.0,R,KGS,2026-08-20,Dec-2025  (R),gemstrategy_data/raw/import/71012200/71012200_2025_12.html
import,2025-12-01,2025,12,December,71012200,Cultured Pearls,Cultured pearls - worked,ITALY,PARTNER,0.0,R,KGS,2026-08-20,Dec-2025  (R),gemstrategy_data/raw/import/71012200/71012200_2025_12.html
import,2025-12-01,2025,12,December,71012200,Cultured Pearls,Cultured pearls - worked,JAPAN,PARTNER,0.19,R,KGS,2026-08-20,Dec-2025  (R),gemstrategy_data/raw/import/71012200/71012200_2025_12.html
import,2025-12-01,2025,12,December,71012200,Cultured Pearls,Cultured pearls - worked,MEXICO,PARTNER,0.0,R,KGS,2026-08-20,Dec-2025  (R),gemstrategy_data/raw/import/71012200/71012200_2025_12.html
import,2025-12-01,2025,12,December,71012200,Cultured Pearls,Cultured pearls - worked,SINGAPORE,PARTNER,0.0,R,KGS,2026-08-20,Dec-2025  (R),gemstrategy_data/raw/import/71012200/71012200_2025_12.html
import,2025-12-01,2025,12,December,71012200,Cultured Pearls,Cultured pearls - worked,SPAIN,PARTNER,0.0,R,KGS,2026-08-20,Dec-2025  (R),gemstrategy_data/raw/import/71012200/71012200_2025_12.html
import,2025-12-01,2025,12,December,71012200,Cultured Pearls,Cultured pearls - worked,THAILAND,PARTNER,0.03,R,KGS,2026-08-20,Dec-2025  (R),gemstrategy_data/raw/import/71012200/71012200_2025_12.html
import,2025-12-01,2025,12,December,71012200,Cultured Pearls,Cultured pearls - worked,U ARAB EMTS,PARTNER,0.0,R,KGS,2026-08-20,Dec-2025  (R),gemstrategy_data/raw/import/71012200/71012200_2025_12.html
import,2025-12-01,2025,12,December,71012200,Cultured Pearls,Cultured pearls - worked,U K,PARTNER,0.0,R,KGS,2026-08-20,Dec-2025  (R),gemstrategy_data/raw/import/71012200/71012200_2025_12.html
import,2025-12-01,2025,12,December,71012200,Cultured Pearls,Cultured pearls - worked,U S A,PARTNER,0.0,R,KGS,2026-08-20,Dec-2025  (R),gemstrategy_data/raw/import/71012200/71012200_2025_12.html
import,2025-12-01,2025,12,December,71012200,Cultured Pearls,Cultured pearls - worked,Total,TOTAL,0.58,R,KGS,2026-08-20,Dec-2025  (R),gemstrategy_data/raw/import/71012200/71012200_2025_12.html
import,2026-01-01,2026,1,January,71011010,Natural Pearls,Natural (real) pearls - unworked,CHINA P RP,PARTNER,0.0,R,KGS,2026-08-20,Jan-2026  (R),gemstrategy_data/raw/import/71011010/71011010_2026_01.html
import,2026-01-01,2026,1,January,71011010,Natural Pearls,Natural (real) pearls - unworked,FRANCE,PARTNER,0.0,R,KGS,2026-08-20,Jan-2026  (R),gemstrategy_data/raw/import/71011010/71011010_2026_01.html
import,2026-01-01,2026,1,January,71011010,Natural Pearls,Natural (real) pearls - unworked,HONG KONG,PARTNER,0.0,R,KGS,2026-08-20,Jan-2026  (R),gemstrategy_data/raw/import/71011010/71011010_2026_01.html
import,2026-01-01,2026,1,January,71011010,Natural Pearls,Natural (real) pearls - unworked,INDONESIA,PARTNER,0.0,R,KGS,2026-08-20,Jan-2026  (R),gemstrategy_data/raw/import/71011010/71011010_2026_01.html
import,2026-01-01,2026,1,January,71011010,Natural Pearls,Natural (real) pearls - unworked,JAPAN,PARTNER,0.0,R,KGS,2026-08-20,Jan-2026  (R),gemstrategy_data/raw/import/71011010/71011010_2026_01.html
import,2026-01-01,2026,1,January,71011010,Natural Pearls,Natural (real) pearls - unworked,SPAIN,PARTNER,0.0,R,KGS,2026-08-20,Jan-2026  (R),gemstrategy_data/raw/import/71011010/71011010_2026_01.html
import,2026-01-01,2026,1,January,71011010,Natural Pearls,Natural (real) pearls - unworked,SWITZERLAND,PARTNER,0.0,R,KGS,2026-08-20,Jan-2026  (R),gemstrategy_data/raw/import/71011010/71011010_2026_01.html
import,2026-01-01,2026,1,January,71011010,Natural Pearls,Natural (real) pearls - unworked,THAILAND,PARTNER,0.0,R,KGS,2026-08-20,Jan-2026  (R),gemstrategy_data/raw/import/71011010/71011010_2026_01.html
import,2026-01-01,2026,1,January,71011010,Natural Pearls,Natural (real) pearls - unworked,U ARAB EMTS,PARTNER,0.0,R,KGS,2026-08-20,Jan-2026  (R),gemstrategy_data/raw/import/71011010/71011010_2026_01.html
import,2026-01-01,2026,1,January,71011010,Natural Pearls,Natural (real) pearls - unworked,U S A,PARTNER,0.0,R,KGS,2026-08-20,Jan-2026  (R),gemstrategy_data/raw/import/71011010/71011010_2026_01.html
import,2026-01-01,2026,1,January,71011010,Natural Pearls,Natural (real) pearls - unworked,Total,TOTAL,0.0,R,KGS,2026-08-20,Jan-2026  (R),gemstrategy_data/raw/import/71011010/71011010_2026_01.html
import,2026-01-01,2026,1,January,71011020,Natural Pearls,Natural (real) pearls - worked,AUSTRALIA,PARTNER,0.0,R,KGS,2026-08-20,Jan-2026  (R),gemstrategy_data/raw/import/71011020/71011020_2026_01.html
import,2026-01-01,2026,1,January,71011020,Natural Pearls,Natural (real) pearls - worked,BELGIUM,PARTNER,0.0,R,KGS,2026-08-20,Jan-2026  (R),gemstrategy_data/raw/import/71011020/71011020_2026_01.html
import,2026-01-01,2026,1,January,71011020,Natural Pearls,Natural (real) pearls - worked,CHINA P RP,PARTNER,0.0,R,KGS,2026-08-20,Jan-2026  (R),gemstrategy_data/raw/import/71011020/71011020_2026_01.html
import,2026-01-01,2026,1,January,71011020,Natural Pearls,Natural (real) pearls - worked,FRANCE,PARTNER,0.0,R,KGS,2026-08-20,Jan-2026  (R),gemstrategy_data/raw/import/71011020/71011020_2026_01.html
import,2026-01-01,2026,1,January,71011020,Natural Pearls,Natural (real) pearls - worked,GERMANY,PARTNER,0.02,R,KGS,2026-08-20,Jan-2026  (R),gemstrategy_data/raw/import/71011020/71011020_2026_01.html
import,2026-01-01,2026,1,January,71011020,Natural Pearls,Natural (real) pearls - worked,HONG KONG,PARTNER,0.0,R,KGS,2026-08-20,Jan-2026  (R),gemstrategy_data/raw/import/71011020/71011020_2026_01.html
import,2026-01-01,2026,1,January,71011020,Natural Pearls,Natural (real) pearls - worked,JAPAN,PARTNER,0.0,R,KGS,2026-08-20,Jan-2026  (R),gemstrategy_data/raw/import/71011020/71011020_2026_01.html
import,2026-01-01,2026,1,January,71011020,Natural Pearls,Natural (real) pearls - worked,KOREA RP,PARTNER,0.0,R,KGS,2026-08-20,Jan-2026  (R),gemstrategy_data/raw/import/71011020/71011020_2026_01.html
import,2026-01-01,2026,1,January,71011020,Natural Pearls,Natural (real) pearls - worked,LITHUANIA,PARTNER,0.0,R,KGS,2026-08-20,Jan-2026  (R),gemstrategy_data/raw/import/71011020/71011020_2026_01.html
import,2026-01-01,2026,1,January,71011020,Natural Pearls,Natural (real) pearls - worked,QATAR,PARTNER,0.0,R,KGS,2026-08-20,Jan-2026  (R),gemstrategy_data/raw/import/71011020/71011020_2026_01.html
import,2026-01-01,2026,1,January,71011020,Natural Pearls,Natural (real) pearls - worked,SPAIN,PARTNER,0.0,R,KGS,2026-08-20,Jan-2026  (R),gemstrategy_data/raw/import/71011020/71011020_2026_01.html
import,2026-01-01,2026,1,January,71011020,Natural Pearls,Natural (real) pearls - worked,SRI LANKA DSR,PARTNER,0.0,R,KGS,2026-08-20,Jan-2026  (R),gemstrategy_data/raw/import/71011020/71011020_2026_01.html
import,2026-01-01,2026,1,January,71011020,Natural Pearls,Natural (real) pearls - worked,SWITZERLAND,PARTNER,0.0,R,KGS,2026-08-20,Jan-2026  (R),gemstrategy_data/raw/import/71011020/71011020_2026_01.html
import,2026-01-01,2026,1,January,71011020,Natural Pearls,Natural (real) pearls - worked,THAILAND,PARTNER,0.0,R,KGS,2026-08-20,Jan-2026  (R),gemstrategy_data/raw/import/71011020/71011020_2026_01.html
import,2026-01-01,2026,1,January,71011020,Natural Pearls,Natural (real) pearls - worked,U ARAB EMTS,PARTNER,0.0,R,KGS,2026-08-20,Jan-2026  (R),gemstrategy_data/raw/import/71011020/71011020_2026_01.html
import,2026-01-01,2026,1,January,71011020,Natural Pearls,Natural (real) pearls - worked,U K,PARTNER,0.0,R,KGS,2026-08-20,Jan-2026  (R),gemstrategy_data/raw/import/71011020/71011020_2026_01.html
import,2026-01-01,2026,1,January,71011020,Natural Pearls,Natural (real) pearls - worked,U S A,PARTNER,0.0,R,KGS,2026-08-20,Jan-2026  (R),gemstrategy_data/raw/import/71011020/71011020_2026_01.html
import,2026-01-01,2026,1,January,71011020,Natural Pearls,Natural (real) pearls - worked,VIETNAM SOC REP,PARTNER,0.0,R,KGS,2026-08-20,Jan-2026  (R),gemstrategy_data/raw/import/71011020/71011020_2026_01.html
import,2026-01-01,2026,1,January,71011020,Natural Pearls,Natural (real) pearls - worked,Total,TOTAL,0.02,R,KGS,2026-08-20,Jan-2026  (R),gemstrategy_data/raw/import/71011020/71011020_2026_01.html
import,2026-01-01,2026,1,January,71012100,Cultured Pearls,Cultured pearls - unworked,CHINA P RP,PARTNER,0.66,R,KGS,2026-08-20,Jan-2026  (R),gemstrategy_data/raw/import/71012100/71012100_2026_01.html
import,2026-01-01,2026,1,January,71012100,Cultured Pearls,Cultured pearls - unworked,HONG KONG,PARTNER,0.22,R,KGS,2026-08-20,Jan-2026  (R),gemstrategy_data/raw/import/71012100/71012100_2026_01.html
import,2026-01-01,2026,1,January,71012100,Cultured Pearls,Cultured pearls - unworked,INDONESIA,PARTNER,0.01,R,KGS,2026-08-20,Jan-2026  (R),gemstrategy_data/raw/import/71012100/71012100_2026_01.html
import,2026-01-01,2026,1,January,71012100,Cultured Pearls,Cultured pearls - unworked,JAPAN,PARTNER,0.19,R,KGS,2026-08-20,Jan-2026  (R),gemstrategy_data/raw/import/71012100/71012100_2026_01.html
import,2026-01-01,2026,1,January,71012100,Cultured Pearls,Cultured pearls - unworked,THAILAND,PARTNER,0.02,R,KGS,2026-08-20,Jan-2026  (R),gemstrategy_data/raw/import/71012100/71012100_2026_01.html
import,2026-01-01,2026,1,January,71012100,Cultured Pearls,Cultured pearls - unworked,U S A,PARTNER,0.0,R,KGS,2026-08-20,Jan-2026  (R),gemstrategy_data/raw/import/71012100/71012100_2026_01.html
import,2026-01-01,2026,1,January,71012100,Cultured Pearls,Cultured pearls - unworked,Total,TOTAL,1.1,R,KGS,2026-08-20,Jan-2026  (R),gemstrategy_data/raw/import/71012100/71012100_2026_01.html
import,2026-01-01,2026,1,January,71012200,Cultured Pearls,Cultured pearls - worked,AUSTRALIA,PARTNER,0.0,R,KGS,2026-08-20,Jan-2026  (R),gemstrategy_data/raw/import/71012200/71012200_2026_01.html
import,2026-01-01,2026,1,January,71012200,Cultured Pearls,Cultured pearls - worked,BAHARAIN IS,PARTNER,0.0,R,KGS,2026-08-20,Jan-2026  (R),gemstrategy_data/raw/import/71012200/71012200_2026_01.html
import,2026-01-01,2026,1,January,71012200,Cultured Pearls,Cultured pearls - worked,CANADA,PARTNER,0.0,R,KGS,2026-08-20,Jan-2026  (R),gemstrategy_data/raw/import/71012200/71012200_2026_01.html
import,2026-01-01,2026,1,January,71012200,Cultured Pearls,Cultured pearls - worked,CHINA P RP,PARTNER,0.12,R,KGS,2026-08-20,Jan-2026  (R),gemstrategy_data/raw/import/71012200/71012200_2026_01.html
import,2026-01-01,2026,1,January,71012200,Cultured Pearls,Cultured pearls - worked,FRANCE,PARTNER,0.0,R,KGS,2026-08-20,Jan-2026  (R),gemstrategy_data/raw/import/71012200/71012200_2026_01.html
import,2026-01-01,2026,1,January,71012200,Cultured Pearls,Cultured pearls - worked,GERMANY,PARTNER,0.0,R,KGS,2026-08-20,Jan-2026  (R),gemstrategy_data/raw/import/71012200/71012200_2026_01.html
import,2026-01-01,2026,1,January,71012200,Cultured Pearls,Cultured pearls - worked,HONG KONG,PARTNER,0.24,R,KGS,2026-08-20,Jan-2026  (R),gemstrategy_data/raw/import/71012200/71012200_2026_01.html
import,2026-01-01,2026,1,January,71012200,Cultured Pearls,Cultured pearls - worked,INDONESIA,PARTNER,0.02,R,KGS,2026-08-20,Jan-2026  (R),gemstrategy_data/raw/import/71012200/71012200_2026_01.html
import,2026-01-01,2026,1,January,71012200,Cultured Pearls,Cultured pearls - worked,ITALY,PARTNER,0.0,R,KGS,2026-08-20,Jan-2026  (R),gemstrategy_data/raw/import/71012200/71012200_2026_01.html
import,2026-01-01,2026,1,January,71012200,Cultured Pearls,Cultured pearls - worked,JAPAN,PARTNER,0.04,R,KGS,2026-08-20,Jan-2026  (R),gemstrategy_data/raw/import/71012200/71012200_2026_01.html
import,2026-01-01,2026,1,January,71012200,Cultured Pearls,Cultured pearls - worked,MEXICO,PARTNER,0.0,R,KGS,2026-08-20,Jan-2026  (R),gemstrategy_data/raw/import/71012200/71012200_2026_01.html
import,2026-01-01,2026,1,January,71012200,Cultured Pearls,Cultured pearls - worked,SINGAPORE,PARTNER,0.0,R,KGS,2026-08-20,Jan-2026  (R),gemstrategy_data/raw/import/71012200/71012200_2026_01.html
import,2026-01-01,2026,1,January,71012200,Cultured Pearls,Cultured pearls - worked,SPAIN,PARTNER,0.0,R,KGS,2026-08-20,Jan-2026  (R),gemstrategy_data/raw/import/71012200/71012200_2026_01.html
import,2026-01-01,2026,1,January,71012200,Cultured Pearls,Cultured pearls - worked,THAILAND,PARTNER,0.0,R,KGS,2026-08-20,Jan-2026  (R),gemstrategy_data/raw/import/71012200/71012200_2026_01.html
import,2026-01-01,2026,1,January,71012200,Cultured Pearls,Cultured pearls - worked,U ARAB EMTS,PARTNER,0.0,R,KGS,2026-08-20,Jan-2026  (R),gemstrategy_data/raw/import/71012200/71012200_2026_01.html
import,2026-01-01,2026,1,January,71012200,Cultured Pearls,Cultured pearls - worked,U K,PARTNER,0.0,R,KGS,2026-08-20,Jan-2026  (R),gemstrategy_data/raw/import/71012200/71012200_2026_01.html
import,2026-01-01,2026,1,January,71012200,Cultured Pearls,Cultured pearls - worked,U S A,PARTNER,0.01,R,KGS,2026-08-20,Jan-2026  (R),gemstrategy_data/raw/import/71012200/71012200_2026_01.html
import,2026-01-01,2026,1,January,71012200,Cultured Pearls,Cultured pearls - worked,Total,TOTAL,0.44,R,KGS,2026-08-20,Jan-2026  (R),gemstrategy_data/raw/import/71012200/71012200_2026_01.html
import,2026-02-01,2026,2,February,71011010,Natural Pearls,Natural (real) pearls - unworked,CHINA P RP,PARTNER,0.0,R,KGS,2026-08-20,Feb-2026  (R),gemstrategy_data/raw/import/71011010/71011010_2026_02.html
import,2026-02-01,2026,2,February,71011010,Natural Pearls,Natural (real) pearls - unworked,FRANCE,PARTNER,0.0,R,KGS,2026-08-20,Feb-2026  (R),gemstrategy_data/raw/import/71011010/71011010_2026_02.html
import,2026-02-01,2026,2,February,71011010,Natural Pearls,Natural (real) pearls - unworked,HONG KONG,PARTNER,0.16,R,KGS,2026-08-20,Feb-2026  (R),gemstrategy_data/raw/import/71011010/71011010_2026_02.html
import,2026-02-01,2026,2,February,71011010,Natural Pearls,Natural (real) pearls - unworked,INDONESIA,PARTNER,0.0,R,KGS,2026-08-20,Feb-2026  (R),gemstrategy_data/raw/import/71011010/71011010_2026_02.html
import,2026-02-01,2026,2,February,71011010,Natural Pearls,Natural (real) pearls - unworked,JAPAN,PARTNER,0.0,R,KGS,2026-08-20,Feb-2026  (R),gemstrategy_data/raw/import/71011010/71011010_2026_02.html
import,2026-02-01,2026,2,February,71011010,Natural Pearls,Natural (real) pearls - unworked,SPAIN,PARTNER,0.0,R,KGS,2026-08-20,Feb-2026  (R),gemstrategy_data/raw/import/71011010/71011010_2026_02.html
import,2026-02-01,2026,2,February,71011010,Natural Pearls,Natural (real) pearls - unworked,SWITZERLAND,PARTNER,0.0,R,KGS,2026-08-20,Feb-2026  (R),gemstrategy_data/raw/import/71011010/71011010_2026_02.html
import,2026-02-01,2026,2,February,71011010,Natural Pearls,Natural (real) pearls - unworked,THAILAND,PARTNER,0.0,R,KGS,2026-08-20,Feb-2026  (R),gemstrategy_data/raw/import/71011010/71011010_2026_02.html
import,2026-02-01,2026,2,February,71011010,Natural Pearls,Natural (real) pearls - unworked,U ARAB EMTS,PARTNER,0.0,R,KGS,2026-08-20,Feb-2026  (R),gemstrategy_data/raw/import/71011010/71011010_2026_02.html
import,2026-02-01,2026,2,February,71011010,Natural Pearls,Natural (real) pearls - unworked,U S A,PARTNER,0.0,R,KGS,2026-08-20,Feb-2026  (R),gemstrategy_data/raw/import/71011010/71011010_2026_02.html
import,2026-02-01,2026,2,February,71011010,Natural Pearls,Natural (real) pearls - unworked,Total,TOTAL,0.16,R,KGS,2026-08-20,Feb-2026  (R),gemstrategy_data/raw/import/71011010/71011010_2026_02.html
import,2026-02-01,2026,2,February,71011020,Natural Pearls,Natural (real) pearls - worked,AUSTRALIA,PARTNER,0.0,R,KGS,2026-08-20,Feb-2026  (R),gemstrategy_data/raw/import/71011020/71011020_2026_02.html
import,2026-02-01,2026,2,February,71011020,Natural Pearls,Natural (real) pearls - worked,BAHARAIN IS,PARTNER,0.02,R,KGS,2026-08-20,Feb-2026  (R),gemstrategy_data/raw/import/71011020/71011020_2026_02.html
import,2026-02-01,2026,2,February,71011020,Natural Pearls,Natural (real) pearls - worked,BELGIUM,PARTNER,0.0,R,KGS,2026-08-20,Feb-2026  (R),gemstrategy_data/raw/import/71011020/71011020_2026_02.html
import,2026-02-01,2026,2,February,71011020,Natural Pearls,Natural (real) pearls - worked,CHINA P RP,PARTNER,0.0,R,KGS,2026-08-20,Feb-2026  (R),gemstrategy_data/raw/import/71011020/71011020_2026_02.html
import,2026-02-01,2026,2,February,71011020,Natural Pearls,Natural (real) pearls - worked,FRANCE,PARTNER,0.0,R,KGS,2026-08-20,Feb-2026  (R),gemstrategy_data/raw/import/71011020/71011020_2026_02.html
import,2026-02-01,2026,2,February,71011020,Natural Pearls,Natural (real) pearls - worked,GERMANY,PARTNER,0.0,R,KGS,2026-08-20,Feb-2026  (R),gemstrategy_data/raw/import/71011020/71011020_2026_02.html
import,2026-02-01,2026,2,February,71011020,Natural Pearls,Natural (real) pearls - worked,HONG KONG,PARTNER,0.0,R,KGS,2026-08-20,Feb-2026  (R),gemstrategy_data/raw/import/71011020/71011020_2026_02.html
import,2026-02-01,2026,2,February,71011020,Natural Pearls,Natural (real) pearls - worked,JAPAN,PARTNER,0.0,R,KGS,2026-08-20,Feb-2026  (R),gemstrategy_data/raw/import/71011020/71011020_2026_02.html
import,2026-02-01,2026,2,February,71011020,Natural Pearls,Natural (real) pearls - worked,KOREA RP,PARTNER,0.0,R,KGS,2026-08-20,Feb-2026  (R),gemstrategy_data/raw/import/71011020/71011020_2026_02.html
import,2026-02-01,2026,2,February,71011020,Natural Pearls,Natural (real) pearls - worked,LITHUANIA,PARTNER,0.0,R,KGS,2026-08-20,Feb-2026  (R),gemstrategy_data/raw/import/71011020/71011020_2026_02.html
import,2026-02-01,2026,2,February,71011020,Natural Pearls,Natural (real) pearls - worked,QATAR,PARTNER,0.0,R,KGS,2026-08-20,Feb-2026  (R),gemstrategy_data/raw/import/71011020/71011020_2026_02.html
import,2026-02-01,2026,2,February,71011020,Natural Pearls,Natural (real) pearls - worked,SINGAPORE,PARTNER,0.0,R,KGS,2026-08-20,Feb-2026  (R),gemstrategy_data/raw/import/71011020/71011020_2026_02.html
import,2026-02-01,2026,2,February,71011020,Natural Pearls,Natural (real) pearls - worked,SPAIN,PARTNER,0.0,R,KGS,2026-08-20,Feb-2026  (R),gemstrategy_data/raw/import/71011020/71011020_2026_02.html
import,2026-02-01,2026,2,February,71011020,Natural Pearls,Natural (real) pearls - worked,SRI LANKA DSR,PARTNER,0.0,R,KGS,2026-08-20,Feb-2026  (R),gemstrategy_data/raw/import/71011020/71011020_2026_02.html
import,2026-02-01,2026,2,February,71011020,Natural Pearls,Natural (real) pearls - worked,SWITZERLAND,PARTNER,0.0,R,KGS,2026-08-20,Feb-2026  (R),gemstrategy_data/raw/import/71011020/71011020_2026_02.html
import,2026-02-01,2026,2,February,71011020,Natural Pearls,Natural (real) pearls - worked,THAILAND,PARTNER,0.0,R,KGS,2026-08-20,Feb-2026  (R),gemstrategy_data/raw/import/71011020/71011020_2026_02.html
import,2026-02-01,2026,2,February,71011020,Natural Pearls,Natural (real) pearls - worked,U ARAB EMTS,PARTNER,0.04,R,KGS,2026-08-20,Feb-2026  (R),gemstrategy_data/raw/import/71011020/71011020_2026_02.html
import,2026-02-01,2026,2,February,71011020,Natural Pearls,Natural (real) pearls - worked,U K,PARTNER,0.0,R,KGS,2026-08-20,Feb-2026  (R),gemstrategy_data/raw/import/71011020/71011020_2026_02.html
import,2026-02-01,2026,2,February,71011020,Natural Pearls,Natural (real) pearls - worked,U S A,PARTNER,0.0,R,KGS,2026-08-20,Feb-2026  (R),gemstrategy_data/raw/import/71011020/71011020_2026_02.html
import,2026-02-01,2026,2,February,71011020,Natural Pearls,Natural (real) pearls - worked,VIETNAM SOC REP,PARTNER,0.0,R,KGS,2026-08-20,Feb-2026  (R),gemstrategy_data/raw/import/71011020/71011020_2026_02.html
import,2026-02-01,2026,2,February,71011020,Natural Pearls,Natural (real) pearls - worked,Total,TOTAL,0.07,R,KGS,2026-08-20,Feb-2026  (R),gemstrategy_data/raw/import/71011020/71011020_2026_02.html
import,2026-02-01,2026,2,February,71012100,Cultured Pearls,Cultured pearls - unworked,CHINA P RP,PARTNER,0.86,R,KGS,2026-08-20,Feb-2026  (R),gemstrategy_data/raw/import/71012100/71012100_2026_02.html
import,2026-02-01,2026,2,February,71012100,Cultured Pearls,Cultured pearls - unworked,HONG KONG,PARTNER,0.34,R,KGS,2026-08-20,Feb-2026  (R),gemstrategy_data/raw/import/71012100/71012100_2026_02.html
import,2026-02-01,2026,2,February,71012100,Cultured Pearls,Cultured pearls - unworked,INDONESIA,PARTNER,0.01,R,KGS,2026-08-20,Feb-2026  (R),gemstrategy_data/raw/import/71012100/71012100_2026_02.html
import,2026-02-01,2026,2,February,71012100,Cultured Pearls,Cultured pearls - unworked,JAPAN,PARTNER,0.08,R,KGS,2026-08-20,Feb-2026  (R),gemstrategy_data/raw/import/71012100/71012100_2026_02.html
import,2026-02-01,2026,2,February,71012100,Cultured Pearls,Cultured pearls - unworked,THAILAND,PARTNER,0.0,R,KGS,2026-08-20,Feb-2026  (R),gemstrategy_data/raw/import/71012100/71012100_2026_02.html
import,2026-02-01,2026,2,February,71012100,Cultured Pearls,Cultured pearls - unworked,U S A,PARTNER,0.0,R,KGS,2026-08-20,Feb-2026  (R),gemstrategy_data/raw/import/71012100/71012100_2026_02.html
import,2026-02-01,2026,2,February,71012100,Cultured Pearls,Cultured pearls - unworked,Total,TOTAL,1.3,R,KGS,2026-08-20,Feb-2026  (R),gemstrategy_data/raw/import/71012100/71012100_2026_02.html
import,2026-02-01,2026,2,February,71012200,Cultured Pearls,Cultured pearls - worked,AUSTRALIA,PARTNER,0.0,R,KGS,2026-08-20,Feb-2026  (R),gemstrategy_data/raw/import/71012200/71012200_2026_02.html
import,2026-02-01,2026,2,February,71012200,Cultured Pearls,Cultured pearls - worked,BAHARAIN IS,PARTNER,0.0,R,KGS,2026-08-20,Feb-2026  (R),gemstrategy_data/raw/import/71012200/71012200_2026_02.html
import,2026-02-01,2026,2,February,71012200,Cultured Pearls,Cultured pearls - worked,CANADA,PARTNER,0.0,R,KGS,2026-08-20,Feb-2026  (R),gemstrategy_data/raw/import/71012200/71012200_2026_02.html
import,2026-02-01,2026,2,February,71012200,Cultured Pearls,Cultured pearls - worked,CHINA P RP,PARTNER,0.04,R,KGS,2026-08-20,Feb-2026  (R),gemstrategy_data/raw/import/71012200/71012200_2026_02.html
import,2026-02-01,2026,2,February,71012200,Cultured Pearls,Cultured pearls - worked,FRANCE,PARTNER,0.0,R,KGS,2026-08-20,Feb-2026  (R),gemstrategy_data/raw/import/71012200/71012200_2026_02.html
import,2026-02-01,2026,2,February,71012200,Cultured Pearls,Cultured pearls - worked,GERMANY,PARTNER,0.0,R,KGS,2026-08-20,Feb-2026  (R),gemstrategy_data/raw/import/71012200/71012200_2026_02.html
import,2026-02-01,2026,2,February,71012200,Cultured Pearls,Cultured pearls - worked,HONG KONG,PARTNER,0.16,R,KGS,2026-08-20,Feb-2026  (R),gemstrategy_data/raw/import/71012200/71012200_2026_02.html
import,2026-02-01,2026,2,February,71012200,Cultured Pearls,Cultured pearls - worked,INDONESIA,PARTNER,0.0,R,KGS,2026-08-20,Feb-2026  (R),gemstrategy_data/raw/import/71012200/71012200_2026_02.html
import,2026-02-01,2026,2,February,71012200,Cultured Pearls,Cultured pearls - worked,ITALY,PARTNER,0.0,R,KGS,2026-08-20,Feb-2026  (R),gemstrategy_data/raw/import/71012200/71012200_2026_02.html
import,2026-02-01,2026,2,February,71012200,Cultured Pearls,Cultured pearls - worked,JAPAN,PARTNER,0.0,R,KGS,2026-08-20,Feb-2026  (R),gemstrategy_data/raw/import/71012200/71012200_2026_02.html
import,2026-02-01,2026,2,February,71012200,Cultured Pearls,Cultured pearls - worked,MEXICO,PARTNER,0.0,R,KGS,2026-08-20,Feb-2026  (R),gemstrategy_data/raw/import/71012200/71012200_2026_02.html
import,2026-02-01,2026,2,February,71012200,Cultured Pearls,Cultured pearls - worked,SINGAPORE,PARTNER,0.0,R,KGS,2026-08-20,Feb-2026  (R),gemstrategy_data/raw/import/71012200/71012200_2026_02.html
import,2026-02-01,2026,2,February,71012200,Cultured Pearls,Cultured pearls - worked,SPAIN,PARTNER,0.0,R,KGS,2026-08-20,Feb-2026  (R),gemstrategy_data/raw/import/71012200/71012200_2026_02.html
import,2026-02-01,2026,2,February,71012200,Cultured Pearls,Cultured pearls - worked,THAILAND,PARTNER,0.01,R,KGS,2026-08-20,Feb-2026  (R),gemstrategy_data/raw/import/71012200/71012200_2026_02.html
import,2026-02-01,2026,2,February,71012200,Cultured Pearls,Cultured pearls - worked,U ARAB EMTS,PARTNER,0.0,R,KGS,2026-08-20,Feb-2026  (R),gemstrategy_data/raw/import/71012200/71012200_2026_02.html
import,2026-02-01,2026,2,February,71012200,Cultured Pearls,Cultured pearls - worked,U K,PARTNER,0.0,R,KGS,2026-08-20,Feb-2026  (R),gemstrategy_data/raw/import/71012200/71012200_2026_02.html
import,2026-02-01,2026,2,February,71012200,Cultured Pearls,Cultured pearls - worked,U S A,PARTNER,0.01,R,KGS,2026-08-20,Feb-2026  (R),gemstrategy_data/raw/import/71012200/71012200_2026_02.html
import,2026-02-01,2026,2,February,71012200,Cultured Pearls,Cultured pearls - worked,Total,TOTAL,0.23,R,KGS,2026-08-20,Feb-2026  (R),gemstrategy_data/raw/import/71012200/71012200_2026_02.html
import,2026-03-01,2026,3,March,71011010,Natural Pearls,Natural (real) pearls - unworked,CHINA P RP,PARTNER,0.0,R,KGS,2026-08-20,Mar-2026  (R),gemstrategy_data/raw/import/71011010/71011010_2026_03.html
import,2026-03-01,2026,3,March,71011010,Natural Pearls,Natural (real) pearls - unworked,FRANCE,PARTNER,0.0,R,KGS,2026-08-20,Mar-2026  (R),gemstrategy_data/raw/import/71011010/71011010_2026_03.html
import,2026-03-01,2026,3,March,71011010,Natural Pearls,Natural (real) pearls - unworked,HONG KONG,PARTNER,0.22,R,KGS,2026-08-20,Mar-2026  (R),gemstrategy_data/raw/import/71011010/71011010_2026_03.html
import,2026-03-01,2026,3,March,71011010,Natural Pearls,Natural (real) pearls - unworked,INDONESIA,PARTNER,0.0,R,KGS,2026-08-20,Mar-2026  (R),gemstrategy_data/raw/import/71011010/71011010_2026_03.html
import,2026-03-01,2026,3,March,71011010,Natural Pearls,Natural (real) pearls - unworked,JAPAN,PARTNER,0.03,R,KGS,2026-08-20,Mar-2026  (R),gemstrategy_data/raw/import/71011010/71011010_2026_03.html
import,2026-03-01,2026,3,March,71011010,Natural Pearls,Natural (real) pearls - unworked,SPAIN,PARTNER,0.0,R,KGS,2026-08-20,Mar-2026  (R),gemstrategy_data/raw/import/71011010/71011010_2026_03.html
import,2026-03-01,2026,3,March,71011010,Natural Pearls,Natural (real) pearls - unworked,SWITZERLAND,PARTNER,0.0,R,KGS,2026-08-20,Mar-2026  (R),gemstrategy_data/raw/import/71011010/71011010_2026_03.html
import,2026-03-01,2026,3,March,71011010,Natural Pearls,Natural (real) pearls - unworked,THAILAND,PARTNER,0.0,R,KGS,2026-08-20,Mar-2026  (R),gemstrategy_data/raw/import/71011010/71011010_2026_03.html
import,2026-03-01,2026,3,March,71011010,Natural Pearls,Natural (real) pearls - unworked,U ARAB EMTS,PARTNER,0.0,R,KGS,2026-08-20,Mar-2026  (R),gemstrategy_data/raw/import/71011010/71011010_2026_03.html
import,2026-03-01,2026,3,March,71011010,Natural Pearls,Natural (real) pearls - unworked,U S A,PARTNER,0.0,R,KGS,2026-08-20,Mar-2026  (R),gemstrategy_data/raw/import/71011010/71011010_2026_03.html
import,2026-03-01,2026,3,March,71011010,Natural Pearls,Natural (real) pearls - unworked,Total,TOTAL,0.25,R,KGS,2026-08-20,Mar-2026  (R),gemstrategy_data/raw/import/71011010/71011010_2026_03.html
import,2026-03-01,2026,3,March,71011020,Natural Pearls,Natural (real) pearls - worked,AUSTRALIA,PARTNER,0.0,R,KGS,2026-08-20,Mar-2026  (R),gemstrategy_data/raw/import/71011020/71011020_2026_03.html
import,2026-03-01,2026,3,March,71011020,Natural Pearls,Natural (real) pearls - worked,BAHARAIN IS,PARTNER,0.0,R,KGS,2026-08-20,Mar-2026  (R),gemstrategy_data/raw/import/71011020/71011020_2026_03.html
import,2026-03-01,2026,3,March,71011020,Natural Pearls,Natural (real) pearls - worked,BELGIUM,PARTNER,0.0,R,KGS,2026-08-20,Mar-2026  (R),gemstrategy_data/raw/import/71011020/71011020_2026_03.html
import,2026-03-01,2026,3,March,71011020,Natural Pearls,Natural (real) pearls - worked,CHINA P RP,PARTNER,0.0,R,KGS,2026-08-20,Mar-2026  (R),gemstrategy_data/raw/import/71011020/71011020_2026_03.html
import,2026-03-01,2026,3,March,71011020,Natural Pearls,Natural (real) pearls - worked,FRANCE,PARTNER,0.0,R,KGS,2026-08-20,Mar-2026  (R),gemstrategy_data/raw/import/71011020/71011020_2026_03.html
import,2026-03-01,2026,3,March,71011020,Natural Pearls,Natural (real) pearls - worked,GERMANY,PARTNER,0.0,R,KGS,2026-08-20,Mar-2026  (R),gemstrategy_data/raw/import/71011020/71011020_2026_03.html
import,2026-03-01,2026,3,March,71011020,Natural Pearls,Natural (real) pearls - worked,HONG KONG,PARTNER,0.93,R,KGS,2026-08-20,Mar-2026  (R),gemstrategy_data/raw/import/71011020/71011020_2026_03.html
import,2026-03-01,2026,3,March,71011020,Natural Pearls,Natural (real) pearls - worked,ITALY,PARTNER,0.0,R,KGS,2026-08-20,Mar-2026  (R),gemstrategy_data/raw/import/71011020/71011020_2026_03.html
import,2026-03-01,2026,3,March,71011020,Natural Pearls,Natural (real) pearls - worked,JAPAN,PARTNER,0.0,R,KGS,2026-08-20,Mar-2026  (R),gemstrategy_data/raw/import/71011020/71011020_2026_03.html
import,2026-03-01,2026,3,March,71011020,Natural Pearls,Natural (real) pearls - worked,KOREA RP,PARTNER,0.0,R,KGS,2026-08-20,Mar-2026  (R),gemstrategy_data/raw/import/71011020/71011020_2026_03.html
import,2026-03-01,2026,3,March,71011020,Natural Pearls,Natural (real) pearls - worked,LITHUANIA,PARTNER,0.0,R,KGS,2026-08-20,Mar-2026  (R),gemstrategy_data/raw/import/71011020/71011020_2026_03.html
import,2026-03-01,2026,3,March,71011020,Natural Pearls,Natural (real) pearls - worked,QATAR,PARTNER,0.0,R,KGS,2026-08-20,Mar-2026  (R),gemstrategy_data/raw/import/71011020/71011020_2026_03.html
import,2026-03-01,2026,3,March,71011020,Natural Pearls,Natural (real) pearls - worked,SINGAPORE,PARTNER,0.0,R,KGS,2026-08-20,Mar-2026  (R),gemstrategy_data/raw/import/71011020/71011020_2026_03.html
import,2026-03-01,2026,3,March,71011020,Natural Pearls,Natural (real) pearls - worked,SPAIN,PARTNER,0.0,R,KGS,2026-08-20,Mar-2026  (R),gemstrategy_data/raw/import/71011020/71011020_2026_03.html
import,2026-03-01,2026,3,March,71011020,Natural Pearls,Natural (real) pearls - worked,SRI LANKA DSR,PARTNER,0.0,R,KGS,2026-08-20,Mar-2026  (R),gemstrategy_data/raw/import/71011020/71011020_2026_03.html
import,2026-03-01,2026,3,March,71011020,Natural Pearls,Natural (real) pearls - worked,SWITZERLAND,PARTNER,0.0,R,KGS,2026-08-20,Mar-2026  (R),gemstrategy_data/raw/import/71011020/71011020_2026_03.html
import,2026-03-01,2026,3,March,71011020,Natural Pearls,Natural (real) pearls - worked,THAILAND,PARTNER,0.0,R,KGS,2026-08-20,Mar-2026  (R),gemstrategy_data/raw/import/71011020/71011020_2026_03.html
import,2026-03-01,2026,3,March,71011020,Natural Pearls,Natural (real) pearls - worked,U ARAB EMTS,PARTNER,0.0,R,KGS,2026-08-20,Mar-2026  (R),gemstrategy_data/raw/import/71011020/71011020_2026_03.html
import,2026-03-01,2026,3,March,71011020,Natural Pearls,Natural (real) pearls - worked,U K,PARTNER,0.0,R,KGS,2026-08-20,Mar-2026  (R),gemstrategy_data/raw/import/71011020/71011020_2026_03.html
import,2026-03-01,2026,3,March,71011020,Natural Pearls,Natural (real) pearls - worked,U S A,PARTNER,0.0,R,KGS,2026-08-20,Mar-2026  (R),gemstrategy_data/raw/import/71011020/71011020_2026_03.html
import,2026-03-01,2026,3,March,71011020,Natural Pearls,Natural (real) pearls - worked,VIETNAM SOC REP,PARTNER,0.0,R,KGS,2026-08-20,Mar-2026  (R),gemstrategy_data/raw/import/71011020/71011020_2026_03.html
import,2026-03-01,2026,3,March,71011020,Natural Pearls,Natural (real) pearls - worked,Total,TOTAL,0.94,R,KGS,2026-08-20,Mar-2026  (R),gemstrategy_data/raw/import/71011020/71011020_2026_03.html
import,2026-03-01,2026,3,March,71012100,Cultured Pearls,Cultured pearls - unworked,CHINA P RP,PARTNER,0.06,R,KGS,2026-08-20,Mar-2026  (R),gemstrategy_data/raw/import/71012100/71012100_2026_03.html
import,2026-03-01,2026,3,March,71012100,Cultured Pearls,Cultured pearls - unworked,HONG KONG,PARTNER,0.26,R,KGS,2026-08-20,Mar-2026  (R),gemstrategy_data/raw/import/71012100/71012100_2026_03.html
import,2026-03-01,2026,3,March,71012100,Cultured Pearls,Cultured pearls - unworked,INDONESIA,PARTNER,0.0,R,KGS,2026-08-20,Mar-2026  (R),gemstrategy_data/raw/import/71012100/71012100_2026_03.html
import,2026-03-01,2026,3,March,71012100,Cultured Pearls,Cultured pearls - unworked,JAPAN,PARTNER,0.04,R,KGS,2026-08-20,Mar-2026  (R),gemstrategy_data/raw/import/71012100/71012100_2026_03.html
import,2026-03-01,2026,3,March,71012100,Cultured Pearls,Cultured pearls - unworked,THAILAND,PARTNER,0.0,R,KGS,2026-08-20,Mar-2026  (R),gemstrategy_data/raw/import/71012100/71012100_2026_03.html
import,2026-03-01,2026,3,March,71012100,Cultured Pearls,Cultured pearls - unworked,U S A,PARTNER,0.0,R,KGS,2026-08-20,Mar-2026  (R),gemstrategy_data/raw/import/71012100/71012100_2026_03.html
import,2026-03-01,2026,3,March,71012100,Cultured Pearls,Cultured pearls - unworked,Total,TOTAL,0.37,R,KGS,2026-08-20,Mar-2026  (R),gemstrategy_data/raw/import/71012100/71012100_2026_03.html
import,2026-03-01,2026,3,March,71012200,Cultured Pearls,Cultured pearls - worked,AUSTRALIA,PARTNER,0.0,R,KGS,2026-08-20,Mar-2026  (R),gemstrategy_data/raw/import/71012200/71012200_2026_03.html
import,2026-03-01,2026,3,March,71012200,Cultured Pearls,Cultured pearls - worked,BAHARAIN IS,PARTNER,0.0,R,KGS,2026-08-20,Mar-2026  (R),gemstrategy_data/raw/import/71012200/71012200_2026_03.html
import,2026-03-01,2026,3,March,71012200,Cultured Pearls,Cultured pearls - worked,CANADA,PARTNER,0.0,R,KGS,2026-08-20,Mar-2026  (R),gemstrategy_data/raw/import/71012200/71012200_2026_03.html
import,2026-03-01,2026,3,March,71012200,Cultured Pearls,Cultured pearls - worked,CHINA P RP,PARTNER,0.06,R,KGS,2026-08-20,Mar-2026  (R),gemstrategy_data/raw/import/71012200/71012200_2026_03.html
import,2026-03-01,2026,3,March,71012200,Cultured Pearls,Cultured pearls - worked,FRANCE,PARTNER,0.02,R,KGS,2026-08-20,Mar-2026  (R),gemstrategy_data/raw/import/71012200/71012200_2026_03.html
import,2026-03-01,2026,3,March,71012200,Cultured Pearls,Cultured pearls - worked,GERMANY,PARTNER,0.0,R,KGS,2026-08-20,Mar-2026  (R),gemstrategy_data/raw/import/71012200/71012200_2026_03.html
import,2026-03-01,2026,3,March,71012200,Cultured Pearls,Cultured pearls - worked,HONG KONG,PARTNER,0.71,R,KGS,2026-08-20,Mar-2026  (R),gemstrategy_data/raw/import/71012200/71012200_2026_03.html
import,2026-03-01,2026,3,March,71012200,Cultured Pearls,Cultured pearls - worked,INDONESIA,PARTNER,0.0,R,KGS,2026-08-20,Mar-2026  (R),gemstrategy_data/raw/import/71012200/71012200_2026_03.html
import,2026-03-01,2026,3,March,71012200,Cultured Pearls,Cultured pearls - worked,ITALY,PARTNER,0.0,R,KGS,2026-08-20,Mar-2026  (R),gemstrategy_data/raw/import/71012200/71012200_2026_03.html
import,2026-03-01,2026,3,March,71012200,Cultured Pearls,Cultured pearls - worked,JAPAN,PARTNER,0.01,R,KGS,2026-08-20,Mar-2026  (R),gemstrategy_data/raw/import/71012200/71012200_2026_03.html
import,2026-03-01,2026,3,March,71012200,Cultured Pearls,Cultured pearls - worked,MEXICO,PARTNER,0.0,R,KGS,2026-08-20,Mar-2026  (R),gemstrategy_data/raw/import/71012200/71012200_2026_03.html
import,2026-03-01,2026,3,March,71012200,Cultured Pearls,Cultured pearls - worked,SINGAPORE,PARTNER,0.0,R,KGS,2026-08-20,Mar-2026  (R),gemstrategy_data/raw/import/71012200/71012200_2026_03.html
import,2026-03-01,2026,3,March,71012200,Cultured Pearls,Cultured pearls - worked,SPAIN,PARTNER,0.0,R,KGS,2026-08-20,Mar-2026  (R),gemstrategy_data/raw/import/71012200/71012200_2026_03.html
import,2026-03-01,2026,3,March,71012200,Cultured Pearls,Cultured pearls - worked,THAILAND,PARTNER,0.0,R,KGS,2026-08-20,Mar-2026  (R),gemstrategy_data/raw/import/71012200/71012200_2026_03.html
import,2026-03-01,2026,3,March,71012200,Cultured Pearls,Cultured pearls - worked,U ARAB EMTS,PARTNER,0.0,R,KGS,2026-08-20,Mar-2026  (R),gemstrategy_data/raw/import/71012200/71012200_2026_03.html
import,2026-03-01,2026,3,March,71012200,Cultured Pearls,Cultured pearls - worked,U K,PARTNER,0.0,R,KGS,2026-08-20,Mar-2026  (R),gemstrategy_data/raw/import/71012200/71012200_2026_03.html
import,2026-03-01,2026,3,March,71012200,Cultured Pearls,Cultured pearls - worked,U S A,PARTNER,0.04,R,KGS,2026-08-20,Mar-2026  (R),gemstrategy_data/raw/import/71012200/71012200_2026_03.html
import,2026-03-01,2026,3,March,71012200,Cultured Pearls,Cultured pearls - worked,Total,TOTAL,0.84,R,KGS,2026-08-20,Mar-2026  (R),gemstrategy_data/raw/import/71012200/71012200_2026_03.html
import,2026-04-01,2026,4,April,71011010,Natural Pearls,Natural (real) pearls - unworked,CHINA P RP,PARTNER,0.0,F,KGS,2026-08-20,Apr-2026  (F),gemstrategy_data/raw/import/71011010/71011010_2026_04.html
import,2026-04-01,2026,4,April,71011010,Natural Pearls,Natural (real) pearls - unworked,HONG KONG,PARTNER,0.07,F,KGS,2026-08-20,Apr-2026  (F),gemstrategy_data/raw/import/71011010/71011010_2026_04.html
import,2026-04-01,2026,4,April,71011010,Natural Pearls,Natural (real) pearls - unworked,JAPAN,PARTNER,0.82,F,KGS,2026-08-20,Apr-2026  (F),gemstrategy_data/raw/import/71011010/71011010_2026_04.html
import,2026-04-01,2026,4,April,71011010,Natural Pearls,Natural (real) pearls - unworked,SPAIN,PARTNER,0.0,F,KGS,2026-08-20,Apr-2026  (F),gemstrategy_data/raw/import/71011010/71011010_2026_04.html
import,2026-04-01,2026,4,April,71011010,Natural Pearls,Natural (real) pearls - unworked,U S A,PARTNER,0.0,F,KGS,2026-08-20,Apr-2026  (F),gemstrategy_data/raw/import/71011010/71011010_2026_04.html
import,2026-04-01,2026,4,April,71011010,Natural Pearls,Natural (real) pearls - unworked,Total,TOTAL,0.89,F,KGS,2026-08-20,Apr-2026  (F),gemstrategy_data/raw/import/71011010/71011010_2026_04.html
import,2026-04-01,2026,4,April,71011020,Natural Pearls,Natural (real) pearls - worked,CHINA P RP,PARTNER,0.0,F,KGS,2026-08-20,Apr-2026  (F),gemstrategy_data/raw/import/71011020/71011020_2026_04.html
import,2026-04-01,2026,4,April,71011020,Natural Pearls,Natural (real) pearls - worked,HONG KONG,PARTNER,0.01,F,KGS,2026-08-20,Apr-2026  (F),gemstrategy_data/raw/import/71011020/71011020_2026_04.html
import,2026-04-01,2026,4,April,71011020,Natural Pearls,Natural (real) pearls - worked,INDONESIA,PARTNER,0.02,F,KGS,2026-08-20,Apr-2026  (F),gemstrategy_data/raw/import/71011020/71011020_2026_04.html
import,2026-04-01,2026,4,April,71011020,Natural Pearls,Natural (real) pearls - worked,JAPAN,PARTNER,0.0,F,KGS,2026-08-20,Apr-2026  (F),gemstrategy_data/raw/import/71011020/71011020_2026_04.html
import,2026-04-01,2026,4,April,71011020,Natural Pearls,Natural (real) pearls - worked,LITHUANIA,PARTNER,0.0,F,KGS,2026-08-20,Apr-2026  (F),gemstrategy_data/raw/import/71011020/71011020_2026_04.html
import,2026-04-01,2026,4,April,71011020,Natural Pearls,Natural (real) pearls - worked,SPAIN,PARTNER,0.0,F,KGS,2026-08-20,Apr-2026  (F),gemstrategy_data/raw/import/71011020/71011020_2026_04.html
import,2026-04-01,2026,4,April,71011020,Natural Pearls,Natural (real) pearls - worked,THAILAND,PARTNER,0.0,F,KGS,2026-08-20,Apr-2026  (F),gemstrategy_data/raw/import/71011020/71011020_2026_04.html
import,2026-04-01,2026,4,April,71011020,Natural Pearls,Natural (real) pearls - worked,U S A,PARTNER,0.02,F,KGS,2026-08-20,Apr-2026  (F),gemstrategy_data/raw/import/71011020/71011020_2026_04.html
import,2026-04-01,2026,4,April,71011020,Natural Pearls,Natural (real) pearls - worked,Total,TOTAL,0.06,F,KGS,2026-08-20,Apr-2026  (F),gemstrategy_data/raw/import/71011020/71011020_2026_04.html
import,2026-04-01,2026,4,April,71012100,Cultured Pearls,Cultured pearls - unworked,CHINA P RP,PARTNER,0.36,F,KGS,2026-08-20,Apr-2026  (F),gemstrategy_data/raw/import/71012100/71012100_2026_04.html
import,2026-04-01,2026,4,April,71012100,Cultured Pearls,Cultured pearls - unworked,HONG KONG,PARTNER,0.09,F,KGS,2026-08-20,Apr-2026  (F),gemstrategy_data/raw/import/71012100/71012100_2026_04.html
import,2026-04-01,2026,4,April,71012100,Cultured Pearls,Cultured pearls - unworked,JAPAN,PARTNER,0.14,F,KGS,2026-08-20,Apr-2026  (F),gemstrategy_data/raw/import/71012100/71012100_2026_04.html
import,2026-04-01,2026,4,April,71012100,Cultured Pearls,Cultured pearls - unworked,THAILAND,PARTNER,0.0,F,KGS,2026-08-20,Apr-2026  (F),gemstrategy_data/raw/import/71012100/71012100_2026_04.html
import,2026-04-01,2026,4,April,71012100,Cultured Pearls,Cultured pearls - unworked,Total,TOTAL,0.59,F,KGS,2026-08-20,Apr-2026  (F),gemstrategy_data/raw/import/71012100/71012100_2026_04.html
import,2026-04-01,2026,4,April,71012200,Cultured Pearls,Cultured pearls - worked,CANADA,PARTNER,0.0,F,KGS,2026-08-20,Apr-2026  (F),gemstrategy_data/raw/import/71012200/71012200_2026_04.html
import,2026-04-01,2026,4,April,71012200,Cultured Pearls,Cultured pearls - worked,CHINA P RP,PARTNER,0.13,F,KGS,2026-08-20,Apr-2026  (F),gemstrategy_data/raw/import/71012200/71012200_2026_04.html
import,2026-04-01,2026,4,April,71012200,Cultured Pearls,Cultured pearls - worked,FRANCE,PARTNER,0.0,F,KGS,2026-08-20,Apr-2026  (F),gemstrategy_data/raw/import/71012200/71012200_2026_04.html
import,2026-04-01,2026,4,April,71012200,Cultured Pearls,Cultured pearls - worked,HONG KONG,PARTNER,0.16,F,KGS,2026-08-20,Apr-2026  (F),gemstrategy_data/raw/import/71012200/71012200_2026_04.html
import,2026-04-01,2026,4,April,71012200,Cultured Pearls,Cultured pearls - worked,JAPAN,PARTNER,0.02,F,KGS,2026-08-20,Apr-2026  (F),gemstrategy_data/raw/import/71012200/71012200_2026_04.html
import,2026-04-01,2026,4,April,71012200,Cultured Pearls,Cultured pearls - worked,MEXICO,PARTNER,0.0,F,KGS,2026-08-20,Apr-2026  (F),gemstrategy_data/raw/import/71012200/71012200_2026_04.html
import,2026-04-01,2026,4,April,71012200,Cultured Pearls,Cultured pearls - worked,SPAIN,PARTNER,0.0,F,KGS,2026-08-20,Apr-2026  (F),gemstrategy_data/raw/import/71012200/71012200_2026_04.html
import,2026-04-01,2026,4,April,71012200,Cultured Pearls,Cultured pearls - worked,THAILAND,PARTNER,0.0,F,KGS,2026-08-20,Apr-2026  (F),gemstrategy_data/raw/import/71012200/71012200_2026_04.html
import,2026-04-01,2026,4,April,71012200,Cultured Pearls,Cultured pearls - worked,U K,PARTNER,0.0,F,KGS,2026-08-20,Apr-2026  (F),gemstrategy_data/raw/import/71012200/71012200_2026_04.html
import,2026-04-01,2026,4,April,71012200,Cultured Pearls,Cultured pearls - worked,U S A,PARTNER,0.01,F,KGS,2026-08-20,Apr-2026  (F),gemstrategy_data/raw/import/71012200/71012200_2026_04.html
import,2026-04-01,2026,4,April,71012200,Cultured Pearls,Cultured pearls - worked,Total,TOTAL,0.32,F,KGS,2026-08-20,Apr-2026  (F),gemstrategy_data/raw/import/71012200/71012200_2026_04.html
import,2026-05-01,2026,5,May,71011010,Natural Pearls,Natural (real) pearls - unworked,CHINA P RP,PARTNER,0.0,F,KGS,2026-08-20,May-2026  (F),gemstrategy_data/raw/import/71011010/71011010_2026_05.html
import,2026-05-01,2026,5,May,71011010,Natural Pearls,Natural (real) pearls - unworked,FRANCE,PARTNER,0.0,F,KGS,2026-08-20,May-2026  (F),gemstrategy_data/raw/import/71011010/71011010_2026_05.html
import,2026-05-01,2026,5,May,71011010,Natural Pearls,Natural (real) pearls - unworked,HONG KONG,PARTNER,0.12,F,KGS,2026-08-20,May-2026  (F),gemstrategy_data/raw/import/71011010/71011010_2026_05.html
import,2026-05-01,2026,5,May,71011010,Natural Pearls,Natural (real) pearls - unworked,JAPAN,PARTNER,0.0,F,KGS,2026-08-20,May-2026  (F),gemstrategy_data/raw/import/71011010/71011010_2026_05.html
import,2026-05-01,2026,5,May,71011010,Natural Pearls,Natural (real) pearls - unworked,SPAIN,PARTNER,0.0,F,KGS,2026-08-20,May-2026  (F),gemstrategy_data/raw/import/71011010/71011010_2026_05.html
import,2026-05-01,2026,5,May,71011010,Natural Pearls,Natural (real) pearls - unworked,U S A,PARTNER,0.0,F,KGS,2026-08-20,May-2026  (F),gemstrategy_data/raw/import/71011010/71011010_2026_05.html
import,2026-05-01,2026,5,May,71011010,Natural Pearls,Natural (real) pearls - unworked,Total,TOTAL,0.13,F,KGS,2026-08-20,May-2026  (F),gemstrategy_data/raw/import/71011010/71011010_2026_05.html
import,2026-05-01,2026,5,May,71011020,Natural Pearls,Natural (real) pearls - worked,CHINA P RP,PARTNER,0.0,F,KGS,2026-08-20,May-2026  (F),gemstrategy_data/raw/import/71011020/71011020_2026_05.html
import,2026-05-01,2026,5,May,71011020,Natural Pearls,Natural (real) pearls - worked,HONG KONG,PARTNER,0.08,F,KGS,2026-08-20,May-2026  (F),gemstrategy_data/raw/import/71011020/71011020_2026_05.html
import,2026-05-01,2026,5,May,71011020,Natural Pearls,Natural (real) pearls - worked,INDONESIA,PARTNER,0.0,F,KGS,2026-08-20,May-2026  (F),gemstrategy_data/raw/import/71011020/71011020_2026_05.html
import,2026-05-01,2026,5,May,71011020,Natural Pearls,Natural (real) pearls - worked,JAPAN,PARTNER,0.0,F,KGS,2026-08-20,May-2026  (F),gemstrategy_data/raw/import/71011020/71011020_2026_05.html
import,2026-05-01,2026,5,May,71011020,Natural Pearls,Natural (real) pearls - worked,LITHUANIA,PARTNER,0.0,F,KGS,2026-08-20,May-2026  (F),gemstrategy_data/raw/import/71011020/71011020_2026_05.html
import,2026-05-01,2026,5,May,71011020,Natural Pearls,Natural (real) pearls - worked,SPAIN,PARTNER,0.0,F,KGS,2026-08-20,May-2026  (F),gemstrategy_data/raw/import/71011020/71011020_2026_05.html
import,2026-05-01,2026,5,May,71011020,Natural Pearls,Natural (real) pearls - worked,SWITZERLAND,PARTNER,0.04,F,KGS,2026-08-20,May-2026  (F),gemstrategy_data/raw/import/71011020/71011020_2026_05.html
import,2026-05-01,2026,5,May,71011020,Natural Pearls,Natural (real) pearls - worked,THAILAND,PARTNER,0.0,F,KGS,2026-08-20,May-2026  (F),gemstrategy_data/raw/import/71011020/71011020_2026_05.html
import,2026-05-01,2026,5,May,71011020,Natural Pearls,Natural (real) pearls - worked,U S A,PARTNER,0.0,F,KGS,2026-08-20,May-2026  (F),gemstrategy_data/raw/import/71011020/71011020_2026_05.html
import,2026-05-01,2026,5,May,71011020,Natural Pearls,Natural (real) pearls - worked,Total,TOTAL,0.13,F,KGS,2026-08-20,May-2026  (F),gemstrategy_data/raw/import/71011020/71011020_2026_05.html
import,2026-05-01,2026,5,May,71012100,Cultured Pearls,Cultured pearls - unworked,CHINA P RP,PARTNER,0.18,F,KGS,2026-08-20,May-2026  (F),gemstrategy_data/raw/import/71012100/71012100_2026_05.html
import,2026-05-01,2026,5,May,71012100,Cultured Pearls,Cultured pearls - unworked,HONG KONG,PARTNER,0.03,F,KGS,2026-08-20,May-2026  (F),gemstrategy_data/raw/import/71012100/71012100_2026_05.html
import,2026-05-01,2026,5,May,71012100,Cultured Pearls,Cultured pearls - unworked,INDONESIA,PARTNER,0.01,F,KGS,2026-08-20,May-2026  (F),gemstrategy_data/raw/import/71012100/71012100_2026_05.html
import,2026-05-01,2026,5,May,71012100,Cultured Pearls,Cultured pearls - unworked,JAPAN,PARTNER,0.08,F,KGS,2026-08-20,May-2026  (F),gemstrategy_data/raw/import/71012100/71012100_2026_05.html
import,2026-05-01,2026,5,May,71012100,Cultured Pearls,Cultured pearls - unworked,THAILAND,PARTNER,0.0,F,KGS,2026-08-20,May-2026  (F),gemstrategy_data/raw/import/71012100/71012100_2026_05.html
import,2026-05-01,2026,5,May,71012100,Cultured Pearls,Cultured pearls - unworked,U S A,PARTNER,0.0,F,KGS,2026-08-20,May-2026  (F),gemstrategy_data/raw/import/71012100/71012100_2026_05.html
import,2026-05-01,2026,5,May,71012100,Cultured Pearls,Cultured pearls - unworked,Total,TOTAL,0.31,F,KGS,2026-08-20,May-2026  (F),gemstrategy_data/raw/import/71012100/71012100_2026_05.html
import,2026-05-01,2026,5,May,71012200,Cultured Pearls,Cultured pearls - worked,BELGIUM,PARTNER,0.0,F,KGS,2026-08-20,May-2026  (F),gemstrategy_data/raw/import/71012200/71012200_2026_05.html
import,2026-05-01,2026,5,May,71012200,Cultured Pearls,Cultured pearls - worked,CANADA,PARTNER,0.0,F,KGS,2026-08-20,May-2026  (F),gemstrategy_data/raw/import/71012200/71012200_2026_05.html
import,2026-05-01,2026,5,May,71012200,Cultured Pearls,Cultured pearls - worked,CHINA P RP,PARTNER,0.05,F,KGS,2026-08-20,May-2026  (F),gemstrategy_data/raw/import/71012200/71012200_2026_05.html
import,2026-05-01,2026,5,May,71012200,Cultured Pearls,Cultured pearls - worked,FRANCE,PARTNER,0.0,F,KGS,2026-08-20,May-2026  (F),gemstrategy_data/raw/import/71012200/71012200_2026_05.html
import,2026-05-01,2026,5,May,71012200,Cultured Pearls,Cultured pearls - worked,GERMANY,PARTNER,0.0,F,KGS,2026-08-20,May-2026  (F),gemstrategy_data/raw/import/71012200/71012200_2026_05.html
import,2026-05-01,2026,5,May,71012200,Cultured Pearls,Cultured pearls - worked,HONG KONG,PARTNER,0.06,F,KGS,2026-08-20,May-2026  (F),gemstrategy_data/raw/import/71012200/71012200_2026_05.html
import,2026-05-01,2026,5,May,71012200,Cultured Pearls,Cultured pearls - worked,INDONESIA,PARTNER,0.0,F,KGS,2026-08-20,May-2026  (F),gemstrategy_data/raw/import/71012200/71012200_2026_05.html
import,2026-05-01,2026,5,May,71012200,Cultured Pearls,Cultured pearls - worked,ITALY,PARTNER,0.0,F,KGS,2026-08-20,May-2026  (F),gemstrategy_data/raw/import/71012200/71012200_2026_05.html
import,2026-05-01,2026,5,May,71012200,Cultured Pearls,Cultured pearls - worked,JAPAN,PARTNER,0.02,F,KGS,2026-08-20,May-2026  (F),gemstrategy_data/raw/import/71012200/71012200_2026_05.html
import,2026-05-01,2026,5,May,71012200,Cultured Pearls,Cultured pearls - worked,MEXICO,PARTNER,0.0,F,KGS,2026-08-20,May-2026  (F),gemstrategy_data/raw/import/71012200/71012200_2026_05.html
import,2026-05-01,2026,5,May,71012200,Cultured Pearls,Cultured pearls - worked,SPAIN,PARTNER,0.0,F,KGS,2026-08-20,May-2026  (F),gemstrategy_data/raw/import/71012200/71012200_2026_05.html
import,2026-05-01,2026,5,May,71012200,Cultured Pearls,Cultured pearls - worked,THAILAND,PARTNER,0.01,F,KGS,2026-08-20,May-2026  (F),gemstrategy_data/raw/import/71012200/71012200_2026_05.html
import,2026-05-01,2026,5,May,71012200,Cultured Pearls,Cultured pearls - worked,U ARAB EMTS,PARTNER,0.0,F,KGS,2026-08-20,May-2026  (F),gemstrategy_data/raw/import/71012200/71012200_2026_05.html
import,2026-05-01,2026,5,May,71012200,Cultured Pearls,Cultured pearls - worked,U K,PARTNER,0.0,F,KGS,2026-08-20,May-2026  (F),gemstrategy_data/raw/import/71012200/71012200_2026_05.html
import,2026-05-01,2026,5,May,71012200,Cultured Pearls,Cultured pearls - worked,U S A,PARTNER,0.07,F,KGS,2026-08-20,May-2026  (F),gemstrategy_data/raw/import/71012200/71012200_2026_05.html
import,2026-05-01,2026,5,May,71012200,Cultured Pearls,Cultured pearls - worked,Total,TOTAL,0.22,F,KGS,2026-08-20,May-2026  (F),gemstrategy_data/raw/import/71012200/71012200_2026_05.html
import,2026-06-01,2026,6,June,71011010,Natural Pearls,Natural (real) pearls - unworked,CHINA P RP,PARTNER,0.0,F,KGS,2026-08-20,Jun-2026  (F),gemstrategy_data/raw/import/71011010/71011010_2026_06.html
import,2026-06-01,2026,6,June,71011010,Natural Pearls,Natural (real) pearls - unworked,FRANCE,PARTNER,0.0,F,KGS,2026-08-20,Jun-2026  (F),gemstrategy_data/raw/import/71011010/71011010_2026_06.html
import,2026-06-01,2026,6,June,71011010,Natural Pearls,Natural (real) pearls - unworked,HONG KONG,PARTNER,0.04,F,KGS,2026-08-20,Jun-2026  (F),gemstrategy_data/raw/import/71011010/71011010_2026_06.html
import,2026-06-01,2026,6,June,71011010,Natural Pearls,Natural (real) pearls - unworked,INDONESIA,PARTNER,0.01,F,KGS,2026-08-20,Jun-2026  (F),gemstrategy_data/raw/import/71011010/71011010_2026_06.html
import,2026-06-01,2026,6,June,71011010,Natural Pearls,Natural (real) pearls - unworked,JAPAN,PARTNER,0.07,F,KGS,2026-08-20,Jun-2026  (F),gemstrategy_data/raw/import/71011010/71011010_2026_06.html
import,2026-06-01,2026,6,June,71011010,Natural Pearls,Natural (real) pearls - unworked,SPAIN,PARTNER,0.0,F,KGS,2026-08-20,Jun-2026  (F),gemstrategy_data/raw/import/71011010/71011010_2026_06.html
import,2026-06-01,2026,6,June,71011010,Natural Pearls,Natural (real) pearls - unworked,U ARAB EMTS,PARTNER,0.0,F,KGS,2026-08-20,Jun-2026  (F),gemstrategy_data/raw/import/71011010/71011010_2026_06.html
import,2026-06-01,2026,6,June,71011010,Natural Pearls,Natural (real) pearls - unworked,U S A,PARTNER,0.0,F,KGS,2026-08-20,Jun-2026  (F),gemstrategy_data/raw/import/71011010/71011010_2026_06.html
import,2026-06-01,2026,6,June,71011010,Natural Pearls,Natural (real) pearls - unworked,Total,TOTAL,0.13,F,KGS,2026-08-20,Jun-2026  (F),gemstrategy_data/raw/import/71011010/71011010_2026_06.html
import,2026-06-01,2026,6,June,71011020,Natural Pearls,Natural (real) pearls - worked,CHINA P RP,PARTNER,0.0,F,KGS,2026-08-20,Jun-2026  (F),gemstrategy_data/raw/import/71011020/71011020_2026_06.html
import,2026-06-01,2026,6,June,71011020,Natural Pearls,Natural (real) pearls - worked,HONG KONG,PARTNER,0.01,F,KGS,2026-08-20,Jun-2026  (F),gemstrategy_data/raw/import/71011020/71011020_2026_06.html
import,2026-06-01,2026,6,June,71011020,Natural Pearls,Natural (real) pearls - worked,INDONESIA,PARTNER,0.0,F,KGS,2026-08-20,Jun-2026  (F),gemstrategy_data/raw/import/71011020/71011020_2026_06.html
import,2026-06-01,2026,6,June,71011020,Natural Pearls,Natural (real) pearls - worked,JAPAN,PARTNER,0.0,F,KGS,2026-08-20,Jun-2026  (F),gemstrategy_data/raw/import/71011020/71011020_2026_06.html
import,2026-06-01,2026,6,June,71011020,Natural Pearls,Natural (real) pearls - worked,LITHUANIA,PARTNER,0.0,F,KGS,2026-08-20,Jun-2026  (F),gemstrategy_data/raw/import/71011020/71011020_2026_06.html
import,2026-06-01,2026,6,June,71011020,Natural Pearls,Natural (real) pearls - worked,SPAIN,PARTNER,0.0,F,KGS,2026-08-20,Jun-2026  (F),gemstrategy_data/raw/import/71011020/71011020_2026_06.html
import,2026-06-01,2026,6,June,71011020,Natural Pearls,Natural (real) pearls - worked,SWITZERLAND,PARTNER,0.0,F,KGS,2026-08-20,Jun-2026  (F),gemstrategy_data/raw/import/71011020/71011020_2026_06.html
import,2026-06-01,2026,6,June,71011020,Natural Pearls,Natural (real) pearls - worked,THAILAND,PARTNER,0.0,F,KGS,2026-08-20,Jun-2026  (F),gemstrategy_data/raw/import/71011020/71011020_2026_06.html
import,2026-06-01,2026,6,June,71011020,Natural Pearls,Natural (real) pearls - worked,U ARAB EMTS,PARTNER,0.0,F,KGS,2026-08-20,Jun-2026  (F),gemstrategy_data/raw/import/71011020/71011020_2026_06.html
import,2026-06-01,2026,6,June,71011020,Natural Pearls,Natural (real) pearls - worked,U S A,PARTNER,0.0,F,KGS,2026-08-20,Jun-2026  (F),gemstrategy_data/raw/import/71011020/71011020_2026_06.html
import,2026-06-01,2026,6,June,71011020,Natural Pearls,Natural (real) pearls - worked,Total,TOTAL,0.01,F,KGS,2026-08-20,Jun-2026  (F),gemstrategy_data/raw/import/71011020/71011020_2026_06.html
import,2026-06-01,2026,6,June,71012100,Cultured Pearls,Cultured pearls - unworked,CHINA P RP,PARTNER,0.48,F,KGS,2026-08-25,Jun-2026  (F),gemstrategy_data/raw/import/71012100/71012100_2026_06.html
import,2026-06-01,2026,6,June,71012100,Cultured Pearls,Cultured pearls - unworked,HONG KONG,PARTNER,0.35,F,KGS,2026-08-25,Jun-2026  (F),gemstrategy_data/raw/import/71012100/71012100_2026_06.html
import,2026-06-01,2026,6,June,71012100,Cultured Pearls,Cultured pearls - unworked,INDONESIA,PARTNER,0.04,F,KGS,2026-08-25,Jun-2026  (F),gemstrategy_data/raw/import/71012100/71012100_2026_06.html
import,2026-06-01,2026,6,June,71012100,Cultured Pearls,Cultured pearls - unworked,JAPAN,PARTNER,0.06,F,KGS,2026-08-25,Jun-2026  (F),gemstrategy_data/raw/import/71012100/71012100_2026_06.html
import,2026-06-01,2026,6,June,71012100,Cultured Pearls,Cultured pearls - unworked,THAILAND,PARTNER,0.0,F,KGS,2026-08-25,Jun-2026  (F),gemstrategy_data/raw/import/71012100/71012100_2026_06.html
import,2026-06-01,2026,6,June,71012100,Cultured Pearls,Cultured pearls - unworked,U ARAB EMTS,PARTNER,0.0,F,KGS,2026-08-25,Jun-2026  (F),gemstrategy_data/raw/import/71012100/71012100_2026_06.html
import,2026-06-01,2026,6,June,71012100,Cultured Pearls,Cultured pearls - unworked,U S A,PARTNER,0.0,F,KGS,2026-08-25,Jun-2026  (F),gemstrategy_data/raw/import/71012100/71012100_2026_06.html
import,2026-06-01,2026,6,June,71012100,Cultured Pearls,Cultured pearls - unworked,Total,TOTAL,0.94,F,KGS,2026-08-25,Jun-2026  (F),gemstrategy_data/raw/import/71012100/71012100_2026_06.html
import,2026-06-01,2026,6,June,71012200,Cultured Pearls,Cultured pearls - worked,AUSTRALIA,PARTNER,0.01,F,KGS,2026-08-20,Jun-2026  (F),gemstrategy_data/raw/import/71012200/71012200_2026_06.html
import,2026-06-01,2026,6,June,71012200,Cultured Pearls,Cultured pearls - worked,BELGIUM,PARTNER,0.0,F,KGS,2026-08-20,Jun-2026  (F),gemstrategy_data/raw/import/71012200/71012200_2026_06.html
import,2026-06-01,2026,6,June,71012200,Cultured Pearls,Cultured pearls - worked,CANADA,PARTNER,0.0,F,KGS,2026-08-20,Jun-2026  (F),gemstrategy_data/raw/import/71012200/71012200_2026_06.html
import,2026-06-01,2026,6,June,71012200,Cultured Pearls,Cultured pearls - worked,CHINA P RP,PARTNER,0.04,F,KGS,2026-08-20,Jun-2026  (F),gemstrategy_data/raw/import/71012200/71012200_2026_06.html
import,2026-06-01,2026,6,June,71012200,Cultured Pearls,Cultured pearls - worked,FRANCE,PARTNER,0.0,F,KGS,2026-08-20,Jun-2026  (F),gemstrategy_data/raw/import/71012200/71012200_2026_06.html
import,2026-06-01,2026,6,June,71012200,Cultured Pearls,Cultured pearls - worked,GERMANY,PARTNER,0.0,F,KGS,2026-08-20,Jun-2026  (F),gemstrategy_data/raw/import/71012200/71012200_2026_06.html
import,2026-06-01,2026,6,June,71012200,Cultured Pearls,Cultured pearls - worked,HONG KONG,PARTNER,0.43,F,KGS,2026-08-20,Jun-2026  (F),gemstrategy_data/raw/import/71012200/71012200_2026_06.html
import,2026-06-01,2026,6,June,71012200,Cultured Pearls,Cultured pearls - worked,INDONESIA,PARTNER,0.0,F,KGS,2026-08-20,Jun-2026  (F),gemstrategy_data/raw/import/71012200/71012200_2026_06.html
import,2026-06-01,2026,6,June,71012200,Cultured Pearls,Cultured pearls - worked,ITALY,PARTNER,0.0,F,KGS,2026-08-20,Jun-2026  (F),gemstrategy_data/raw/import/71012200/71012200_2026_06.html
import,2026-06-01,2026,6,June,71012200,Cultured Pearls,Cultured pearls - worked,JAPAN,PARTNER,0.01,F,KGS,2026-08-20,Jun-2026  (F),gemstrategy_data/raw/import/71012200/71012200_2026_06.html
import,2026-06-01,2026,6,June,71012200,Cultured Pearls,Cultured pearls - worked,MEXICO,PARTNER,0.0,F,KGS,2026-08-20,Jun-2026  (F),gemstrategy_data/raw/import/71012200/71012200_2026_06.html
import,2026-06-01,2026,6,June,71012200,Cultured Pearls,Cultured pearls - worked,SPAIN,PARTNER,0.0,F,KGS,2026-08-20,Jun-2026  (F),gemstrategy_data/raw/import/71012200/71012200_2026_06.html
import,2026-06-01,2026,6,June,71012200,Cultured Pearls,Cultured pearls - worked,THAILAND,PARTNER,0.01,F,KGS,2026-08-20,Jun-2026  (F),gemstrategy_data/raw/import/71012200/71012200_2026_06.html
import,2026-06-01,2026,6,June,71012200,Cultured Pearls,Cultured pearls - worked,U ARAB EMTS,PARTNER,0.0,F,KGS,2026-08-20,Jun-2026  (F),gemstrategy_data/raw/import/71012200/71012200_2026_06.html
import,2026-06-01,2026,6,June,71012200,Cultured Pearls,Cultured pearls - worked,U K,PARTNER,0.0,F,KGS,2026-08-20,Jun-2026  (F),gemstrategy_data/raw/import/71012200/71012200_2026_06.html
import,2026-06-01,2026,6,June,71012200,Cultured Pearls,Cultured pearls - worked,U S A,PARTNER,0.08,F,KGS,2026-08-20,Jun-2026  (F),gemstrategy_data/raw/import/71012200/71012200_2026_06.html
import,2026-06-01,2026,6,June,71012200,Cultured Pearls,Cultured pearls - worked,Total,TOTAL,0.58,F,KGS,2026-08-20,Jun-2026  (F),gemstrategy_data/raw/import/71012200/71012200_2026_06.html
